time,temperature_2m,relative_humidity_2m,pressure_msl,wind_speed_10m,wind_direction_10m,precipitation,pm2_5,pm10,carbon_monoxide,nitrogen_dioxide,sulphur_dioxide,ozone,us_aqi,city,fetched_at,hour,day_of_week,month,aqi_lag_6h,aqi_lag_12h,aqi_lag_24h,aqi_rolling_6h,aqi_rolling_12h,aqi_rolling_24h,pm25_rolling_6h,pm25_rolling_24h,pm10_rolling_6h,pm10_rolling_24h,aqi_change_24h,aqi_target_24h,aqi_target_48h,aqi_target_72h
2026-04-23 00:00:00,20.0,16,1014.6,11.0,66,0.0,5.1,16.6,124.0,0.1,0.4,79.0,47,Umerkot,2026-07-23 16:34:56.886994+00:00,0,3,4,59.0,56.0,58.0,51.333333333333336,53.916666666666664,55.791666666666664,4.333333333333333,8.141666666666667,12.966666666666669,31.795833333333334,-11.0,44.0,40.0,64.0
2026-04-23 01:00:00,18.9,17,1014.1,11.2,79,0.0,6.0,19.8,123.0,0.1,0.4,77.0,45,Umerkot,2026-07-23 16:34:56.886994+00:00,1,3,4,57.0,56.0,58.0,49.333333333333336,53.0,55.25,4.583333333333333,7.925,14.033333333333333,31.19583333333333,-13.0,42.0,38.0,65.0
2026-04-23 02:00:00,17.6,18,1013.6,10.3,77,0.0,6.8,22.9,121.0,0.1,0.4,74.0,44,Umerkot,2026-07-23 16:34:56.886994+00:00,2,3,4,54.0,55.0,58.0,47.666666666666664,52.083333333333336,54.666666666666664,4.983333333333333,7.7625,15.566666666666668,30.737499999999997,-14.0,40.0,36.0,65.0
2026-04-23 03:00:00,17.0,18,1013.1,10.8,85,0.0,7.3,25.2,120.0,0.1,0.4,72.0,43,Umerkot,2026-07-23 16:34:56.886994+00:00,3,3,4,51.0,55.0,58.0,46.333333333333336,51.083333333333336,54.041666666666664,5.533333333333334,7.637499999999999,17.8,30.329166666666666,-15.0,38.0,35.0,66.0
2026-04-23 04:00:00,15.6,20,1012.8,11.0,104,0.0,7.7,26.5,120.0,0.1,0.4,72.0,42,Umerkot,2026-07-23 16:34:56.886994+00:00,4,3,4,50.0,55.0,58.0,45.0,50.0,53.375,6.166666666666667,7.545833333333334,20.466666666666665,29.920833333333334,-16.0,36.0,33.0,66.0
2026-04-23 05:00:00,14.7,21,1012.6,11.6,114,0.0,7.9,26.7,120.0,0.1,0.4,73.0,42,Umerkot,2026-07-23 16:34:56.886994+00:00,5,3,4,49.0,59.0,58.0,43.833333333333336,48.583333333333336,52.708333333333336,6.8,7.483333333333333,22.95,29.47916666666666,-16.0,35.0,32.0,67.0
2026-04-23 06:00:00,13.9,23,1012.7,12.6,115,0.0,8.6,28.8,121.0,0.1,0.5,77.0,42,Umerkot,2026-07-23 16:34:56.886994+00:00,6,3,4,47.0,59.0,58.0,43.0,47.166666666666664,52.041666666666664,7.383333333333333,7.445833333333334,24.983333333333334,28.825,-16.0,35.0,31.0,68.0
2026-04-23 07:00:00,13.1,26,1013.0,12.3,128,0.0,10.5,38.0,123.0,0.1,0.6,87.0,41,Umerkot,2026-07-23 16:34:56.886994+00:00,7,3,4,45.0,57.0,58.0,42.333333333333336,45.833333333333336,51.333333333333336,8.133333333333333,7.454166666666667,28.016666666666666,27.875,-17.0,35.0,30.0,68.0
2026-04-23 08:00:00,14.7,23,1013.6,11.3,143,0.0,11.0,39.8,125.0,0.1,0.8,101.0,41,Umerkot,2026-07-23 16:34:56.886994+00:00,8,3,4,44.0,54.0,58.0,41.833333333333336,44.75,50.625,8.833333333333334,7.45,30.833333333333332,26.854166666666668,-17.0,34.0,30.0,68.0
2026-04-23 09:00:00,18.8,18,1014.2,10.5,145,0.0,10.6,35.4,127.0,0.1,0.9,111.0,41,Umerkot,2026-07-23 16:34:56.886994+00:00,9,3,4,43.0,51.0,58.0,41.5,43.916666666666664,49.916666666666664,9.383333333333335,7.3999999999999995,32.53333333333333,25.97083333333333,-17.0,35.0,30.0,67.0
2026-04-23 10:00:00,22.5,15,1014.7,11.8,144,0.0,9.5,29.9,128.0,0.1,1.0,114.0,41,Umerkot,2026-07-23 16:34:56.886994+00:00,10,3,4,42.0,50.0,57.0,41.333333333333336,43.166666666666664,49.25,9.683333333333334,7.295833333333333,33.1,25.100000000000005,-16.0,37.0,30.0,66.0
2026-04-23 11:00:00,24.9,14,1014.5,14.5,126,0.0,9.7,27.5,128.0,0.1,1.1,114.0,41,Umerkot,2026-07-23 16:34:56.886994+00:00,11,3,4,42.0,49.0,57.0,41.166666666666664,42.5,48.583333333333336,9.983333333333333,7.208333333333333,33.233333333333334,24.325000000000003,-16.0,40.0,33.0,65.0
2026-04-23 12:00:00,26.3,12,1014.1,14.5,122,0.0,4.5,13.3,129.0,0.1,1.1,115.0,43,Umerkot,2026-07-23 16:34:56.886994+00:00,12,3,4,42.0,47.0,56.0,41.333333333333336,42.166666666666664,48.041666666666664,9.299999999999999,7.016666666666667,30.650000000000002,23.420833333333334,-13.0,43.0,38.0,65.0
2026-04-23 13:00:00,27.5,11,1013.3,12.6,116,0.0,4.1,11.6,130.0,0.1,1.1,116.0,46,Umerkot,2026-07-23 16:34:56.886994+00:00,13,3,4,41.0,45.0,56.0,42.166666666666664,42.25,47.625,8.233333333333333,6.8374999999999995,26.25,22.59166666666667,-10.0,46.0,46.0,65.0
2026-04-23 14:00:00,28.3,10,1012.1,10.2,100,0.0,4.0,10.8,131.0,0.1,1.1,118.0,48,Umerkot,2026-07-23 16:34:56.886994+00:00,14,3,4,41.0,44.0,55.0,43.333333333333336,42.583333333333336,47.333333333333336,7.066666666666666,6.679166666666666,21.416666666666668,21.84583333333333,-7.0,48.0,51.0,65.0
2026-04-23 15:00:00,28.5,10,1011.3,8.8,88,0.0,4.1,10.4,132.0,0.1,1.1,117.0,53,Umerkot,2026-07-23 16:34:56.886994+00:00,15,3,4,41.0,43.0,55.0,45.333333333333336,43.416666666666664,47.25,5.983333333333333,6.545833333333334,17.25,21.175,-2.0,51.0,53.0,66.0
2026-04-23 16:00:00,28.9,9,1010.4,8.5,89,0.0,4.1,10.2,132.0,0.1,1.2,113.0,59,Umerkot,2026-07-23 16:34:56.886994+00:00,16,3,4,41.0,42.0,55.0,48.333333333333336,44.833333333333336,47.416666666666664,5.083333333333333,6.429166666666667,13.966666666666667,20.5625,4.0,57.0,55.0,67.0
2026-04-23 17:00:00,29.1,8,1009.8,7.9,87,0.0,4.2,9.7,131.0,0.1,1.3,108.0,62,Umerkot,2026-07-23 16:34:56.886994+00:00,17,3,4,41.0,42.0,59.0,51.833333333333336,46.5,47.541666666666664,4.166666666666666,6.333333333333333,11.0,20.04583333333333,3.0,58.0,56.0,68.0
2026-04-23 18:00:00,28.8,8,1009.4,7.4,83,0.0,4.4,9.0,131.0,0.1,1.5,102.0,61,Umerkot,2026-07-23 16:34:56.886994+00:00,18,3,4,43.0,42.0,59.0,54.833333333333336,48.083333333333336,47.625,4.15,6.291666666666667,10.283333333333333,19.72083333333333,2.0,56.0,58.0,69.0
2026-04-23 19:00:00,28.3,8,1009.5,9.6,74,0.0,4.8,9.3,131.0,0.1,1.8,97.0,59,Umerkot,2026-07-23 16:34:56.886994+00:00,19,3,4,46.0,41.0,57.0,57.0,49.583333333333336,47.708333333333336,4.266666666666667,6.304166666666667,9.9,19.55,2.0,52.0,59.0,70.0
2026-04-23 20:00:00,26.8,9,1009.5,11.4,74,0.0,5.2,10.1,130.0,0.1,2.1,92.0,55,Umerkot,2026-07-23 16:34:56.886994+00:00,20,3,4,48.0,41.0,54.0,58.166666666666664,50.75,47.75,4.466666666666667,6.3374999999999995,9.783333333333333,19.400000000000002,1.0,49.0,60.0,71.0
2026-04-23 21:00:00,25.4,11,1010.2,12.3,76,0.0,5.5,10.8,130.0,0.1,2.3,87.0,50,Umerkot,2026-07-23 16:34:56.886994+00:00,21,3,4,53.0,41.0,51.0,57.666666666666664,51.5,47.708333333333336,4.7,6.3999999999999995,9.85,19.35833333333333,-1.0,47.0,61.0,72.0
2026-04-23 22:00:00,24.1,12,1010.4,12.5,78,0.0,5.8,11.3,130.0,0.1,2.4,83.0,48,Umerkot,2026-07-23 16:34:56.886994+00:00,22,3,4,59.0,41.0,50.0,55.833333333333336,52.083333333333336,47.625,4.983333333333333,6.479166666666667,10.033333333333333,19.391666666666666,-2.0,45.0,62.0,72.0
2026-04-23 23:00:00,22.8,13,1010.6,14.7,79,0.0,5.9,11.8,130.0,0.1,2.4,79.0,46,Umerkot,2026-07-23 16:34:56.886994+00:00,23,3,4,62.0,41.0,49.0,53.166666666666664,52.5,47.5,5.266666666666667,6.554166666666666,10.383333333333335,19.391666666666666,-3.0,43.0,63.0,72.0
2026-04-24 00:00:00,21.7,14,1010.7,14.9,89,0.0,5.7,11.8,129.0,0.1,2.2,73.0,44,Umerkot,2026-07-23 16:34:56.886994+00:00,0,4,4,61.0,43.0,47.0,50.333333333333336,52.583333333333336,47.375,5.483333333333333,6.579166666666667,10.850000000000001,19.191666666666666,-3.0,40.0,64.0,72.0
2026-04-24 01:00:00,20.5,15,1010.5,13.7,92,0.0,5.8,12.7,127.0,0.1,2.1,70.0,42,Umerkot,2026-07-23 16:34:56.886994+00:00,1,4,4,59.0,46.0,45.0,47.5,52.25,47.25,5.650000000000001,6.570833333333333,11.416666666666666,18.895833333333332,-3.0,38.0,65.0,71.0
2026-04-24 02:00:00,19.3,17,1010.2,12.5,106,0.0,5.8,13.7,124.0,0.1,1.9,66.0,40,Umerkot,2026-07-23 16:34:56.886994+00:00,2,4,4,55.0,48.0,44.0,45.0,51.583333333333336,47.083333333333336,5.75,6.529166666666666,12.016666666666667,18.5125,-4.0,36.0,65.0,71.0
2026-04-24 03:00:00,18.5,18,1009.9,13.2,116,0.0,5.8,15.0,122.0,0.1,1.8,65.0,38,Umerkot,2026-07-23 16:34:56.886994+00:00,3,4,4,50.0,53.0,43.0,43.0,50.333333333333336,46.875,5.8,6.466666666666668,12.716666666666667,18.0875,-5.0,35.0,66.0,70.0
2026-04-24 04:00:00,17.3,20,1009.5,12.5,120,0.0,5.7,16.3,120.0,0.1,1.7,67.0,36,Umerkot,2026-07-23 16:34:56.886994+00:00,4,4,4,48.0,59.0,42.0,41.0,48.416666666666664,46.625,5.783333333333334,6.383333333333333,13.550000000000002,17.662499999999998,-6.0,33.0,66.0,70.0
2026-04-24 05:00:00,16.5,22,1009.5,12.9,130,0.0,5.8,17.6,119.0,0.1,1.7,71.0,35,Umerkot,2026-07-23 16:34:56.886994+00:00,5,4,4,46.0,62.0,42.0,39.166666666666664,46.166666666666664,46.333333333333336,5.766666666666667,6.295833333333334,14.516666666666667,17.283333333333335,-7.0,32.0,67.0,70.0
2026-04-24 06:00:00,16.0,23,1009.7,14.7,138,0.0,6.8,21.9,119.0,0.1,1.7,77.0,35,Umerkot,2026-07-23 16:34:56.886994+00:00,6,4,4,44.0,61.0,42.0,37.666666666666664,44.0,46.041666666666664,5.95,6.220833333333332,16.2,16.995833333333334,-7.0,31.0,68.0,69.0
2026-04-24 07:00:00,15.6,24,1009.9,14.5,135,0.0,8.2,28.5,120.0,0.1,1.8,88.0,35,Umerkot,2026-07-23 16:34:56.886994+00:00,7,4,4,42.0,59.0,41.0,36.5,42.0,45.791666666666664,6.349999999999999,6.125,18.833333333333332,16.599999999999998,-6.0,30.0,68.0,68.0
2026-04-24 08:00:00,17.4,21,1010.4,14.3,135,0.0,9.7,38.0,121.0,0.1,1.9,101.0,34,Umerkot,2026-07-23 16:34:56.886994+00:00,8,4,4,40.0,55.0,41.0,35.5,40.25,45.5,7.0,6.070833333333333,22.883333333333336,16.525000000000002,-7.0,30.0,68.0,67.0
2026-04-24 09:00:00,20.8,17,1011.0,12.4,137,0.0,9.4,36.1,122.0,0.1,1.9,110.0,35,Umerkot,2026-07-23 16:34:56.886994+00:00,9,4,4,38.0,50.0,41.0,35.0,39.0,45.25,7.599999999999999,6.020833333333333,26.400000000000002,16.554166666666667,-6.0,30.0,67.0,68.0
2026-04-24 10:00:00,23.9,14,1011.2,16.6,146,0.0,7.8,26.7,123.0,0.1,1.7,113.0,37,Umerkot,2026-07-23 16:34:56.886994+00:00,10,4,4,36.0,48.0,41.0,35.166666666666664,38.083333333333336,45.083333333333336,7.95,5.949999999999999,28.13333333333333,16.420833333333334,-4.0,30.0,66.0,69.0
2026-04-24 11:00:00,27.2,11,1010.8,22.5,151,0.0,6.8,22.8,123.0,0.1,1.3,113.0,40,Umerkot,2026-07-23 16:34:56.886994+00:00,11,4,4,35.0,46.0,41.0,36.0,37.583333333333336,45.041666666666664,8.116666666666665,5.829166666666667,29.0,16.225,-1.0,33.0,65.0,70.0
2026-04-24 12:00:00,29.2,9,1010.3,21.7,159,0.0,0.0,0.0,123.0,0.1,0.9,114.0,43,Umerkot,2026-07-23 16:34:56.886994+00:00,12,4,4,35.0,44.0,43.0,37.333333333333336,37.5,45.041666666666664,6.983333333333333,5.641666666666667,25.349999999999998,15.670833333333334,0.0,38.0,65.0,69.0
2026-04-24 13:00:00,30.4,8,1009.2,17.5,171,0.0,0.2,0.8,123.0,0.1,0.8,114.0,46,Umerkot,2026-07-23 16:34:56.886994+00:00,13,4,4,35.0,42.0,46.0,39.166666666666664,37.833333333333336,45.041666666666664,5.650000000000001,5.479166666666667,20.73333333333333,15.220833333333333,0.0,46.0,65.0,68.0
2026-04-24 14:00:00,31.3,7,1008.1,14.3,185,0.0,0.7,3.2,123.0,0.1,0.8,115.0,48,Umerkot,2026-07-23 16:34:56.886994+00:00,14,4,4,34.0,40.0,48.0,41.5,38.5,45.041666666666664,4.1499999999999995,5.341666666666666,14.933333333333335,14.904166666666669,0.0,51.0,65.0,66.0
2026-04-24 15:00:00,31.2,6,1007.5,4.3,213,0.0,1.2,6.7,122.0,0.1,0.7,113.0,51,Umerkot,2026-07-23 16:34:56.886994+00:00,15,4,4,35.0,38.0,53.0,44.166666666666664,39.583333333333336,44.958333333333336,2.783333333333333,5.220833333333333,10.033333333333333,14.75,-2.0,53.0,66.0,64.0
2026-04-24 16:00:00,32.2,5,1006.7,10.5,273,0.0,1.5,9.4,121.0,0.1,0.7,108.0,57,Umerkot,2026-07-23 16:34:56.886994+00:00,16,4,4,37.0,36.0,59.0,47.5,41.333333333333336,44.875,1.7333333333333332,5.1125,7.1499999999999995,14.716666666666667,-2.0,55.0,67.0,62.0
2026-04-24 17:00:00,32.1,5,1006.1,20.4,274,0.0,1.5,9.0,120.0,0.1,0.7,100.0,58,Umerkot,2026-07-23 16:34:56.886994+00:00,17,4,4,40.0,35.0,62.0,50.5,43.25,44.708333333333336,0.85,5.0,4.8500000000000005,14.6875,-4.0,56.0,68.0,59.0
2026-04-24 18:00:00,31.4,5,1006.1,20.8,276,0.0,1.2,5.5,119.0,0.1,0.7,93.0,56,Umerkot,2026-07-23 16:34:56.886994+00:00,18,4,4,43.0,35.0,61.0,52.666666666666664,45.0,44.5,1.05,4.866666666666666,5.766666666666667,14.541666666666666,-5.0,58.0,69.0,57.0
2026-04-24 19:00:00,30.6,6,1006.6,16.5,288,0.0,1.2,5.2,116.0,0.1,0.7,87.0,52,Umerkot,2026-07-23 16:34:56.886994+00:00,19,4,4,46.0,35.0,59.0,53.666666666666664,46.416666666666664,44.208333333333336,1.2166666666666666,4.716666666666667,6.500000000000001,14.370833333333335,-7.0,59.0,70.0,55.0
2026-04-24 20:00:00,28.8,7,1007.2,11.4,307,0.0,1.2,5.4,113.0,0.1,0.7,83.0,49,Umerkot,2026-07-23 16:34:56.886994+00:00,20,4,4,48.0,34.0,55.0,53.833333333333336,47.666666666666664,43.958333333333336,1.2999999999999998,4.55,6.866666666666667,14.174999999999999,-6.0,60.0,71.0,53.0
2026-04-24 21:00:00,27.0,9,1007.6,7.2,328,0.0,1.2,5.0,111.0,0.1,0.7,78.0,47,Umerkot,2026-07-23 16:34:56.886994+00:00,21,4,4,51.0,35.0,50.0,53.166666666666664,48.666666666666664,43.833333333333336,1.3,4.370833333333333,6.583333333333333,13.933333333333335,-3.0,61.0,72.0,51.0
2026-04-24 22:00:00,26.3,10,1008.4,4.9,354,0.0,1.0,3.9,111.0,0.1,0.7,74.0,45,Umerkot,2026-07-23 16:34:56.886994+00:00,22,4,4,57.0,37.0,48.0,51.166666666666664,49.333333333333336,43.708333333333336,1.2166666666666666,4.170833333333333,5.666666666666667,13.625,-3.0,62.0,72.0,49.0
2026-04-24 23:00:00,25.4,11,1008.7,5.9,70,0.0,0.8,2.7,112.0,0.1,0.8,70.0,43,Umerkot,2026-07-23 16:34:56.886994+00:00,23,4,4,58.0,40.0,46.0,48.666666666666664,49.583333333333336,43.583333333333336,1.0999999999999999,3.9583333333333335,4.616666666666666,13.245833333333335,-3.0,63.0,72.0,47.0
2026-04-25 00:00:00,23.3,11,1008.9,11.9,119,0.0,0.4,1.8,113.0,0.1,1.1,73.0,40,Umerkot,2026-07-23 16:34:56.886994+00:00,0,5,4,56.0,43.0,44.0,46.0,49.333333333333336,43.416666666666664,0.9666666666666667,3.7374999999999994,4.0,12.829166666666666,-4.0,64.0,72.0,46.0
2026-04-25 01:00:00,21.7,13,1008.8,9.4,128,0.0,0.3,1.0,114.0,0.1,1.0,70.0,38,Umerkot,2026-07-23 16:34:56.886994+00:00,1,5,4,52.0,46.0,42.0,43.666666666666664,48.666666666666664,43.25,0.8166666666666665,3.508333333333333,3.3000000000000003,12.341666666666667,-4.0,65.0,71.0,46.0
2026-04-25 02:00:00,21.1,15,1008.5,6.4,106,0.0,0.2,0.8,116.0,0.1,1.0,66.0,36,Umerkot,2026-07-23 16:34:56.886994+00:00,2,5,4,49.0,48.0,40.0,41.5,47.666666666666664,43.083333333333336,0.65,3.275,2.533333333333333,11.804166666666667,-4.0,65.0,71.0,47.0
2026-04-25 03:00:00,20.0,15,1007.7,14.0,148,0.0,0.2,0.6,116.0,0.1,0.9,62.0,35,Umerkot,2026-07-23 16:34:56.886994+00:00,3,5,4,47.0,51.0,38.0,39.5,46.333333333333336,42.958333333333336,0.4833333333333334,3.0416666666666665,1.7999999999999998,11.204166666666667,-3.0,66.0,70.0,47.0
2026-04-25 04:00:00,19.1,16,1007.5,11.8,144,0.0,0.1,0.6,114.0,0.1,0.9,59.0,33,Umerkot,2026-07-23 16:34:56.886994+00:00,4,5,4,45.0,57.0,36.0,37.5,44.333333333333336,42.833333333333336,0.3333333333333333,2.808333333333333,1.2500000000000002,10.55,-3.0,66.0,70.0,48.0
2026-04-25 05:00:00,18.5,17,1007.7,12.5,147,0.0,0.3,0.9,111.0,0.1,1.0,57.0,32,Umerkot,2026-07-23 16:34:56.886994+00:00,5,5,4,43.0,58.0,35.0,35.666666666666664,42.166666666666664,42.708333333333336,0.25,2.5791666666666666,0.9500000000000001,9.854166666666668,-3.0,67.0,70.0,48.0
2026-04-25 06:00:00,17.7,17,1008.1,12.9,152,0.0,2.6,9.2,110.0,0.1,1.0,58.0,31,Umerkot,2026-07-23 16:34:56.886994+00:00,6,5,4,40.0,56.0,35.0,34.166666666666664,40.083333333333336,42.541666666666664,0.6166666666666667,2.4041666666666663,2.183333333333333,9.325000000000001,-4.0,68.0,69.0,49.0
2026-04-25 07:00:00,16.8,19,1008.8,5.2,248,0.0,17.6,84.3,115.0,0.1,0.9,64.0,30,Umerkot,2026-07-23 16:34:56.886994+00:00,7,5,4,38.0,52.0,35.0,32.833333333333336,38.25,42.333333333333336,3.5,2.795833333333333,16.066666666666666,11.65,-5.0,68.0,68.0,49.0
2026-04-25 08:00:00,17.2,20,1010.6,17.6,319,0.0,30.4,149.5,122.0,0.1,0.7,73.0,30,Umerkot,2026-07-23 16:34:56.886994+00:00,8,5,4,36.0,49.0,34.0,31.833333333333332,36.666666666666664,42.166666666666664,8.533333333333333,3.658333333333333,40.85,16.295833333333334,-4.0,68.0,67.0,47.0
2026-04-25 09:00:00,18.8,40,1011.4,14.8,308,0.0,35.2,174.2,127.0,0.1,0.5,81.0,30,Umerkot,2026-07-23 16:34:56.886994+00:00,9,5,4,35.0,47.0,35.0,31.0,35.25,41.958333333333336,14.366666666666667,4.733333333333333,69.78333333333333,22.05,-5.0,67.0,68.0,43.0
2026-04-25 10:00:00,21.2,48,1011.9,20.5,331,0.0,34.7,174.2,128.0,0.1,0.5,86.0,30,Umerkot,2026-07-23 16:34:56.886994+00:00,10,5,4,33.0,45.0,37.0,30.5,34.0,41.666666666666664,20.133333333333336,5.854166666666667,98.71666666666665,28.195833333333336,-7.0,66.0,69.0,40.0
2026-04-25 11:00:00,23.5,40,1012.2,21.9,343,0.0,31.9,159.3,128.0,0.1,0.5,90.0,33,Umerkot,2026-07-23 16:34:56.886994+00:00,11,5,4,32.0,43.0,40.0,30.666666666666668,33.166666666666664,41.375,25.400000000000002,6.900000000000001,125.11666666666667,33.88333333333333,-7.0,65.0,70.0,40.0
2026-04-25 12:00:00,25.2,35,1012.2,22.6,347,0.0,31.8,164.4,127.0,0.1,0.4,96.0,38,Umerkot,2026-07-23 16:34:56.886994+00:00,12,5,4,31.0,40.0,43.0,31.833333333333332,33.0,41.166666666666664,30.26666666666667,8.225,150.98333333333332,40.733333333333334,-5.0,65.0,69.0,41.0
2026-04-25 13:00:00,26.8,31,1011.6,22.5,350,0.0,28.4,143.4,127.0,0.1,0.4,96.0,46,Umerkot,2026-07-23 16:34:56.886994+00:00,13,5,4,30.0,38.0,46.0,34.5,33.666666666666664,41.166666666666664,32.06666666666667,9.4,160.83333333333334,46.675000000000004,0.0,65.0,68.0,42.0
2026-04-25 14:00:00,28.0,29,1011.1,21.0,351,0.0,25.8,129.0,127.0,0.1,0.4,97.0,51,Umerkot,2026-07-23 16:34:56.886994+00:00,14,5,4,30.0,36.0,48.0,38.0,34.916666666666664,41.291666666666664,31.3,10.445833333333335,157.41666666666666,51.916666666666664,3.0,65.0,66.0,44.0
2026-04-25 15:00:00,28.1,29,1011.4,21.6,342,0.0,24.0,119.0,127.0,0.1,0.5,97.0,53,Umerkot,2026-07-23 16:34:56.886994+00:00,15,5,4,30.0,35.0,51.0,41.833333333333336,36.416666666666664,41.375,29.433333333333334,11.395833333333334,148.21666666666667,56.59583333333334,2.0,66.0,64.0,45.0
2026-04-25 16:00:00,28.5,28,1010.8,20.9,339,0.0,22.4,112.7,127.0,0.1,0.8,97.0,55,Umerkot,2026-07-23 16:34:56.886994+00:00,16,5,4,30.0,33.0,57.0,46.0,38.25,41.291666666666664,27.38333333333333,12.266666666666666,137.96666666666667,60.900000000000006,-2.0,67.0,62.0,46.0
2026-04-25 17:00:00,28.1,27,1010.6,21.4,338,0.0,20.7,104.8,126.0,0.1,1.1,97.0,56,Umerkot,2026-07-23 16:34:56.886994+00:00,17,5,4,33.0,32.0,58.0,49.833333333333336,40.25,41.208333333333336,25.516666666666666,13.066666666666665,128.88333333333333,64.89166666666667,-2.0,68.0,59.0,46.0
2026-04-25 18:00:00,27.5,26,1010.7,21.8,339,0.0,18.3,86.4,126.0,0.1,1.4,97.0,58,Umerkot,2026-07-23 16:34:56.886994+00:00,18,5,4,38.0,31.0,56.0,53.166666666666664,42.5,41.291666666666664,23.266666666666666,13.779166666666667,115.88333333333333,68.2625,2.0,69.0,57.0,46.0
2026-04-25 19:00:00,26.4,26,1011.4,22.2,340,0.0,16.1,74.0,126.0,0.1,1.5,96.0,59,Umerkot,2026-07-23 16:34:56.886994+00:00,19,5,4,46.0,30.0,52.0,55.333333333333336,44.916666666666664,41.583333333333336,21.21666666666667,14.4,104.31666666666666,71.12916666666666,7.0,70.0,55.0,46.0
2026-04-25 20:00:00,25.1,27,1012.2,20.8,346,0.0,14.5,66.6,126.0,0.1,1.6,95.0,60,Umerkot,2026-07-23 16:34:56.886994+00:00,20,5,4,51.0,30.0,49.0,56.833333333333336,47.416666666666664,42.041666666666664,19.333333333333332,14.954166666666667,93.91666666666667,73.67916666666667,11.0,71.0,53.0,45.0
2026-04-25 21:00:00,23.9,28,1013.0,19.4,353,0.0,13.4,63.3,127.0,0.1,1.6,93.0,61,Umerkot,2026-07-23 16:34:56.886994+00:00,21,5,4,53.0,30.0,47.0,58.166666666666664,50.0,42.625,17.566666666666666,15.462499999999999,84.63333333333334,76.10833333333333,14.0,72.0,51.0,44.0
2026-04-25 22:00:00,22.8,28,1014.1,19.0,347,0.0,12.3,57.2,129.0,0.1,1.5,91.0,62,Umerkot,2026-07-23 16:34:56.886994+00:00,22,5,4,55.0,30.0,45.0,59.333333333333336,52.666666666666664,43.333333333333336,15.883333333333333,15.933333333333332,75.38333333333334,78.32916666666667,17.0,72.0,49.0,42.0
2026-04-25 23:00:00,21.5,28,1014.8,19.0,345,0.0,11.0,47.8,132.0,0.1,1.3,89.0,63,Umerkot,2026-07-23 16:34:56.886994+00:00,23,5,4,56.0,33.0,43.0,60.5,55.166666666666664,44.166666666666664,14.266666666666666,16.358333333333334,65.88333333333334,80.20833333333333,20.0,72.0,47.0,40.0
2026-04-26 00:00:00,20.4,28,1015.2,18.1,343,0.0,10.0,39.7,134.0,0.1,1.1,87.0,64,Umerkot,2026-07-23 16:34:56.886994+00:00,0,6,4,58.0,38.0,40.0,61.5,57.333333333333336,45.166666666666664,12.883333333333333,16.758333333333333,58.099999999999994,81.78750000000001,24.0,72.0,46.0,38.0
2026-04-26 01:00:00,19.2,30,1015.2,16.8,342,0.0,8.6,27.5,133.0,0.1,1.1,84.0,65,Umerkot,2026-07-23 16:34:56.886994+00:00,1,6,4,59.0,46.0,38.0,62.5,58.916666666666664,46.291666666666664,11.633333333333333,17.104166666666668,50.35,82.89166666666667,27.0,71.0,46.0,36.0
2026-04-26 02:00:00,18.3,32,1015.1,16.7,341,0.0,7.9,24.4,131.0,0.1,1.0,79.0,65,Umerkot,2026-07-23 16:34:56.886994+00:00,2,6,4,60.0,51.0,36.0,63.333333333333336,60.083333333333336,47.5,10.533333333333333,17.425,43.31666666666666,83.875,29.0,71.0,47.0,34.0
2026-04-26 03:00:00,17.4,34,1015.4,16.7,340,0.0,7.7,26.4,130.0,0.1,1.0,76.0,66,Umerkot,2026-07-23 16:34:56.886994+00:00,3,6,4,61.0,53.0,35.0,64.16666666666667,61.166666666666664,48.791666666666664,9.583333333333334,17.7375,37.166666666666664,84.95,31.0,70.0,47.0,32.0
2026-04-26 04:00:00,16.2,37,1015.4,15.1,342,0.0,7.8,31.5,131.0,0.1,1.0,75.0,66,Umerkot,2026-07-23 16:34:56.886994+00:00,4,6,4,62.0,55.0,33.0,64.83333333333333,62.083333333333336,50.166666666666664,8.833333333333334,18.058333333333334,32.88333333333333,86.2375,33.0,70.0,48.0,31.0
2026-04-26 05:00:00,15.3,41,1015.9,13.0,342,0.0,8.1,38.1,132.0,0.1,0.9,75.0,67,Umerkot,2026-07-23 16:34:56.886994+00:00,5,6,4,63.0,56.0,32.0,65.5,63.0,51.625,8.35,18.383333333333336,31.266666666666666,87.78750000000001,35.0,70.0,48.0,29.0
2026-04-26 06:00:00,14.3,45,1016.3,11.8,340,0.0,9.9,61.2,134.0,0.1,0.9,79.0,68,Umerkot,2026-07-23 16:34:56.886994+00:00,6,6,4,64.0,58.0,31.0,66.16666666666667,63.833333333333336,53.166666666666664,8.333333333333334,18.6875,34.85,89.95416666666667,37.0,69.0,49.0,29.0
2026-04-26 07:00:00,13.4,48,1017.2,10.7,337,0.0,13.7,106.9,136.0,0.1,0.9,89.0,68,Umerkot,2026-07-23 16:34:56.886994+00:00,7,6,4,65.0,59.0,30.0,66.66666666666667,64.58333333333333,54.75,9.183333333333334,18.525,48.083333333333336,90.89583333333333,38.0,68.0,49.0,30.0
2026-04-26 08:00:00,14.5,46,1018.1,9.3,333,0.0,15.7,125.7,138.0,0.1,0.8,101.0,68,Umerkot,2026-07-23 16:34:56.886994+00:00,8,6,4,65.0,60.0,30.0,67.16666666666667,65.25,56.333333333333336,10.483333333333333,17.912499999999998,64.96666666666667,89.90416666666665,38.0,67.0,47.0,30.0
2026-04-26 09:00:00,16.6,39,1019.1,10.2,332,0.0,15.5,122.5,139.0,0.1,0.8,111.0,67,Umerkot,2026-07-23 16:34:56.886994+00:00,9,6,4,66.0,61.0,30.0,67.33333333333333,65.75,57.875,11.783333333333333,17.091666666666665,80.98333333333333,87.75,37.0,68.0,43.0,30.0
2026-04-26 10:00:00,19.0,33,1019.2,12.4,341,0.0,15.9,124.3,140.0,0.1,0.8,115.0,66,Umerkot,2026-07-23 16:34:56.886994+00:00,10,6,4,66.0,62.0,30.0,67.33333333333333,66.08333333333333,59.375,13.133333333333333,16.308333333333334,96.45,85.67083333333333,36.0,69.0,40.0,32.0
2026-04-26 11:00:00,20.9,29,1019.0,14.9,349,0.0,17.3,135.0,141.0,0.1,0.7,116.0,65,Umerkot,2026-07-23 16:34:56.886994+00:00,11,6,4,67.0,63.0,33.0,67.0,66.25,60.708333333333336,14.666666666666666,15.700000000000001,112.59999999999998,84.65833333333333,32.0,70.0,40.0,34.0
2026-04-26 12:00:00,22.2,25,1019.0,15.8,341,0.0,20.5,160.7,141.0,0.1,0.5,117.0,65,Umerkot,2026-07-23 16:34:56.886994+00:00,12,6,4,68.0,64.0,38.0,66.5,66.33333333333333,61.833333333333336,16.433333333333334,15.229166666666666,129.18333333333334,84.50416666666666,27.0,69.0,41.0,36.0
2026-04-26 13:00:00,23.4,23,1018.5,16.2,336,0.0,22.2,168.1,141.0,0.1,0.5,117.0,65,Umerkot,2026-07-23 16:34:56.886994+00:00,13,6,4,68.0,65.0,46.0,66.0,66.33333333333333,62.625,17.849999999999998,14.970833333333333,139.38333333333335,85.53333333333332,19.0,68.0,42.0,39.0
2026-04-26 14:00:00,24.5,20,1017.8,17.0,330,0.0,22.9,168.1,142.0,0.1,0.4,117.0,65,Umerkot,2026-07-23 16:34:56.886994+00:00,14,6,4,68.0,65.0,51.0,65.5,66.33333333333333,63.208333333333336,19.05,14.85,146.45000000000002,87.16250000000001,14.0,66.0,44.0,41.0
2026-04-26 15:00:00,25.1,18,1017.3,18.8,336,0.0,23.2,166.2,142.0,0.1,0.4,116.0,66,Umerkot,2026-07-23 16:34:56.886994+00:00,15,6,4,67.0,66.0,53.0,65.33333333333333,66.33333333333333,63.75,20.333333333333332,14.816666666666665,153.73333333333332,89.12916666666666,13.0,64.0,45.0,42.0
2026-04-26 16:00:00,25.7,17,1016.3,20.0,338,0.0,23.2,164.8,142.0,0.1,0.4,113.0,67,Umerkot,2026-07-23 16:34:56.886994+00:00,16,6,4,66.0,66.0,55.0,65.5,66.41666666666667,64.25,21.55,14.850000000000001,160.48333333333332,91.3,12.0,62.0,46.0,43.0
2026-04-26 17:00:00,25.7,17,1015.6,20.7,341,0.0,22.7,155.5,143.0,0.1,0.4,109.0,68,Umerkot,2026-07-23 16:34:56.886994+00:00,17,6,4,65.0,67.0,56.0,66.0,66.5,64.75,22.45,14.933333333333335,163.89999999999998,93.41250000000001,12.0,59.0,46.0,44.0
2026-04-26 18:00:00,25.3,17,1015.5,20.2,343,0.0,20.8,127.6,143.0,0.1,0.4,105.0,69,Umerkot,2026-07-23 16:34:56.886994+00:00,18,6,4,65.0,68.0,58.0,66.66666666666667,66.58333333333333,65.20833333333333,22.5,15.037500000000001,158.38333333333333,95.12916666666666,11.0,57.0,46.0,43.0
2026-04-26 19:00:00,24.5,17,1015.9,20.1,345,0.0,19.4,113.2,143.0,0.1,0.5,102.0,70,Umerkot,2026-07-23 16:34:56.886994+00:00,19,6,4,65.0,68.0,59.0,67.5,66.75,65.66666666666667,22.03333333333333,15.174999999999999,149.23333333333332,96.7625,11.0,55.0,46.0,42.0
2026-04-26 20:00:00,23.3,19,1016.3,18.1,355,0.0,17.3,97.6,142.0,0.1,0.5,99.0,71,Umerkot,2026-07-23 16:34:56.886994+00:00,20,6,4,65.0,68.0,60.0,68.5,67.0,66.125,21.099999999999998,15.291666666666666,137.48333333333332,98.05416666666667,11.0,53.0,45.0,41.0
2026-04-26 21:00:00,22.3,21,1017.1,17.3,1,0.0,14.5,77.3,141.0,0.1,0.6,96.0,72,Umerkot,2026-07-23 16:34:56.886994+00:00,21,6,4,66.0,67.0,61.0,69.5,67.41666666666667,66.58333333333333,19.650000000000002,15.3375,122.66666666666667,98.6375,11.0,51.0,44.0,39.0
2026-04-26 22:00:00,21.2,23,1017.9,16.8,355,0.0,11.6,55.2,139.0,0.1,0.6,93.0,72,Umerkot,2026-07-23 16:34:56.886994+00:00,22,6,4,67.0,66.0,62.0,70.33333333333333,67.91666666666667,67.0,17.716666666666665,15.308333333333332,104.40000000000002,98.55416666666667,10.0,49.0,42.0,38.0
2026-04-26 23:00:00,20.0,24,1018.4,16.3,354,0.0,8.9,34.5,138.0,0.1,0.7,90.0,72,Umerkot,2026-07-23 16:34:56.886994+00:00,23,6,4,68.0,65.0,63.0,71.0,68.5,67.375,15.416666666666666,15.220833333333333,84.23333333333333,98.0,9.0,47.0,40.0,36.0
2026-04-27 00:00:00,18.9,25,1018.9,16.5,352,0.0,6.8,17.5,136.0,0.1,0.7,85.0,72,Umerkot,2026-07-23 16:34:56.886994+00:00,0,0,4,69.0,65.0,64.0,71.5,69.08333333333333,67.70833333333333,13.083333333333334,15.0875,65.88333333333333,97.075,8.0,46.0,38.0,34.0
2026-04-27 01:00:00,17.6,27,1018.8,14.3,353,0.0,5.9,12.6,135.0,0.1,0.7,84.0,71,Umerkot,2026-07-23 16:34:56.886994+00:00,1,0,4,70.0,65.0,65.0,71.66666666666667,69.58333333333333,67.95833333333333,10.833333333333334,14.975,49.11666666666667,96.45416666666667,6.0,46.0,36.0,32.0
2026-04-27 02:00:00,16.4,29,1018.5,13.5,355,0.0,5.3,9.7,134.0,0.1,0.7,82.0,71,Umerkot,2026-07-23 16:34:56.886994+00:00,2,0,4,71.0,65.0,65.0,71.66666666666667,70.08333333333333,68.20833333333333,8.833333333333334,14.866666666666667,34.46666666666667,95.84166666666668,6.0,47.0,34.0,31.0
2026-04-27 03:00:00,15.1,32,1018.2,11.5,360,0.0,4.8,8.3,133.0,0.1,0.7,82.0,70,Umerkot,2026-07-23 16:34:56.886994+00:00,3,0,4,72.0,66.0,66.0,71.33333333333333,70.41666666666667,68.375,7.216666666666668,14.745833333333335,22.96666666666667,95.08749999999999,4.0,47.0,32.0,30.0
2026-04-27 04:00:00,13.8,35,1018.1,9.5,1,0.0,4.6,8.4,133.0,0.1,0.7,83.0,70,Umerkot,2026-07-23 16:34:56.886994+00:00,4,0,4,72.0,67.0,66.0,71.0,70.66666666666667,68.54166666666667,6.050000000000001,14.612499999999999,15.166666666666666,94.125,4.0,48.0,31.0,28.0
2026-04-27 05:00:00,13.1,37,1018.2,6.9,353,0.0,4.9,10.2,133.0,0.1,0.7,86.0,70,Umerkot,2026-07-23 16:34:56.886994+00:00,5,0,4,72.0,68.0,67.0,70.66666666666667,70.83333333333333,68.66666666666667,5.383333333333333,14.479166666666666,11.116666666666667,92.96249999999999,3.0,48.0,29.0,28.0
2026-04-27 06:00:00,12.7,38,1018.3,3.9,317,0.0,5.5,16.0,133.0,0.1,0.7,90.0,69,Umerkot,2026-07-23 16:34:56.886994+00:00,6,0,4,72.0,69.0,68.0,70.16666666666667,70.83333333333333,68.70833333333333,5.166666666666667,14.295833333333334,10.866666666666667,91.07916666666665,1.0,49.0,29.0,27.0
2026-04-27 07:00:00,12.2,39,1018.9,5.3,298,0.0,9.9,65.2,134.0,0.1,0.8,97.0,68,Umerkot,2026-07-23 16:34:56.886994+00:00,7,0,4,71.0,70.0,68.0,69.66666666666667,70.66666666666667,68.70833333333333,5.833333333333333,14.137500000000001,19.633333333333336,89.34166666666668,0.0,49.0,30.0,27.0
2026-04-27 08:00:00,13.6,35,1019.7,8.0,301,0.0,18.5,163.0,135.0,0.1,0.9,107.0,67,Umerkot,2026-07-23 16:34:56.886994+00:00,8,0,4,71.0,71.0,68.0,69.0,70.33333333333333,68.66666666666667,8.033333333333333,14.254166666666668,45.18333333333334,90.89583333333333,-1.0,47.0,30.0,28.0
2026-04-27 09:00:00,16.7,29,1020.1,6.8,305,0.0,19.6,172.3,136.0,0.1,1.0,113.0,68,Umerkot,2026-07-23 16:34:56.886994+00:00,9,0,4,70.0,72.0,67.0,68.66666666666667,70.0,68.70833333333333,10.5,14.425000000000002,72.51666666666667,92.97083333333332,1.0,43.0,30.0,29.0
2026-04-27 10:00:00,19.4,26,1020.3,9.2,321,0.0,18.1,152.3,137.0,0.1,1.0,114.0,69,Umerkot,2026-07-23 16:34:56.886994+00:00,10,0,4,70.0,72.0,66.0,68.5,69.75,68.83333333333333,12.75,14.516666666666666,96.5,94.1375,3.0,40.0,32.0,30.0
2026-04-27 11:00:00,21.4,24,1019.9,13.9,343,0.0,16.2,130.4,138.0,0.1,0.9,112.0,70,Umerkot,2026-07-23 16:34:56.886994+00:00,11,0,4,70.0,72.0,65.0,68.5,69.58333333333333,69.04166666666667,14.633333333333333,14.470833333333331,116.53333333333335,93.94583333333334,5.0,40.0,34.0,32.0
2026-04-27 12:00:00,22.8,23,1020.1,15.1,345,0.0,11.8,97.8,138.0,0.1,0.9,112.0,69,Umerkot,2026-07-23 16:34:56.886994+00:00,12,0,4,69.0,72.0,65.0,68.5,69.33333333333333,69.20833333333333,15.683333333333332,14.108333333333333,130.16666666666666,91.32499999999999,4.0,41.0,36.0,34.0
2026-04-27 13:00:00,24.1,22,1019.3,15.8,341,0.0,10.4,82.4,137.0,0.1,0.9,112.0,68,Umerkot,2026-07-23 16:34:56.886994+00:00,13,0,4,68.0,71.0,65.0,68.5,69.08333333333333,69.33333333333333,15.766666666666667,13.616666666666667,133.03333333333333,87.75416666666666,3.0,42.0,39.0,35.0
2026-04-27 14:00:00,25.0,21,1018.2,16.7,342,0.0,9.1,67.8,136.0,0.1,1.0,113.0,66,Umerkot,2026-07-23 16:34:56.886994+00:00,14,0,4,67.0,71.0,65.0,68.33333333333333,68.66666666666667,69.375,14.200000000000001,13.041666666666666,117.16666666666669,83.575,1.0,44.0,41.0,37.0
2026-04-27 15:00:00,25.6,21,1017.2,18.4,352,0.0,7.9,55.1,135.0,0.1,1.1,112.0,64,Umerkot,2026-07-23 16:34:56.886994+00:00,15,0,4,68.0,70.0,66.0,67.66666666666667,68.16666666666667,69.29166666666667,12.25,12.404166666666669,97.63333333333334,78.94583333333334,-2.0,45.0,42.0,38.0
2026-04-27 16:00:00,25.9,21,1016.4,19.7,356,0.0,6.9,43.9,133.0,0.1,1.2,111.0,62,Umerkot,2026-07-23 16:34:56.886994+00:00,16,0,4,69.0,70.0,67.0,66.5,67.5,69.08333333333333,10.383333333333335,11.725,79.56666666666668,73.90833333333335,-5.0,46.0,43.0,39.0
2026-04-27 17:00:00,26.0,20,1015.9,20.4,358,0.0,5.8,32.9,131.0,0.1,1.3,108.0,59,Umerkot,2026-07-23 16:34:56.886994+00:00,17,0,4,70.0,70.0,68.0,64.66666666666667,66.58333333333333,68.70833333333333,8.65,11.020833333333334,63.31666666666667,68.8,-9.0,46.0,44.0,39.0
2026-04-27 18:00:00,25.6,20,1015.9,21.2,1,0.0,4.8,21.1,129.0,0.1,1.4,105.0,57,Umerkot,2026-07-23 16:34:56.886994+00:00,18,0,4,69.0,69.0,69.0,62.666666666666664,65.58333333333333,68.20833333333333,7.483333333333333,10.354166666666666,50.53333333333334,64.3625,-12.0,46.0,43.0,38.0
2026-04-27 19:00:00,24.8,21,1015.9,21.2,1,0.0,4.0,12.7,127.0,0.1,1.4,99.0,55,Umerkot,2026-07-23 16:34:56.886994+00:00,19,0,4,68.0,68.0,70.0,60.5,64.5,67.58333333333333,6.416666666666667,9.7125,38.91666666666667,60.175000000000004,-15.0,46.0,42.0,38.0
2026-04-27 20:00:00,23.9,22,1016.1,16.5,10,0.0,3.6,10.2,125.0,0.1,1.3,92.0,53,Umerkot,2026-07-23 16:34:56.886994+00:00,20,0,4,66.0,67.0,71.0,58.333333333333336,63.333333333333336,66.83333333333333,5.5,9.141666666666667,29.316666666666674,56.53333333333333,-18.0,45.0,41.0,37.0
2026-04-27 21:00:00,22.8,25,1016.8,14.3,20,0.0,3.6,10.3,124.0,0.1,1.2,87.0,51,Umerkot,2026-07-23 16:34:56.886994+00:00,21,0,4,64.0,68.0,72.0,56.166666666666664,61.916666666666664,65.95833333333333,4.783333333333334,8.6875,21.850000000000005,53.74166666666667,-21.0,44.0,39.0,36.0
2026-04-27 22:00:00,21.6,27,1017.5,12.7,23,0.0,3.9,11.8,123.0,0.1,1.2,84.0,49,Umerkot,2026-07-23 16:34:56.886994+00:00,22,0,4,62.0,69.0,72.0,54.0,60.25,65.0,4.283333333333333,8.366666666666667,16.500000000000004,51.93333333333334,-23.0,42.0,38.0,35.0
2026-04-27 23:00:00,20.5,29,1018.3,11.5,27,0.0,4.3,14.1,123.0,0.1,1.1,83.0,47,Umerkot,2026-07-23 16:34:56.886994+00:00,23,0,4,59.0,70.0,72.0,52.0,58.333333333333336,63.958333333333336,4.033333333333333,8.174999999999999,13.366666666666669,51.083333333333336,-25.0,40.0,36.0,33.0
2026-04-28 00:00:00,19.4,33,1018.3,9.3,34,0.0,4.6,16.6,123.0,0.1,1.0,81.0,46,Umerkot,2026-07-23 16:34:56.886994+00:00,0,1,4,57.0,69.0,72.0,50.166666666666664,56.416666666666664,62.875,4.0,8.083333333333334,12.616666666666672,51.04583333333333,-26.0,38.0,34.0,32.0
2026-04-28 01:00:00,18.5,37,1018.0,7.3,16,0.0,4.9,19.0,123.0,0.1,1.0,82.0,46,Umerkot,2026-07-23 16:34:56.886994+00:00,1,1,4,55.0,68.0,71.0,48.666666666666664,54.583333333333336,61.833333333333336,4.1499999999999995,8.041666666666666,13.666666666666671,51.3125,-25.0,36.0,32.0,31.0
2026-04-28 02:00:00,17.9,39,1017.5,6.7,354,0.0,5.2,21.0,122.0,0.1,1.1,83.0,47,Umerkot,2026-07-23 16:34:56.886994+00:00,2,1,4,53.0,66.0,71.0,47.666666666666664,53.0,60.833333333333336,4.416666666666667,8.0375,15.466666666666674,51.78333333333333,-24.0,34.0,31.0,30.0
2026-04-28 03:00:00,17.2,41,1017.1,7.4,13,0.0,5.4,22.6,122.0,0.1,1.1,83.0,47,Umerkot,2026-07-23 16:34:56.886994+00:00,3,1,4,51.0,64.0,70.0,47.0,51.583333333333336,59.875,4.716666666666667,8.0625,17.51666666666667,52.37916666666667,-23.0,32.0,30.0,29.0
2026-04-28 04:00:00,16.2,44,1016.7,7.1,34,0.0,5.6,23.7,121.0,0.1,1.1,82.0,48,Umerkot,2026-07-23 16:34:56.886994+00:00,4,1,4,49.0,62.0,70.0,46.833333333333336,50.416666666666664,58.958333333333336,5.0,8.104166666666668,19.500000000000004,53.01666666666667,-22.0,31.0,28.0,29.0
2026-04-28 05:00:00,15.7,46,1016.5,5.2,46,0.0,5.7,24.5,120.0,0.1,1.1,80.0,48,Umerkot,2026-07-23 16:34:56.886994+00:00,5,1,4,47.0,59.0,70.0,47.0,49.5,58.041666666666664,5.233333333333333,8.137500000000001,21.233333333333338,53.612500000000004,-22.0,29.0,28.0,28.0
2026-04-28 06:00:00,15.4,48,1016.3,2.4,132,0.0,5.4,21.5,120.0,0.1,1.1,80.0,49,Umerkot,2026-07-23 16:34:56.886994+00:00,6,1,4,46.0,57.0,69.0,47.5,48.833333333333336,57.208333333333336,5.366666666666667,8.133333333333335,22.050000000000008,53.84166666666667,-20.0,29.0,27.0,27.0
2026-04-28 07:00:00,14.9,49,1016.7,4.3,195,0.0,5.6,24.7,122.0,0.1,1.1,85.0,49,Umerkot,2026-07-23 16:34:56.886994+00:00,7,1,4,46.0,55.0,68.0,48.0,48.333333333333336,56.416666666666664,5.483333333333333,7.954166666666667,23.000000000000004,52.15416666666667,-19.0,30.0,27.0,26.0
2026-04-28 08:00:00,16.1,46,1017.2,4.9,204,0.0,7.3,42.8,126.0,0.0,1.1,92.0,47,Umerkot,2026-07-23 16:34:56.886994+00:00,8,1,4,47.0,53.0,67.0,48.0,47.833333333333336,55.583333333333336,5.833333333333333,7.487500000000001,26.633333333333336,47.145833333333336,-20.0,30.0,28.0,26.0
2026-04-28 09:00:00,19.0,38,1017.9,2.1,195,0.0,8.7,55.6,128.0,0.0,1.1,97.0,43,Umerkot,2026-07-23 16:34:56.886994+00:00,9,1,4,47.0,51.0,68.0,47.333333333333336,47.166666666666664,54.541666666666664,6.383333333333333,7.033333333333334,32.13333333333334,42.28333333333333,-25.0,30.0,29.0,26.0
2026-04-28 10:00:00,21.6,33,1018.2,0.7,346,0.0,9.3,60.3,129.0,0.0,1.0,99.0,40,Umerkot,2026-07-23 16:34:56.886994+00:00,10,1,4,48.0,49.0,69.0,46.0,46.416666666666664,53.333333333333336,7.0,6.666666666666667,38.233333333333334,38.449999999999996,-29.0,32.0,30.0,29.0
2026-04-28 11:00:00,23.7,29,1018.1,7.0,40,0.0,9.3,60.3,128.0,0.0,1.0,99.0,40,Umerkot,2026-07-23 16:34:56.886994+00:00,11,1,4,48.0,47.0,70.0,44.666666666666664,45.833333333333336,52.083333333333336,7.6000000000000005,6.379166666666666,44.199999999999996,35.52916666666667,-30.0,34.0,32.0,34.0
2026-04-28 12:00:00,24.8,27,1017.8,7.4,47,0.0,3.6,23.1,128.0,0.0,0.9,100.0,41,Umerkot,2026-07-23 16:34:56.886994+00:00,12,1,4,49.0,46.0,69.0,43.333333333333336,45.416666666666664,50.916666666666664,7.300000000000001,6.0375000000000005,44.46666666666667,32.416666666666664,-28.0,36.0,34.0,38.0
2026-04-28 13:00:00,25.8,25,1017.2,6.8,50,0.0,3.5,22.1,127.0,0.0,0.9,101.0,42,Umerkot,2026-07-23 16:34:56.886994+00:00,13,1,4,49.0,46.0,68.0,42.166666666666664,45.083333333333336,49.833333333333336,6.95,5.75,44.03333333333334,29.904166666666665,-26.0,39.0,35.0,42.0
2026-04-28 14:00:00,26.7,23,1016.3,6.2,52,0.0,3.4,21.6,127.0,0.1,0.8,101.0,44,Umerkot,2026-07-23 16:34:56.886994+00:00,14,1,4,47.0,47.0,66.0,41.666666666666664,44.833333333333336,48.916666666666664,6.3,5.512499999999999,40.5,27.979166666666668,-22.0,41.0,37.0,46.0
2026-04-28 15:00:00,27.5,20,1015.6,8.4,23,0.0,3.4,21.3,126.0,0.1,0.8,101.0,45,Umerkot,2026-07-23 16:34:56.886994+00:00,15,1,4,43.0,47.0,64.0,42.0,44.666666666666664,48.125,5.416666666666667,5.325,34.78333333333334,26.570833333333336,-19.0,42.0,38.0,50.0
2026-04-28 16:00:00,28.0,19,1014.9,9.1,15,0.0,3.5,21.0,126.0,0.1,0.8,99.0,46,Umerkot,2026-07-23 16:34:56.886994+00:00,16,1,4,40.0,48.0,62.0,43.0,44.5,47.458333333333336,4.45,5.183333333333334,28.233333333333338,25.61666666666667,-16.0,43.0,39.0,53.0
2026-04-28 17:00:00,28.2,18,1014.4,9.9,16,0.0,3.5,20.5,125.0,0.1,0.7,95.0,46,Umerkot,2026-07-23 16:34:56.886994+00:00,17,1,4,40.0,48.0,59.0,44.0,44.333333333333336,46.916666666666664,3.483333333333333,5.0875,21.600000000000005,25.100000000000005,-13.0,44.0,39.0,56.0
2026-04-28 18:00:00,27.9,18,1014.3,10.8,18,0.0,3.4,18.4,125.0,0.1,0.7,91.0,46,Umerkot,2026-07-23 16:34:56.886994+00:00,18,1,4,41.0,49.0,57.0,44.833333333333336,44.083333333333336,46.458333333333336,3.4499999999999997,5.029166666666666,20.816666666666674,24.9875,-11.0,43.0,38.0,59.0
2026-04-28 19:00:00,27.5,19,1014.5,9.9,16,0.0,3.5,17.7,124.0,0.1,0.7,85.0,46,Umerkot,2026-07-23 16:34:56.886994+00:00,19,1,4,42.0,49.0,55.0,45.5,43.833333333333336,46.083333333333336,3.4499999999999997,5.008333333333333,20.08333333333334,25.19583333333333,-9.0,42.0,38.0,61.0
2026-04-28 20:00:00,26.8,20,1014.7,9.1,27,0.0,3.8,19.4,123.0,0.1,0.6,79.0,45,Umerkot,2026-07-23 16:34:56.886994+00:00,20,1,4,44.0,47.0,53.0,45.666666666666664,43.666666666666664,45.75,3.516666666666667,5.016666666666667,19.716666666666672,25.57916666666667,-8.0,41.0,37.0,64.0
2026-04-28 21:00:00,25.8,21,1015.1,9.7,56,0.0,4.2,22.5,122.0,0.1,0.6,73.0,44,Umerkot,2026-07-23 16:34:56.886994+00:00,21,1,4,45.0,43.0,51.0,45.5,43.75,45.458333333333336,3.6500000000000004,5.041666666666667,19.91666666666667,26.087500000000002,-7.0,39.0,36.0,66.0
2026-04-28 22:00:00,24.8,22,1015.6,10.9,78,0.0,4.6,25.6,123.0,0.1,0.6,69.0,42,Umerkot,2026-07-23 16:34:56.886994+00:00,22,1,4,46.0,40.0,49.0,44.833333333333336,43.916666666666664,45.166666666666664,3.8333333333333335,5.070833333333334,20.683333333333337,26.662499999999998,-7.0,38.0,35.0,67.0
2026-04-28 23:00:00,23.7,24,1016.2,9.4,85,0.0,5.0,29.0,124.0,0.1,0.6,67.0,40,Umerkot,2026-07-23 16:34:56.886994+00:00,23,1,4,46.0,40.0,47.0,43.833333333333336,43.916666666666664,44.875,4.083333333333333,5.1000000000000005,22.100000000000005,27.28333333333333,-7.0,36.0,33.0,69.0
2026-04-29 00:00:00,22.6,27,1016.4,7.9,78,0.0,5.7,34.6,125.0,0.1,0.6,64.0,38,Umerkot,2026-07-23 16:34:56.886994+00:00,0,2,4,46.0,41.0,46.0,42.5,43.666666666666664,44.541666666666664,4.466666666666666,5.145833333333333,24.8,28.03333333333333,-8.0,34.0,32.0,70.0
2026-04-29 01:00:00,21.5,29,1016.2,9.2,74,0.0,5.9,37.3,124.0,0.1,0.6,62.0,36,Umerkot,2026-07-23 16:34:56.886994+00:00,1,2,4,46.0,42.0,46.0,40.833333333333336,43.166666666666664,44.125,4.866666666666666,5.1875,28.066666666666674,28.795833333333334,-10.0,32.0,31.0,71.0
2026-04-29 02:00:00,20.3,31,1016.0,9.5,76,0.0,6.1,38.2,122.0,0.1,0.5,59.0,34,Umerkot,2026-07-23 16:34:56.886994+00:00,2,2,4,45.0,44.0,47.0,39.0,42.333333333333336,43.583333333333336,5.25,5.2250000000000005,31.200000000000006,29.5125,-13.0,31.0,30.0,71.0
2026-04-29 03:00:00,19.6,33,1015.1,8.8,105,0.0,6.2,37.5,121.0,0.1,0.5,57.0,32,Umerkot,2026-07-23 16:34:56.886994+00:00,3,2,4,44.0,45.0,47.0,37.0,41.25,42.958333333333336,5.583333333333333,5.258333333333333,33.70000000000001,30.13333333333333,-15.0,30.0,29.0,72.0
2026-04-29 04:00:00,18.7,35,1014.7,9.6,143,0.0,6.2,36.4,122.0,0.1,0.5,57.0,31,Umerkot,2026-07-23 16:34:56.886994+00:00,4,2,4,42.0,46.0,48.0,35.166666666666664,40.0,42.25,5.8500000000000005,5.283333333333333,35.50000000000001,30.662499999999998,-17.0,28.0,29.0,72.0
2026-04-29 05:00:00,17.7,37,1014.5,11.2,162,0.0,6.0,32.8,123.0,0.1,0.6,59.0,29,Umerkot,2026-07-23 16:34:56.886994+00:00,5,2,4,40.0,46.0,48.0,33.333333333333336,38.583333333333336,41.458333333333336,6.016666666666667,5.295833333333333,36.13333333333334,31.008333333333336,-19.0,28.0,28.0,73.0
2026-04-29 06:00:00,16.9,39,1014.7,10.7,174,0.0,6.2,33.4,124.0,0.1,0.6,63.0,29,Umerkot,2026-07-23 16:34:56.886994+00:00,6,2,4,38.0,46.0,49.0,31.833333333333332,37.166666666666664,40.625,6.1000000000000005,5.329166666666667,35.93333333333334,31.504166666666666,-20.0,27.0,27.0,74.0
2026-04-29 07:00:00,16.3,40,1015.3,10.5,177,0.0,6.7,40.6,125.0,0.1,0.6,73.0,30,Umerkot,2026-07-23 16:34:56.886994+00:00,7,2,4,36.0,46.0,49.0,30.833333333333332,35.833333333333336,39.833333333333336,6.233333333333333,5.375,36.48333333333334,32.166666666666664,-19.0,27.0,26.0,74.0
2026-04-29 08:00:00,17.8,36,1016.0,8.9,171,0.0,5.2,30.3,125.0,0.0,0.7,87.0,30,Umerkot,2026-07-23 16:34:56.886994+00:00,8,2,4,34.0,45.0,47.0,30.166666666666668,34.583333333333336,39.125,6.083333333333333,5.2875000000000005,35.16666666666667,31.645833333333332,-17.0,28.0,26.0,74.0
2026-04-29 09:00:00,22.3,28,1016.1,8.4,173,0.0,4.4,25.0,125.0,0.0,0.7,96.0,30,Umerkot,2026-07-23 16:34:56.886994+00:00,9,2,4,32.0,44.0,43.0,29.833333333333332,33.416666666666664,38.583333333333336,5.783333333333334,5.108333333333333,33.083333333333336,30.370833333333334,-13.0,29.0,26.0,73.0
2026-04-29 10:00:00,26.3,21,1016.1,10.2,170,0.0,4.5,26.8,124.0,0.0,0.7,98.0,32,Umerkot,2026-07-23 16:34:56.886994+00:00,10,2,4,31.0,42.0,40.0,30.0,32.583333333333336,38.25,5.5,4.908333333333333,31.483333333333338,28.975000000000005,-8.0,30.0,29.0,71.0
2026-04-29 11:00:00,28.1,18,1016.1,5.6,155,0.0,5.0,32.2,124.0,0.0,0.6,96.0,34,Umerkot,2026-07-23 16:34:56.886994+00:00,11,2,4,29.0,40.0,40.0,30.833333333333332,32.083333333333336,38.0,5.333333333333333,4.729166666666667,31.383333333333336,27.804166666666664,-6.0,32.0,34.0,71.0
2026-04-29 12:00:00,29.3,16,1016.3,2.0,117,0.0,0.0,0.7,123.0,0.0,0.5,94.0,36,Umerkot,2026-07-23 16:34:56.886994+00:00,12,2,4,29.0,38.0,41.0,32.0,31.916666666666668,37.791666666666664,4.3,4.579166666666667,25.93333333333334,26.870833333333334,-5.0,34.0,38.0,71.0
2026-04-29 13:00:00,30.5,15,1015.8,3.1,357,0.0,0.8,7.8,123.0,0.0,0.5,94.0,39,Umerkot,2026-07-23 16:34:56.886994+00:00,13,2,4,30.0,36.0,42.0,33.5,32.166666666666664,37.666666666666664,3.316666666666667,4.466666666666667,20.466666666666672,26.275000000000002,-3.0,35.0,42.0,71.0
2026-04-29 14:00:00,31.6,14,1015.0,7.6,353,0.0,1.3,12.3,124.0,0.0,0.5,93.0,41,Umerkot,2026-07-23 16:34:56.886994+00:00,14,2,4,30.0,34.0,44.0,35.333333333333336,32.75,37.541666666666664,2.6666666666666665,4.379166666666667,17.466666666666672,25.887500000000003,-3.0,37.0,46.0,72.0
2026-04-29 15:00:00,32.1,14,1014.3,11.9,3,0.0,1.6,14.7,124.0,0.0,0.5,92.0,42,Umerkot,2026-07-23 16:34:56.886994+00:00,15,2,4,30.0,32.0,45.0,37.333333333333336,33.583333333333336,37.416666666666664,2.2,4.304166666666666,15.750000000000005,25.612499999999997,-3.0,38.0,50.0,73.0
2026-04-29 16:00:00,32.6,13,1013.6,14.0,7,0.0,1.7,15.3,124.0,0.0,0.5,89.0,43,Umerkot,2026-07-23 16:34:56.886994+00:00,16,2,4,32.0,31.0,46.0,39.166666666666664,34.583333333333336,37.291666666666664,1.7333333333333332,4.229166666666667,13.833333333333337,25.375,-3.0,39.0,53.0,75.0
2026-04-29 17:00:00,32.5,13,1013.2,15.9,12,0.0,1.7,14.1,123.0,0.0,0.5,84.0,44,Umerkot,2026-07-23 16:34:56.886994+00:00,17,2,4,34.0,29.0,46.0,40.833333333333336,35.833333333333336,37.208333333333336,1.1833333333333333,4.154166666666667,10.816666666666672,25.10833333333333,-2.0,39.0,56.0,76.0
2026-04-29 18:00:00,32.1,13,1013.0,15.6,16,0.0,1.5,11.1,123.0,0.0,0.5,80.0,43,Umerkot,2026-07-23 16:34:56.886994+00:00,18,2,4,36.0,29.0,46.0,42.0,37.0,37.083333333333336,1.4333333333333333,4.075,12.550000000000004,24.804166666666664,-3.0,38.0,59.0,77.0
2026-04-29 19:00:00,31.5,14,1013.3,15.0,23,0.0,1.4,9.3,123.0,0.0,0.5,76.0,42,Umerkot,2026-07-23 16:34:56.886994+00:00,19,2,4,39.0,30.0,46.0,42.5,38.0,36.916666666666664,1.5333333333333332,3.9875000000000003,12.800000000000004,24.45416666666667,-4.0,38.0,61.0,77.0
2026-04-29 20:00:00,30.4,15,1013.7,13.9,40,0.0,1.4,8.2,123.0,0.0,0.4,71.0,41,Umerkot,2026-07-23 16:34:56.886994+00:00,20,2,4,41.0,30.0,45.0,42.5,38.916666666666664,36.75,1.5499999999999998,3.8874999999999997,12.116666666666672,23.987499999999997,-4.0,37.0,64.0,77.0
2026-04-29 21:00:00,29.2,16,1014.0,15.2,56,0.0,1.3,7.6,123.0,0.0,0.4,67.0,39,Umerkot,2026-07-23 16:34:56.886994+00:00,21,2,4,42.0,30.0,44.0,42.0,39.666666666666664,36.541666666666664,1.5,3.766666666666667,10.933333333333337,23.366666666666664,-5.0,36.0,66.0,77.0
2026-04-29 22:00:00,28.2,17,1014.7,16.1,55,0.0,1.2,7.4,125.0,0.0,0.4,63.0,38,Umerkot,2026-07-23 16:34:56.886994+00:00,22,2,4,43.0,32.0,42.0,41.166666666666664,40.166666666666664,36.375,1.4166666666666667,3.625,9.616666666666672,22.608333333333334,-4.0,35.0,67.0,76.0
2026-04-29 23:00:00,27.0,19,1015.1,15.6,63,0.0,1.2,7.0,128.0,0.0,0.3,60.0,36,Umerkot,2026-07-23 16:34:56.886994+00:00,23,2,4,44.0,34.0,40.0,39.833333333333336,40.333333333333336,36.208333333333336,1.3333333333333333,3.466666666666667,8.433333333333339,21.691666666666666,-4.0,33.0,69.0,75.0
2026-04-30 00:00:00,25.8,20,1015.5,13.5,74,0.0,1.2,6.6,129.0,0.0,0.4,59.0,34,Umerkot,2026-07-23 16:34:56.886994+00:00,0,3,4,43.0,36.0,38.0,38.333333333333336,40.166666666666664,36.041666666666664,1.2833333333333334,3.2791666666666663,7.683333333333338,20.525000000000002,-4.0,32.0,70.0,75.0
2026-04-30 01:00:00,24.4,22,1015.4,10.8,91,0.0,1.2,6.6,128.0,0.0,0.4,58.0,32,Umerkot,2026-07-23 16:34:56.886994+00:00,1,3,4,42.0,39.0,36.0,36.666666666666664,39.583333333333336,35.875,1.25,3.0833333333333335,7.233333333333337,19.245833333333334,-4.0,31.0,71.0,75.0
2026-04-30 02:00:00,23.1,24,1014.9,10.9,107,0.0,1.1,6.4,126.0,0.0,0.3,56.0,31,Umerkot,2026-07-23 16:34:56.886994+00:00,2,3,4,41.0,41.0,34.0,35.0,38.75,35.75,1.2,2.875,6.933333333333338,17.920833333333334,-3.0,30.0,71.0,75.0
2026-04-30 03:00:00,22.4,25,1014.2,12.3,111,0.0,1.3,8.2,125.0,0.0,0.3,56.0,30,Umerkot,2026-07-23 16:34:56.886994+00:00,3,3,4,39.0,42.0,32.0,33.5,37.75,35.666666666666664,1.2,2.670833333333333,7.033333333333338,16.7,-2.0,29.0,72.0,74.0
2026-04-30 04:00:00,21.3,26,1013.9,13.4,121,0.0,1.6,12.5,124.0,0.0,0.3,57.0,28,Umerkot,2026-07-23 16:34:56.886994+00:00,4,3,4,38.0,43.0,31.0,31.833333333333332,36.5,35.541666666666664,1.2666666666666668,2.4791666666666665,7.883333333333337,15.704166666666666,-3.0,29.0,72.0,74.0
2026-04-30 05:00:00,20.6,27,1014.0,14.1,133,0.0,1.8,14.2,124.0,0.0,0.3,58.0,28,Umerkot,2026-07-23 16:34:56.886994+00:00,5,3,4,36.0,44.0,29.0,30.5,35.166666666666664,35.5,1.366666666666667,2.3041666666666667,9.083333333333337,14.929166666666665,-1.0,28.0,73.0,73.0
2026-04-30 06:00:00,19.9,28,1014.0,13.5,139,0.0,1.6,11.6,124.0,0.0,0.3,62.0,27,Umerkot,2026-07-23 16:34:56.886994+00:00,6,3,4,34.0,43.0,29.0,29.333333333333332,33.833333333333336,35.416666666666664,1.4333333333333333,2.1125000000000003,9.916666666666671,14.020833333333334,-2.0,27.0,74.0,74.0
2026-04-30 07:00:00,19.3,29,1014.5,12.9,138,0.0,1.9,15.8,125.0,0.0,0.3,69.0,27,Umerkot,2026-07-23 16:34:56.886994+00:00,7,3,4,32.0,42.0,30.0,28.5,32.583333333333336,35.291666666666664,1.55,1.9124999999999999,11.450000000000005,12.987499999999999,-3.0,26.0,74.0,77.0
2026-04-30 08:00:00,20.7,27,1015.1,12.2,135,0.0,2.3,19.7,126.0,0.0,0.4,78.0,28,Umerkot,2026-07-23 16:34:56.886994+00:00,8,3,4,31.0,41.0,30.0,28.0,31.5,35.208333333333336,1.75,1.7916666666666667,13.666666666666671,12.545833333333334,-2.0,26.0,74.0,81.0
2026-04-30 09:00:00,24.1,22,1015.3,10.4,134,0.0,2.3,19.9,126.0,0.0,0.4,84.0,29,Umerkot,2026-07-23 16:34:56.886994+00:00,9,3,4,30.0,39.0,30.0,27.833333333333332,30.666666666666668,35.166666666666664,1.9166666666666667,1.7041666666666666,15.616666666666669,12.333333333333334,-1.0,26.0,73.0,84.0
2026-04-30 10:00:00,27.4,18,1015.4,14.3,135,0.0,2.4,20.7,126.0,0.0,0.4,86.0,30,Umerkot,2026-07-23 16:34:56.886994+00:00,10,3,4,28.0,38.0,32.0,28.166666666666668,30.0,35.083333333333336,2.05,1.6166666666666665,16.983333333333338,12.079166666666667,-2.0,29.0,71.0,86.0
2026-04-30 11:00:00,30.1,15,1015.4,16.7,130,0.0,2.6,23.3,125.0,0.0,0.5,85.0,32,Umerkot,2026-07-23 16:34:56.886994+00:00,11,3,4,28.0,36.0,34.0,28.833333333333332,29.666666666666668,35.0,2.183333333333333,1.5166666666666666,18.500000000000004,11.708333333333334,-2.0,34.0,71.0,88.0
2026-04-30 12:00:00,31.9,14,1015.2,15.0,127,0.0,0.9,8.9,124.0,0.0,0.5,85.0,34,Umerkot,2026-07-23 16:34:56.886994+00:00,12,3,4,27.0,34.0,36.0,30.0,29.666666666666668,34.916666666666664,2.0666666666666664,1.5541666666666665,18.050000000000004,12.049999999999999,-2.0,38.0,71.0,89.0
2026-04-30 13:00:00,33.2,13,1014.5,11.0,132,0.0,1.4,13.9,123.0,0.0,0.5,85.0,35,Umerkot,2026-07-23 16:34:56.886994+00:00,13,3,4,27.0,32.0,39.0,31.333333333333332,29.916666666666668,34.75,1.9833333333333332,1.5791666666666666,17.733333333333338,12.304166666666665,-4.0,42.0,71.0,89.0
2026-04-30 14:00:00,34.2,12,1013.7,7.5,127,0.0,1.9,19.0,123.0,0.0,0.4,84.0,37,Umerkot,2026-07-23 16:34:56.886994+00:00,14,3,4,28.0,31.0,41.0,32.833333333333336,30.416666666666668,34.583333333333336,1.9166666666666667,1.6041666666666667,17.61666666666667,12.583333333333334,-4.0,46.0,72.0,89.0
2026-04-30 15:00:00,34.7,11,1013.0,4.2,78,0.0,2.4,23.2,123.0,0.0,0.4,83.0,38,Umerkot,2026-07-23 16:34:56.886994+00:00,15,3,4,29.0,30.0,42.0,34.333333333333336,31.083333333333332,34.416666666666664,1.933333333333333,1.6375,18.16666666666667,12.937499999999998,-4.0,50.0,73.0,89.0
2026-04-30 16:00:00,35.5,11,1011.9,4.4,38,0.0,2.9,27.5,124.0,0.0,0.4,80.0,39,Umerkot,2026-07-23 16:34:56.886994+00:00,16,3,4,30.0,28.0,43.0,35.833333333333336,32.0,34.25,2.0166666666666666,1.6875,19.300000000000004,13.445833333333333,-4.0,53.0,75.0,87.0
2026-04-30 17:00:00,35.8,10,1011.2,5.5,349,0.0,3.3,30.2,124.0,0.0,0.4,76.0,39,Umerkot,2026-07-23 16:34:56.886994+00:00,17,3,4,32.0,28.0,44.0,37.0,32.916666666666664,34.041666666666664,2.1333333333333333,1.7541666666666667,20.450000000000006,14.116666666666667,-5.0,56.0,76.0,85.0
2026-04-30 18:00:00,35.7,10,1010.6,8.6,331,0.0,3.3,27.7,125.0,0.0,0.4,72.0,38,Umerkot,2026-07-23 16:34:56.886994+00:00,18,3,4,34.0,27.0,43.0,37.666666666666664,33.833333333333336,33.833333333333336,2.533333333333333,1.8291666666666666,23.58333333333334,14.808333333333335,-5.0,59.0,77.0,83.0
2026-04-30 19:00:00,35.0,10,1010.7,7.6,356,0.0,3.2,26.6,125.0,0.0,0.4,69.0,38,Umerkot,2026-07-23 16:34:56.886994+00:00,19,3,4,35.0,27.0,42.0,38.166666666666664,34.75,33.666666666666664,2.8333333333333335,1.9041666666666666,25.700000000000003,15.529166666666667,-4.0,61.0,77.0,81.0
2026-04-30 20:00:00,32.8,13,1011.0,15.3,75,0.0,2.2,14.2,125.0,0.0,0.5,67.0,37,Umerkot,2026-07-23 16:34:56.886994+00:00,20,3,4,37.0,28.0,41.0,38.166666666666664,35.5,33.5,2.8833333333333333,1.9375,24.900000000000006,15.779166666666669,-4.0,64.0,77.0,79.0
2026-04-30 21:00:00,31.5,14,1011.5,19.2,96,0.0,1.4,7.7,125.0,0.0,0.5,65.0,36,Umerkot,2026-07-23 16:34:56.886994+00:00,21,3,4,38.0,29.0,39.0,37.833333333333336,36.083333333333336,33.375,2.716666666666667,1.9416666666666667,22.316666666666674,15.783333333333333,-3.0,66.0,77.0,78.0
2026-04-30 22:00:00,30.3,15,1011.9,24.8,95,0.0,1.2,5.0,126.0,0.0,0.5,64.0,35,Umerkot,2026-07-23 16:34:56.886994+00:00,22,3,4,39.0,30.0,38.0,37.166666666666664,36.5,33.25,2.433333333333333,1.9416666666666664,18.566666666666674,15.683333333333332,-3.0,67.0,76.0,77.0
2026-04-30 23:00:00,29.5,16,1011.9,26.7,113,0.0,1.1,4.1,127.0,0.0,0.5,62.0,33,Umerkot,2026-07-23 16:34:56.886994+00:00,23,3,4,39.0,32.0,36.0,36.166666666666664,36.583333333333336,33.125,2.066666666666667,1.9375,14.21666666666667,15.562499999999998,-3.0,69.0,75.0,76.0
2026-05-01 00:00:00,28.8,17,1011.9,22.4,122,0.0,1.3,4.2,127.0,0.0,0.5,61.0,32,Umerkot,2026-07-23 16:34:56.886994+00:00,0,4,5,38.0,34.0,34.0,35.166666666666664,36.416666666666664,33.041666666666664,1.7333333333333334,1.9416666666666667,10.300000000000004,15.4625,-2.0,70.0,75.0,76.0
2026-05-01 01:00:00,27.8,18,1012.1,20.2,127,0.0,3.6,25.6,126.0,0.0,0.5,60.0,31,Umerkot,2026-07-23 16:34:56.886994+00:00,1,4,5,38.0,35.0,32.0,34.0,36.083333333333336,33.0,1.8,2.0416666666666665,10.133333333333338,16.254166666666666,-1.0,71.0,75.0,76.0
2026-05-01 02:00:00,27.8,18,1011.6,20.2,136,0.0,4.7,32.8,124.0,0.0,0.5,58.0,30,Umerkot,2026-07-23 16:34:56.886994+00:00,2,4,5,37.0,37.0,31.0,32.833333333333336,35.5,32.958333333333336,2.216666666666667,2.191666666666667,13.23333333333334,17.354166666666668,-1.0,71.0,75.0,76.0
2026-05-01 03:00:00,26.9,19,1010.5,23.2,132,0.0,4.3,25.7,122.0,0.0,0.5,56.0,29,Umerkot,2026-07-23 16:34:56.886994+00:00,3,4,5,36.0,38.0,30.0,31.666666666666668,34.75,32.916666666666664,2.6999999999999997,2.3166666666666664,16.233333333333338,18.083333333333332,-1.0,72.0,74.0,75.0
2026-05-01 04:00:00,26.3,19,1010.1,22.2,140,0.0,3.7,19.0,121.0,0.0,0.4,53.0,29,Umerkot,2026-07-23 16:34:56.886994+00:00,4,4,5,35.0,39.0,28.0,30.666666666666668,33.916666666666664,32.958333333333336,3.116666666666667,2.4041666666666663,18.56666666666667,18.354166666666668,1.0,72.0,74.0,75.0
2026-05-01 05:00:00,25.9,20,1009.7,24.3,152,0.0,3.9,22.1,119.0,0.0,0.4,50.0,28,Umerkot,2026-07-23 16:34:56.886994+00:00,5,4,5,33.0,39.0,28.0,29.833333333333332,33.0,32.958333333333336,3.5833333333333335,2.4916666666666667,21.566666666666674,18.683333333333334,0.0,73.0,73.0,76.0
2026-05-01 06:00:00,25.9,20,1009.3,26.5,162,0.0,4.7,29.6,119.0,0.0,0.3,50.0,27,Umerkot,2026-07-23 16:34:56.886994+00:00,6,4,5,32.0,38.0,27.0,29.0,32.083333333333336,32.958333333333336,4.1499999999999995,2.620833333333333,25.800000000000008,19.433333333333334,0.0,74.0,74.0,77.0
2026-05-01 07:00:00,25.1,20,1009.5,20.4,168,0.0,8.8,68.5,120.0,0.0,0.3,56.0,26,Umerkot,2026-07-23 16:34:56.886994+00:00,7,4,5,31.0,38.0,27.0,28.166666666666668,31.083333333333332,32.916666666666664,5.016666666666667,2.908333333333333,32.95000000000001,21.629166666666666,-1.0,74.0,77.0,77.0
2026-05-01 08:00:00,26.4,19,1010.0,21.3,183,0.0,16.8,131.3,121.0,0.0,0.2,65.0,26,Umerkot,2026-07-23 16:34:56.886994+00:00,8,4,5,30.0,37.0,28.0,27.5,30.166666666666668,32.833333333333336,7.033333333333334,3.5125000000000006,49.366666666666674,26.27916666666667,-2.0,74.0,81.0,77.0
2026-05-01 09:00:00,29.4,16,1010.2,20.0,193,0.0,21.8,155.5,122.0,0.0,0.2,72.0,26,Umerkot,2026-07-23 16:34:56.886994+00:00,9,4,5,29.0,36.0,29.0,27.0,29.333333333333332,32.708333333333336,9.950000000000001,4.325,71.00000000000001,31.92916666666667,-3.0,73.0,84.0,77.0
2026-05-01 10:00:00,32.3,13,1010.3,27.9,214,0.0,20.5,142.0,123.0,0.0,0.2,75.0,29,Umerkot,2026-07-23 16:34:56.886994+00:00,10,4,5,29.0,35.0,30.0,27.0,28.833333333333332,32.666666666666664,12.75,5.079166666666667,91.5,36.983333333333334,-1.0,71.0,86.0,77.0
2026-05-01 11:00:00,34.4,12,1010.2,37.3,230,0.0,19.3,130.9,124.0,0.0,0.1,76.0,34,Umerkot,2026-07-23 16:34:56.886994+00:00,11,4,5,28.0,33.0,32.0,28.0,28.916666666666668,32.75,15.316666666666668,5.775000000000001,109.63333333333334,41.46666666666667,2.0,71.0,88.0,75.0
2026-05-01 12:00:00,35.3,13,1010.2,36.7,241,0.0,17.9,124.8,125.0,0.0,0.1,79.0,38,Umerkot,2026-07-23 16:34:56.886994+00:00,12,4,5,27.0,32.0,34.0,29.833333333333332,29.416666666666668,32.916666666666664,17.51666666666667,6.483333333333333,125.5,46.29583333333334,4.0,71.0,89.0,74.0
2026-05-01 13:00:00,36.4,11,1009.8,33.5,251,0.0,16.5,124.3,125.0,0.0,0.1,82.0,42,Umerkot,2026-07-23 16:34:56.886994+00:00,13,4,5,26.0,31.0,35.0,32.5,30.333333333333332,33.208333333333336,18.8,7.1125,134.79999999999998,50.895833333333336,7.0,71.0,89.0,72.0
2026-05-01 14:00:00,37.2,10,1009.1,30.0,258,0.0,15.9,133.6,125.0,0.1,0.1,86.0,46,Umerkot,2026-07-23 16:34:56.886994+00:00,14,4,5,26.0,30.0,37.0,35.833333333333336,31.666666666666668,33.583333333333336,18.65,7.695833333333333,135.18333333333334,55.67083333333333,9.0,72.0,89.0,70.0
2026-05-01 15:00:00,38.2,8,1008.0,30.5,263,0.0,17.5,153.7,125.0,0.1,0.1,89.0,50,Umerkot,2026-07-23 16:34:56.886994+00:00,15,4,5,26.0,29.0,38.0,39.833333333333336,33.416666666666664,34.083333333333336,17.933333333333334,8.325000000000001,134.88333333333335,61.10833333333333,12.0,73.0,89.0,68.0
2026-05-01 16:00:00,37.8,9,1007.3,34.4,289,0.0,19.6,170.4,125.0,0.1,0.1,89.0,53,Umerkot,2026-07-23 16:34:56.886994+00:00,16,4,5,29.0,29.0,39.0,43.833333333333336,35.416666666666664,34.666666666666664,17.783333333333335,9.020833333333334,139.61666666666667,67.0625,14.0,75.0,87.0,66.0
2026-05-01 17:00:00,37.3,9,1007.0,32.5,297,0.0,21.0,164.8,125.0,0.1,0.1,87.0,56,Umerkot,2026-07-23 16:34:56.886994+00:00,17,4,5,34.0,28.0,39.0,47.5,37.75,35.375,18.066666666666666,9.758333333333333,145.26666666666668,72.67083333333333,17.0,76.0,85.0,66.0
2026-05-01 18:00:00,36.5,9,1006.9,33.1,302,0.0,21.1,153.2,125.0,0.1,0.1,83.0,59,Umerkot,2026-07-23 16:34:56.886994+00:00,18,4,5,38.0,27.0,38.0,51.0,40.416666666666664,36.25,18.599999999999998,10.5,150.0,77.9,21.0,77.0,83.0,67.0
2026-05-01 19:00:00,35.1,11,1007.3,31.7,306,0.0,20.0,135.5,125.0,0.1,0.2,77.0,61,Umerkot,2026-07-23 16:34:56.886994+00:00,19,4,5,42.0,26.0,38.0,54.166666666666664,43.333333333333336,37.208333333333336,19.183333333333334,11.200000000000001,151.86666666666667,82.4375,23.0,77.0,81.0,66.0
2026-05-01 20:00:00,33.4,12,1007.8,21.7,318,0.0,17.5,106.9,125.0,0.1,0.2,70.0,64,Umerkot,2026-07-23 16:34:56.886994+00:00,20,4,5,46.0,26.0,37.0,57.166666666666664,46.5,38.333333333333336,19.450000000000003,11.8375,147.41666666666666,86.30000000000001,27.0,77.0,79.0,64.0
2026-05-01 21:00:00,31.9,14,1009.1,18.5,328,0.0,15.2,85.9,125.0,0.1,0.3,64.0,66,Umerkot,2026-07-23 16:34:56.886994+00:00,21,4,5,50.0,26.0,36.0,59.833333333333336,49.833333333333336,39.583333333333336,19.066666666666666,12.412500000000001,136.11666666666667,89.55833333333332,30.0,77.0,78.0,61.0
2026-05-01 22:00:00,30.4,15,1009.9,15.2,317,0.0,13.7,73.8,126.0,0.1,0.4,59.0,67,Umerkot,2026-07-23 16:34:56.886994+00:00,22,4,5,53.0,29.0,35.0,62.166666666666664,53.0,40.916666666666664,18.083333333333332,12.933333333333332,120.01666666666667,92.425,32.0,76.0,77.0,61.0
2026-05-01 23:00:00,28.8,17,1010.4,13.1,308,0.0,12.6,65.2,127.0,0.1,0.4,56.0,69,Umerkot,2026-07-23 16:34:56.886994+00:00,23,4,5,56.0,34.0,33.0,64.33333333333333,55.916666666666664,42.416666666666664,16.683333333333334,13.412500000000001,103.41666666666667,94.97083333333332,36.0,75.0,76.0,62.0
2026-05-02 00:00:00,27.3,18,1010.5,11.5,312,0.0,9.4,44.6,127.0,0.1,0.7,54.0,70,Umerkot,2026-07-23 16:34:56.886994+00:00,0,5,5,59.0,38.0,32.0,66.16666666666667,58.583333333333336,44.0,14.733333333333334,13.75,85.31666666666668,96.65416666666668,38.0,75.0,76.0,62.0
2026-05-02 01:00:00,26.0,20,1010.4,11.0,334,0.0,9.4,47.4,126.0,0.1,0.8,54.0,71,Umerkot,2026-07-23 16:34:56.886994+00:00,1,5,5,61.0,42.0,31.0,67.83333333333333,61.0,45.666666666666664,12.966666666666669,13.991666666666667,70.63333333333334,97.5625,40.0,75.0,76.0,61.0
2026-05-02 02:00:00,24.7,20,1010.0,12.0,353,0.0,10.3,54.7,124.0,0.1,0.9,54.0,71,Umerkot,2026-07-23 16:34:56.886994+00:00,2,5,5,64.0,46.0,30.0,69.0,63.083333333333336,47.375,11.766666666666666,14.225,61.933333333333344,98.47500000000001,41.0,75.0,76.0,61.0
2026-05-02 03:00:00,23.3,24,1009.1,9.5,335,0.0,11.0,60.5,123.0,0.1,1.0,54.0,72,Umerkot,2026-07-23 16:34:56.886994+00:00,3,5,5,66.0,50.0,29.0,70.0,64.91666666666667,49.166666666666664,11.066666666666665,14.504166666666665,57.70000000000001,99.92500000000001,43.0,74.0,75.0,60.0
2026-05-02 04:00:00,22.5,26,1008.4,4.3,343,0.0,10.9,58.8,122.0,0.1,1.0,52.0,72,Umerkot,2026-07-23 16:34:56.886994+00:00,4,5,5,67.0,53.0,29.0,70.83333333333333,66.5,50.958333333333336,10.6,14.804166666666667,55.20000000000001,101.58333333333333,43.0,74.0,75.0,59.0
2026-05-02 05:00:00,22.3,27,1008.0,5.5,99,0.0,10.3,51.3,122.0,0.1,1.0,49.0,73,Umerkot,2026-07-23 16:34:56.886994+00:00,5,5,5,69.0,56.0,28.0,71.5,67.91666666666667,52.833333333333336,10.216666666666667,15.070833333333335,52.88333333333335,102.8,45.0,73.0,76.0,58.0
2026-05-02 06:00:00,21.1,29,1007.9,9.4,98,0.0,10.5,53.7,122.0,0.1,0.9,50.0,74,Umerkot,2026-07-23 16:34:56.886994+00:00,6,5,5,70.0,59.0,27.0,72.16666666666667,69.16666666666667,54.791666666666664,10.4,15.3125,54.400000000000006,103.80416666666666,47.0,74.0,77.0,57.0
2026-05-02 07:00:00,20.5,29,1008.5,10.0,157,0.0,10.9,59.1,123.0,0.1,0.8,59.0,74,Umerkot,2026-07-23 16:34:56.886994+00:00,7,5,5,71.0,61.0,26.0,72.66666666666667,70.25,56.791666666666664,10.65,15.4,56.350000000000016,103.41250000000001,48.0,77.0,77.0,54.0
2026-05-02 08:00:00,22.5,26,1009.2,9.8,175,0.0,11.4,68.2,124.0,0.0,0.6,72.0,74,Umerkot,2026-07-23 16:34:56.886994+00:00,8,5,5,71.0,64.0,26.0,73.16666666666667,71.08333333333333,58.791666666666664,10.833333333333334,15.174999999999999,58.600000000000016,100.78333333333335,48.0,81.0,77.0,51.0
2026-05-02 09:00:00,26.2,20,1009.4,7.1,204,0.0,13.7,84.5,125.0,0.0,0.4,81.0,73,Umerkot,2026-07-23 16:34:56.886994+00:00,9,5,5,72.0,66.0,26.0,73.33333333333333,71.66666666666667,60.75,11.283333333333333,14.8375,62.600000000000016,97.825,47.0,84.0,77.0,48.0
2026-05-02 10:00:00,30.1,16,1009.4,9.4,223,0.0,15.9,99.4,125.0,0.0,0.3,82.0,71,Umerkot,2026-07-23 16:34:56.886994+00:00,10,5,5,72.0,67.0,29.0,73.16666666666667,72.0,62.5,12.116666666666667,14.645833333333334,69.36666666666667,96.05000000000001,42.0,86.0,77.0,43.0
2026-05-02 11:00:00,31.6,14,1009.3,14.1,243,0.0,20.5,133.2,125.0,0.0,0.2,78.0,71,Umerkot,2026-07-23 16:34:56.886994+00:00,11,5,5,73.0,69.0,34.0,72.83333333333333,72.16666666666667,64.04166666666667,13.816666666666668,14.695833333333333,83.01666666666667,96.14583333333333,37.0,88.0,75.0,44.0
2026-05-02 12:00:00,33.4,12,1009.4,20.8,266,0.0,23.3,155.1,125.0,0.0,0.2,77.0,71,Umerkot,2026-07-23 16:34:56.886994+00:00,12,5,5,74.0,70.0,38.0,72.33333333333333,72.25,65.41666666666667,15.950000000000001,14.920833333333334,99.91666666666667,97.40833333333332,33.0,89.0,74.0,47.0
2026-05-02 13:00:00,32.8,12,1009.4,26.5,277,0.0,24.4,166.7,125.0,0.0,0.2,80.0,71,Umerkot,2026-07-23 16:34:56.886994+00:00,13,5,5,74.0,71.0,42.0,71.83333333333333,72.25,66.625,18.2,15.25,117.85000000000001,99.17500000000001,29.0,89.0,72.0,50.0
2026-05-02 14:00:00,34.0,12,1008.6,22.5,270,0.0,27.0,189.1,125.0,0.1,0.2,83.0,72,Umerkot,2026-07-23 16:34:56.886994+00:00,14,5,5,74.0,71.0,46.0,71.5,72.33333333333333,67.70833333333333,20.8,15.712499999999999,138.00000000000003,101.4875,26.0,89.0,70.0,57.0
2026-05-02 15:00:00,35.2,11,1007.5,28.4,264,0.0,29.7,214.7,125.0,0.1,0.2,85.0,73,Umerkot,2026-07-23 16:34:56.886994+00:00,15,5,5,73.0,72.0,50.0,71.5,72.41666666666667,68.66666666666667,23.46666666666667,16.220833333333335,159.7,104.02916666666665,23.0,89.0,68.0,64.0
2026-05-02 16:00:00,35.9,11,1006.7,31.8,276,0.0,31.0,229.6,125.0,0.1,0.2,84.0,75,Umerkot,2026-07-23 16:34:56.886994+00:00,16,5,5,71.0,72.0,53.0,72.16666666666667,72.66666666666667,69.58333333333333,25.983333333333334,16.695833333333333,181.4,106.49583333333334,22.0,87.0,66.0,69.0
2026-05-02 17:00:00,35.2,12,1006.5,36.0,290,0.0,30.3,216.1,126.0,0.1,0.3,83.0,76,Umerkot,2026-07-23 16:34:56.886994+00:00,17,5,5,71.0,73.0,56.0,73.0,72.91666666666667,70.41666666666667,27.616666666666664,17.083333333333332,195.21666666666667,108.63333333333334,20.0,85.0,66.0,71.0
2026-05-02 18:00:00,34.2,13,1006.6,32.1,301,0.0,27.1,172.8,126.0,0.1,0.3,81.0,77,Umerkot,2026-07-23 16:34:56.886994+00:00,18,5,5,71.0,74.0,59.0,74.0,73.16666666666667,71.16666666666667,28.25,17.333333333333332,198.16666666666666,109.44999999999999,18.0,83.0,67.0,70.0
2026-05-02 19:00:00,32.7,16,1007.0,30.1,318,0.0,22.8,135.0,125.0,0.1,0.3,80.0,77,Umerkot,2026-07-23 16:34:56.886994+00:00,19,5,5,71.0,74.0,61.0,75.0,73.41666666666667,71.83333333333333,27.983333333333334,17.45,192.88333333333333,109.42916666666666,16.0,81.0,66.0,67.0
2026-05-02 20:00:00,30.9,19,1007.9,25.6,334,0.0,17.5,90.8,124.0,0.1,0.4,80.0,77,Umerkot,2026-07-23 16:34:56.886994+00:00,20,5,5,72.0,74.0,64.0,75.83333333333333,73.66666666666667,72.375,26.400000000000002,17.45,176.5,108.75833333333333,13.0,79.0,64.0,64.0
2026-05-02 21:00:00,29.2,21,1009.3,23.4,353,0.0,13.2,55.6,123.0,0.1,0.4,79.0,77,Umerkot,2026-07-23 16:34:56.886994+00:00,21,5,5,73.0,73.0,66.0,76.5,74.0,72.83333333333333,23.650000000000002,17.366666666666667,149.98333333333332,107.49583333333334,11.0,78.0,61.0,59.0
2026-05-02 22:00:00,28.0,23,1010.1,18.0,7,0.0,10.9,36.2,123.0,0.1,0.4,76.0,76,Umerkot,2026-07-23 16:34:56.886994+00:00,22,5,5,75.0,71.0,67.0,76.66666666666667,74.41666666666667,73.20833333333333,20.3,17.25,117.75,105.92916666666667,9.0,77.0,61.0,54.0
2026-05-02 23:00:00,26.8,26,1010.9,14.6,10,0.0,10.5,31.8,124.0,0.1,0.3,73.0,75,Umerkot,2026-07-23 16:34:56.886994+00:00,23,5,5,76.0,71.0,69.0,76.5,74.75,73.45833333333333,17.0,17.162499999999998,87.03333333333335,104.53750000000001,6.0,76.0,62.0,49.0
2026-05-03 00:00:00,25.7,28,1011.1,12.9,16,0.0,11.8,38.1,124.0,0.1,0.3,70.0,75,Umerkot,2026-07-23 16:34:56.886994+00:00,0,6,5,77.0,71.0,70.0,76.16666666666667,75.08333333333333,73.66666666666667,14.450000000000001,17.2625,64.58333333333333,104.26666666666665,5.0,76.0,62.0,48.0
2026-05-03 01:00:00,24.6,31,1011.4,12.8,356,0.0,12.5,41.1,123.0,0.1,0.3,66.0,75,Umerkot,2026-07-23 16:34:56.886994+00:00,1,6,5,77.0,71.0,71.0,75.83333333333333,75.41666666666667,73.83333333333333,12.733333333333334,17.391666666666666,48.933333333333344,104.00416666666668,4.0,76.0,61.0,46.0
2026-05-03 02:00:00,23.5,35,1011.3,12.8,2,0.0,13.2,43.9,122.0,0.1,0.2,62.0,75,Umerkot,2026-07-23 16:34:56.886994+00:00,2,6,5,77.0,72.0,71.0,75.5,75.66666666666667,74.0,12.016666666666666,17.5125,41.116666666666674,103.55416666666666,4.0,76.0,61.0,44.0
2026-05-03 03:00:00,22.6,38,1011.0,11.5,359,0.0,13.5,43.0,122.0,0.1,0.2,60.0,74,Umerkot,2026-07-23 16:34:56.886994+00:00,3,6,5,77.0,73.0,72.0,75.0,75.75,74.08333333333333,12.066666666666665,17.616666666666667,39.01666666666667,102.82499999999999,2.0,75.0,60.0,42.0
2026-05-03 04:00:00,21.4,41,1010.9,8.4,7,0.0,12.9,38.0,124.0,0.1,0.3,64.0,74,Umerkot,2026-07-23 16:34:56.886994+00:00,4,6,5,76.0,75.0,72.0,74.66666666666667,75.66666666666667,74.16666666666667,12.4,17.7,39.31666666666668,101.95833333333333,2.0,75.0,59.0,41.0
2026-05-03 05:00:00,20.8,44,1011.5,7.2,346,0.0,17.5,73.1,128.0,0.1,0.5,72.0,73,Umerkot,2026-07-23 16:34:56.886994+00:00,5,6,5,75.0,76.0,73.0,74.33333333333333,75.41666666666667,74.16666666666667,13.566666666666668,18.0,46.20000000000001,102.86666666666667,0.0,76.0,58.0,40.0
2026-05-03 06:00:00,20.3,44,1012.2,17.3,333,0.0,34.9,198.4,131.0,0.1,0.6,79.0,74,Umerkot,2026-07-23 16:34:56.886994+00:00,6,6,5,75.0,77.0,74.0,74.16666666666667,75.16666666666667,74.16666666666667,17.416666666666668,19.016666666666666,72.91666666666667,108.89583333333333,0.0,77.0,57.0,39.0
2026-05-03 07:00:00,19.6,45,1013.2,21.7,348,0.0,43.3,244.9,134.0,0.1,0.6,86.0,77,Umerkot,2026-07-23 16:34:56.886994+00:00,7,6,5,75.0,77.0,74.0,74.5,75.16666666666667,74.29166666666667,22.55,20.366666666666667,106.88333333333334,116.63749999999999,3.0,77.0,54.0,39.0
2026-05-03 08:00:00,20.0,44,1014.5,22.9,347,0.0,42.3,223.5,138.0,0.1,0.5,94.0,81,Umerkot,2026-07-23 16:34:56.886994+00:00,8,6,5,75.0,77.0,74.0,75.5,75.5,74.58333333333333,27.399999999999995,21.65416666666667,136.8166666666667,123.10833333333333,7.0,77.0,51.0,40.0
2026-05-03 09:00:00,20.4,47,1015.9,25.5,345,0.0,39.1,194.2,140.0,0.1,0.4,99.0,84,Umerkot,2026-07-23 16:34:56.886994+00:00,9,6,5,74.0,77.0,73.0,77.16666666666667,76.08333333333333,75.04166666666667,31.666666666666668,22.712500000000002,162.01666666666668,127.67916666666667,11.0,77.0,48.0,41.0
2026-05-03 10:00:00,21.3,47,1016.5,22.5,342,0.0,37.1,179.7,141.0,0.1,0.3,100.0,86,Umerkot,2026-07-23 16:34:56.886994+00:00,10,6,5,74.0,76.0,71.0,79.16666666666667,76.91666666666667,75.66666666666667,35.699999999999996,23.59583333333333,185.63333333333333,131.025,15.0,77.0,43.0,43.0
2026-05-03 11:00:00,22.7,42,1016.7,20.3,341,0.0,35.6,172.3,141.0,0.1,0.3,98.0,88,Umerkot,2026-07-23 16:34:56.886994+00:00,11,6,5,73.0,75.0,71.0,81.66666666666667,78.0,76.375,38.71666666666666,24.224999999999998,202.1666666666667,132.65416666666667,17.0,75.0,44.0,45.0
2026-05-03 12:00:00,24.2,36,1016.8,19.7,336,0.0,35.2,180.2,140.0,0.1,0.3,98.0,89,Umerkot,2026-07-23 16:34:56.886994+00:00,12,6,5,74.0,75.0,71.0,84.16666666666667,79.16666666666667,77.125,38.766666666666666,24.720833333333335,199.13333333333333,133.70000000000002,18.0,74.0,47.0,47.0
2026-05-03 13:00:00,25.5,30,1016.5,20.9,333,0.0,32.1,168.6,139.0,0.1,0.5,100.0,89,Umerkot,2026-07-23 16:34:56.886994+00:00,13,6,5,77.0,75.0,71.0,86.16666666666667,80.33333333333333,77.875,36.9,25.041666666666668,186.41666666666666,133.77916666666667,18.0,72.0,50.0,50.0
2026-05-03 14:00:00,26.5,28,1016.0,22.5,332,0.0,29.6,159.3,138.0,0.1,0.7,102.0,89,Umerkot,2026-07-23 16:34:56.886994+00:00,14,6,5,81.0,75.0,72.0,87.5,81.5,78.58333333333333,34.78333333333334,25.149999999999995,175.7166666666667,132.5375,17.0,70.0,57.0,57.0
2026-05-03 15:00:00,27.6,26,1015.2,21.9,329,0.0,27.2,147.1,136.0,0.1,0.9,104.0,89,Umerkot,2026-07-23 16:34:56.886994+00:00,15,6,5,84.0,74.0,73.0,88.33333333333333,82.75,79.25,32.800000000000004,25.045833333333334,167.86666666666667,129.72083333333333,16.0,68.0,64.0,64.0
2026-05-03 16:00:00,27.9,23,1014.6,23.3,332,0.0,24.4,129.9,133.0,0.1,1.1,105.0,87,Umerkot,2026-07-23 16:34:56.886994+00:00,16,6,5,86.0,74.0,75.0,88.5,83.83333333333333,79.75,30.683333333333334,24.770833333333332,159.5666666666667,125.56666666666666,12.0,66.0,69.0,69.0
2026-05-03 17:00:00,27.6,22,1014.3,24.6,336,0.0,21.1,104.5,130.0,0.1,1.3,106.0,85,Umerkot,2026-07-23 16:34:56.886994+00:00,17,6,5,88.0,73.0,76.0,88.0,84.83333333333333,80.125,28.26666666666667,24.3875,148.26666666666668,120.91666666666667,9.0,66.0,71.0,72.0
2026-05-03 18:00:00,26.8,21,1014.4,23.3,339,0.0,17.1,74.5,128.0,0.1,1.5,106.0,83,Umerkot,2026-07-23 16:34:56.886994+00:00,18,6,5,89.0,74.0,77.0,87.0,85.58333333333333,80.375,25.25,23.970833333333335,130.65,116.82083333333334,6.0,67.0,70.0,71.0
2026-05-03 19:00:00,25.8,23,1014.8,22.3,344,0.0,12.9,43.8,129.0,0.1,1.6,103.0,81,Umerkot,2026-07-23 16:34:56.886994+00:00,19,6,5,89.0,77.0,77.0,85.66666666666667,85.91666666666667,80.54166666666667,22.05,23.558333333333334,109.85000000000001,113.02083333333333,4.0,66.0,67.0,69.0
2026-05-03 20:00:00,24.5,25,1015.3,20.3,349,0.0,9.4,26.4,131.0,0.1,1.7,99.0,79,Umerkot,2026-07-23 16:34:56.886994+00:00,20,6,5,89.0,81.0,77.0,84.0,85.75,80.625,18.683333333333334,23.22083333333333,87.7,110.33749999999999,2.0,64.0,64.0,66.0
2026-05-03 21:00:00,23.6,25,1016.1,15.2,5,0.0,7.0,18.2,134.0,0.1,1.7,95.0,78,Umerkot,2026-07-23 16:34:56.886994+00:00,21,6,5,89.0,84.0,77.0,82.16666666666667,85.25,80.66666666666667,15.316666666666668,22.962500000000002,66.21666666666667,108.77916666666668,1.0,61.0,59.0,61.0
2026-05-03 22:00:00,22.6,27,1016.7,14.2,15,0.0,5.6,15.9,136.0,0.1,1.6,92.0,77,Umerkot,2026-07-23 16:34:56.886994+00:00,22,6,5,87.0,86.0,76.0,80.5,84.5,80.70833333333333,12.183333333333332,22.741666666666664,47.216666666666676,107.93333333333332,1.0,61.0,54.0,55.0
2026-05-03 23:00:00,21.5,30,1017.3,16.5,14,0.0,5.1,16.5,138.0,0.1,1.5,89.0,76,Umerkot,2026-07-23 16:34:56.886994+00:00,23,6,5,85.0,88.0,75.0,79.0,83.5,80.75,9.516666666666667,22.516666666666666,32.55000000000001,107.29583333333333,1.0,62.0,49.0,49.0
2026-05-04 00:00:00,20.2,34,1017.8,19.6,19,0.0,5.6,22.8,140.0,0.1,1.1,87.0,76,Umerkot,2026-07-23 16:34:56.886994+00:00,0,0,5,83.0,89.0,75.0,77.83333333333333,82.41666666666667,80.79166666666667,7.599999999999999,22.258333333333336,23.93333333333334,106.65833333333335,1.0,62.0,48.0,47.0
2026-05-04 01:00:00,19.1,35,1017.7,19.0,19,0.0,6.2,26.3,141.0,0.1,0.9,85.0,76,Umerkot,2026-07-23 16:34:56.886994+00:00,1,0,5,81.0,89.0,75.0,77.0,81.33333333333333,80.83333333333333,6.483333333333333,21.995833333333334,21.016666666666676,106.04166666666667,1.0,61.0,46.0,45.0
2026-05-04 02:00:00,18.1,38,1017.5,18.0,23,0.0,7.3,33.9,142.0,0.1,0.6,82.0,76,Umerkot,2026-07-23 16:34:56.886994+00:00,2,0,5,79.0,89.0,75.0,76.5,80.25,80.875,6.133333333333333,21.75,22.266666666666676,105.625,1.0,61.0,44.0,43.0
2026-05-04 03:00:00,17.3,40,1017.6,20.6,20,0.0,9.3,46.7,143.0,0.1,0.4,81.0,75,Umerkot,2026-07-23 16:34:56.886994+00:00,3,0,5,78.0,89.0,74.0,76.0,79.08333333333333,80.91666666666667,6.516666666666667,21.575000000000003,27.01666666666668,105.77916666666668,1.0,60.0,42.0,41.0
2026-05-04 04:00:00,16.3,42,1018.1,19.9,21,0.0,14.5,77.8,143.0,0.1,0.3,82.0,75,Umerkot,2026-07-23 16:34:56.886994+00:00,4,0,5,77.0,87.0,74.0,75.66666666666667,78.08333333333333,80.95833333333333,8.0,21.641666666666666,37.33333333333334,107.4375,1.0,59.0,41.0,40.0
2026-05-04 05:00:00,15.4,43,1018.5,19.4,26,0.0,22.4,116.4,143.0,0.2,0.2,83.0,76,Umerkot,2026-07-23 16:34:56.886994+00:00,5,0,5,76.0,85.0,73.0,75.66666666666667,77.33333333333333,81.08333333333333,10.883333333333335,21.84583333333333,53.98333333333335,109.24166666666666,3.0,58.0,40.0,38.0
2026-05-04 06:00:00,14.4,43,1019.1,18.6,30,0.0,37.3,213.7,143.0,0.2,0.2,87.0,77,Umerkot,2026-07-23 16:34:56.886994+00:00,6,0,5,76.0,83.0,74.0,75.83333333333333,76.83333333333333,81.20833333333333,16.166666666666668,21.945833333333336,85.80000000000001,109.87916666666668,3.0,57.0,39.0,37.0
2026-05-04 07:00:00,13.5,43,1019.5,17.4,36,0.0,41.3,239.3,143.0,0.2,0.2,94.0,77,Umerkot,2026-07-23 16:34:56.886994+00:00,7,0,5,76.0,81.0,77.0,76.0,76.5,81.20833333333333,22.016666666666666,21.8625,121.30000000000001,109.64583333333333,0.0,54.0,39.0,37.0
2026-05-04 08:00:00,14.1,41,1020.3,14.9,45,0.0,36.3,216.1,144.0,0.1,0.3,102.0,77,Umerkot,2026-07-23 16:34:56.886994+00:00,8,0,5,76.0,79.0,81.0,76.16666666666667,76.33333333333333,81.04166666666667,26.849999999999998,21.6125,151.66666666666666,109.33749999999999,-4.0,51.0,40.0,37.0
2026-05-04 09:00:00,15.8,38,1021.1,20.0,49,0.0,28.3,165.8,143.0,0.1,0.4,109.0,77,Umerkot,2026-07-23 16:34:56.886994+00:00,9,0,5,75.0,78.0,84.0,76.5,76.25,80.75,30.016666666666666,21.1625,171.51666666666665,108.15416666666665,-7.0,48.0,41.0,38.0
2026-05-04 10:00:00,17.5,35,1021.1,20.1,56,0.0,22.3,125.7,141.0,0.1,0.4,113.0,77,Umerkot,2026-07-23 16:34:56.886994+00:00,10,0,5,75.0,77.0,86.0,76.83333333333333,76.25,80.375,31.316666666666663,20.54583333333333,179.5,105.90416666666665,-9.0,43.0,43.0,40.0
2026-05-04 11:00:00,19.3,31,1021.2,20.6,54,0.0,18.2,99.0,137.0,0.1,0.4,115.0,75,Umerkot,2026-07-23 16:34:56.886994+00:00,11,0,5,76.0,76.0,88.0,76.66666666666667,76.16666666666667,79.83333333333333,30.61666666666667,19.820833333333336,176.60000000000002,102.84999999999998,-13.0,44.0,45.0,43.0
2026-05-04 12:00:00,20.9,26,1020.9,19.5,45,0.0,14.8,81.7,135.0,0.1,0.3,119.0,74,Umerkot,2026-07-23 16:34:56.886994+00:00,12,0,5,77.0,76.0,89.0,76.16666666666667,76.0,79.20833333333333,26.866666666666664,18.97083333333333,154.6,98.74583333333334,-15.0,47.0,47.0,45.0
2026-05-04 13:00:00,22.2,20,1020.3,18.7,39,0.0,12.5,66.4,135.0,0.1,0.3,120.0,72,Umerkot,2026-07-23 16:34:56.886994+00:00,13,0,5,77.0,76.0,89.0,75.33333333333333,75.66666666666667,78.5,22.066666666666666,18.154166666666665,125.78333333333335,94.48750000000001,-17.0,50.0,50.0,47.0
2026-05-04 14:00:00,23.2,16,1019.5,18.4,37,0.0,10.9,56.8,136.0,0.1,0.3,121.0,70,Umerkot,2026-07-23 16:34:56.886994+00:00,14,0,5,77.0,76.0,89.0,74.16666666666667,75.16666666666667,77.70833333333333,17.833333333333332,17.375,99.23333333333335,90.21666666666665,-19.0,57.0,57.0,50.0
2026-05-04 15:00:00,23.7,15,1018.9,19.1,32,0.0,9.8,49.9,137.0,0.1,0.3,121.0,68,Umerkot,2026-07-23 16:34:56.886994+00:00,15,0,5,77.0,75.0,89.0,72.66666666666667,74.58333333333333,76.83333333333333,14.75,16.650000000000002,79.91666666666667,86.16666666666667,-21.0,64.0,64.0,58.0
2026-05-04 16:00:00,24.0,15,1018.3,19.5,30,0.0,9.1,44.9,137.0,0.1,0.3,118.0,66,Umerkot,2026-07-23 16:34:56.886994+00:00,16,0,5,77.0,75.0,87.0,70.83333333333333,73.83333333333333,75.95833333333333,12.549999999999999,16.0125,66.45,82.625,-21.0,69.0,69.0,65.0
2026-05-04 17:00:00,24.0,15,1018.0,19.3,27,0.0,8.4,40.7,138.0,0.1,0.4,114.0,66,Umerkot,2026-07-23 16:34:56.886994+00:00,17,0,5,75.0,76.0,85.0,69.33333333333333,73.0,75.16666666666667,10.916666666666666,15.483333333333334,56.73333333333335,79.96666666666665,-19.0,71.0,72.0,67.0
2026-05-04 18:00:00,23.4,16,1017.7,19.4,30,0.0,7.7,35.3,138.0,0.1,0.4,109.0,67,Umerkot,2026-07-23 16:34:56.886994+00:00,18,0,5,74.0,77.0,83.0,68.16666666666667,72.16666666666667,74.5,9.733333333333333,15.091666666666667,49.0,78.33333333333333,-16.0,70.0,71.0,66.0
2026-05-04 19:00:00,22.7,16,1017.5,18.8,36,0.0,7.0,30.2,138.0,0.1,0.4,104.0,66,Umerkot,2026-07-23 16:34:56.886994+00:00,19,0,5,72.0,77.0,81.0,67.16666666666667,71.25,73.875,8.816666666666666,14.845833333333333,42.966666666666676,77.76666666666667,-15.0,67.0,69.0,64.0
2026-05-04 20:00:00,21.7,17,1017.4,16.3,37,0.0,6.3,26.5,139.0,0.1,0.3,98.0,64,Umerkot,2026-07-23 16:34:56.886994+00:00,20,0,5,70.0,77.0,79.0,66.16666666666667,70.16666666666667,73.25,8.05,14.716666666666667,37.91666666666667,77.77083333333333,-15.0,64.0,66.0,60.0
2026-05-04 21:00:00,20.7,18,1018.2,16.6,37,0.0,5.6,23.0,139.0,0.1,0.3,93.0,61,Umerkot,2026-07-23 16:34:56.886994+00:00,21,0,5,68.0,77.0,78.0,65.0,68.83333333333333,72.54166666666667,7.349999999999999,14.658333333333333,33.433333333333344,77.97083333333333,-17.0,59.0,61.0,55.0
2026-05-04 22:00:00,19.6,20,1019.0,15.6,40,0.0,4.8,19.3,139.0,0.1,0.3,89.0,61,Umerkot,2026-07-23 16:34:56.886994+00:00,22,0,5,66.0,77.0,77.0,64.16666666666667,67.5,71.875,6.633333333333334,14.625,29.166666666666675,78.1125,-16.0,54.0,55.0,50.0
2026-05-04 23:00:00,18.5,22,1019.3,13.9,42,0.0,4.0,15.3,138.0,0.1,0.2,86.0,62,Umerkot,2026-07-23 16:34:56.886994+00:00,23,0,5,66.0,75.0,76.0,63.5,66.41666666666667,71.29166666666667,5.8999999999999995,14.579166666666666,24.933333333333348,78.0625,-14.0,49.0,49.0,48.0
2026-05-05 00:00:00,17.3,24,1019.7,13.0,39,0.0,2.8,6.6,137.0,0.1,0.2,83.0,62,Umerkot,2026-07-23 16:34:56.886994+00:00,0,1,5,67.0,74.0,76.0,62.666666666666664,65.41666666666667,70.70833333333333,5.083333333333333,14.4625,20.15000000000001,77.3875,-14.0,48.0,47.0,46.0
2026-05-05 01:00:00,16.3,26,1019.4,13.8,40,0.0,2.5,6.1,136.0,0.1,0.2,81.0,61,Umerkot,2026-07-23 16:34:56.886994+00:00,1,1,5,66.0,72.0,76.0,61.833333333333336,64.5,70.08333333333333,4.333333333333333,14.308333333333335,16.133333333333344,76.54583333333333,-15.0,46.0,45.0,44.0
2026-05-05 02:00:00,15.4,30,1018.9,14.7,43,0.0,2.5,6.4,135.0,0.1,0.2,78.0,61,Umerkot,2026-07-23 16:34:56.886994+00:00,2,1,5,64.0,70.0,76.0,61.333333333333336,63.75,69.45833333333333,3.7000000000000006,14.108333333333334,12.783333333333344,75.39999999999999,-15.0,44.0,43.0,43.0
2026-05-05 03:00:00,14.7,34,1018.4,15.2,50,0.0,2.6,8.1,134.0,0.1,0.2,77.0,60,Umerkot,2026-07-23 16:34:56.886994+00:00,3,1,5,61.0,68.0,75.0,61.166666666666664,63.083333333333336,68.83333333333333,3.1999999999999997,13.829166666666666,10.30000000000001,73.79166666666667,-15.0,42.0,41.0,42.0
2026-05-05 04:00:00,13.6,37,1018.1,14.1,58,0.0,2.9,11.3,133.0,0.1,0.2,78.0,59,Umerkot,2026-07-23 16:34:56.886994+00:00,4,1,5,61.0,66.0,75.0,60.833333333333336,62.5,68.16666666666667,2.883333333333333,13.345833333333333,8.966666666666676,71.02083333333333,-16.0,41.0,40.0,41.0
2026-05-05 05:00:00,12.7,40,1018.1,13.0,66,0.0,3.1,14.4,133.0,0.1,0.3,81.0,58,Umerkot,2026-07-23 16:34:56.886994+00:00,5,1,5,62.0,66.0,76.0,60.166666666666664,61.833333333333336,67.41666666666667,2.733333333333333,12.541666666666664,8.816666666666677,66.77083333333333,-18.0,40.0,38.0,41.0
2026-05-05 06:00:00,12.0,44,1018.1,12.6,71,0.0,3.8,22.5,133.0,0.1,0.3,86.0,57,Umerkot,2026-07-23 16:34:56.886994+00:00,6,1,5,62.0,67.0,77.0,59.333333333333336,61.0,66.58333333333333,2.9,11.145833333333334,11.466666666666677,58.80416666666667,-20.0,39.0,37.0,41.0
2026-05-05 07:00:00,11.4,47,1018.5,11.1,81,0.0,7.1,53.1,134.0,0.1,0.3,96.0,54,Umerkot,2026-07-23 16:34:56.886994+00:00,7,1,5,61.0,66.0,77.0,58.166666666666664,60.0,65.625,3.6666666666666665,9.720833333333333,19.30000000000001,51.04583333333334,-23.0,39.0,37.0,41.0
2026-05-05 08:00:00,13.1,43,1019.0,8.8,89,0.0,8.4,62.9,136.0,0.1,0.4,109.0,51,Umerkot,2026-07-23 16:34:56.886994+00:00,8,1,5,61.0,64.0,77.0,56.5,58.916666666666664,64.54166666666667,4.6499999999999995,8.558333333333332,28.71666666666668,44.6625,-26.0,40.0,37.0,42.0
2026-05-05 09:00:00,16.4,36,1019.3,10.3,57,0.0,8.0,58.3,136.0,0.1,0.4,118.0,48,Umerkot,2026-07-23 16:34:56.886994+00:00,9,1,5,60.0,61.0,77.0,54.5,57.833333333333336,63.333333333333336,5.55,7.7124999999999995,37.08333333333334,40.18333333333333,-29.0,41.0,38.0,44.0
2026-05-05 10:00:00,18.3,33,1019.5,17.6,52,0.0,7.7,55.4,133.0,0.1,0.4,121.0,43,Umerkot,2026-07-23 16:34:56.886994+00:00,10,1,5,59.0,61.0,77.0,51.833333333333336,56.333333333333336,61.916666666666664,6.3500000000000005,7.104166666666667,44.43333333333334,37.25416666666667,-34.0,43.0,40.0,47.0
2026-05-05 11:00:00,20.3,25,1019.2,18.0,56,0.0,7.5,52.0,129.0,0.1,0.4,122.0,44,Umerkot,2026-07-23 16:34:56.886994+00:00,11,1,5,58.0,62.0,75.0,49.5,54.833333333333336,60.625,7.083333333333333,6.658333333333334,50.70000000000001,35.295833333333334,-31.0,45.0,43.0,49.0
2026-05-05 12:00:00,22.0,19,1018.9,18.3,54,0.0,7.0,48.8,126.0,0.1,0.5,121.0,47,Umerkot,2026-07-23 16:34:56.886994+00:00,12,1,5,57.0,62.0,74.0,47.833333333333336,53.583333333333336,59.5,7.616666666666667,6.333333333333333,55.08333333333334,33.925000000000004,-27.0,47.0,45.0,57.0
2026-05-05 13:00:00,23.2,17,1018.2,19.2,52,0.0,7.1,47.8,126.0,0.1,0.5,121.0,50,Umerkot,2026-07-23 16:34:56.886994+00:00,13,1,5,54.0,61.0,72.0,47.166666666666664,52.666666666666664,58.583333333333336,7.616666666666667,6.108333333333333,54.20000000000001,33.15,-22.0,50.0,47.0,67.0
2026-05-05 14:00:00,24.2,15,1017.6,19.7,49,0.0,7.4,48.7,127.0,0.1,0.6,120.0,57,Umerkot,2026-07-23 16:34:56.886994+00:00,14,1,5,51.0,61.0,70.0,48.166666666666664,52.333333333333336,58.041666666666664,7.45,5.9624999999999995,51.83333333333334,32.8125,-13.0,57.0,50.0,76.0
2026-05-05 15:00:00,24.6,15,1017.2,20.7,39,0.0,7.8,49.6,128.0,0.1,0.6,119.0,64,Umerkot,2026-07-23 16:34:56.886994+00:00,15,1,5,48.0,60.0,68.0,50.833333333333336,52.666666666666664,57.875,7.416666666666667,5.879166666666666,50.38333333333335,32.8,-4.0,64.0,58.0,84.0
2026-05-05 16:00:00,25.0,15,1016.8,20.2,37,0.0,8.3,51.1,129.0,0.1,0.5,117.0,69,Umerkot,2026-07-23 16:34:56.886994+00:00,16,1,5,43.0,59.0,66.0,55.166666666666664,53.5,58.0,7.516666666666667,5.845833333333334,49.66666666666668,33.05833333333333,3.0,69.0,65.0,88.0
2026-05-05 17:00:00,24.8,16,1016.3,21.6,36,0.0,8.9,52.2,129.0,0.1,0.3,114.0,71,Umerkot,2026-07-23 16:34:56.886994+00:00,17,1,5,44.0,58.0,66.0,59.666666666666664,54.583333333333336,58.208333333333336,7.75,5.866666666666667,49.70000000000001,33.5375,5.0,72.0,67.0,89.0
2026-05-05 18:00:00,24.0,18,1016.0,22.5,37,0.0,9.1,49.6,130.0,0.1,0.2,110.0,70,Umerkot,2026-07-23 16:34:56.886994+00:00,18,1,5,47.0,57.0,67.0,63.5,55.666666666666664,58.333333333333336,8.1,5.925,49.83333333333334,34.13333333333333,3.0,71.0,66.0,86.0
2026-05-05 19:00:00,23.1,19,1016.0,22.1,38,0.0,8.6,40.5,130.0,0.1,0.2,105.0,67,Umerkot,2026-07-23 16:34:56.886994+00:00,19,1,5,50.0,54.0,66.0,66.33333333333333,56.75,58.375,8.35,5.991666666666666,48.616666666666674,34.5625,1.0,69.0,64.0,82.0
2026-05-05 20:00:00,22.0,21,1016.1,19.4,41,0.0,8.1,34.3,130.0,0.1,0.3,100.0,64,Umerkot,2026-07-23 16:34:56.886994+00:00,20,1,5,57.0,51.0,64.0,67.5,57.833333333333336,58.375,8.466666666666667,6.066666666666666,46.216666666666676,34.887499999999996,0.0,66.0,60.0,77.0
2026-05-05 21:00:00,21.1,23,1016.7,17.7,45,0.0,7.5,28.1,131.0,0.1,0.3,95.0,59,Umerkot,2026-07-23 16:34:56.886994+00:00,21,1,5,64.0,48.0,61.0,66.66666666666667,58.75,58.291666666666664,8.416666666666666,6.145833333333333,42.63333333333334,35.1,-2.0,61.0,55.0,71.0
2026-05-05 22:00:00,20.1,24,1017.0,16.5,50,0.0,6.7,21.5,133.0,0.1,0.3,91.0,54,Umerkot,2026-07-23 16:34:56.886994+00:00,22,1,5,69.0,43.0,61.0,64.16666666666667,59.666666666666664,58.0,8.15,6.2250000000000005,37.70000000000001,35.19166666666667,-7.0,55.0,50.0,65.0
2026-05-05 23:00:00,19.1,27,1017.4,16.5,54,0.0,5.9,16.4,136.0,0.1,0.3,88.0,49,Umerkot,2026-07-23 16:34:56.886994+00:00,23,1,5,71.0,44.0,62.0,60.5,60.083333333333336,57.458333333333336,7.6499999999999995,6.304166666666667,31.733333333333345,35.237500000000004,-13.0,49.0,48.0,58.0
2026-05-06 00:00:00,18.1,29,1017.6,15.5,54,0.0,5.2,12.4,138.0,0.1,0.3,85.0,48,Umerkot,2026-07-23 16:34:56.886994+00:00,0,2,5,70.0,47.0,62.0,56.833333333333336,60.166666666666664,56.875,7.0,6.404166666666666,25.533333333333346,35.479166666666664,-14.0,47.0,46.0,52.0
2026-05-06 01:00:00,17.0,30,1017.6,13.9,57,0.0,4.7,10.2,138.0,0.1,0.3,84.0,46,Umerkot,2026-07-23 16:34:56.886994+00:00,1,2,5,67.0,50.0,61.0,53.333333333333336,59.833333333333336,56.25,6.3500000000000005,6.495833333333333,20.48333333333334,35.65,-15.0,45.0,44.0,49.0
2026-05-06 02:00:00,16.0,30,1017.2,14.0,61,0.0,4.2,9.1,136.0,0.1,0.3,82.0,44,Umerkot,2026-07-23 16:34:56.886994+00:00,2,2,5,64.0,57.0,61.0,50.0,58.75,55.541666666666664,5.7,6.566666666666666,16.283333333333342,35.7625,-17.0,43.0,43.0,47.0
2026-05-06 03:00:00,15.2,28,1016.8,14.6,61,0.0,4.3,10.6,135.0,0.1,0.3,82.0,42,Umerkot,2026-07-23 16:34:56.886994+00:00,3,2,5,59.0,64.0,60.0,47.166666666666664,56.916666666666664,54.791666666666664,5.166666666666667,6.637499999999999,13.366666666666674,35.86666666666667,-18.0,41.0,42.0,45.0
2026-05-06 04:00:00,14.2,29,1016.7,14.7,64,0.0,4.7,14.4,135.0,0.1,0.3,82.0,41,Umerkot,2026-07-23 16:34:56.886994+00:00,4,2,5,54.0,69.0,59.0,45.0,54.583333333333336,54.041666666666664,4.833333333333333,6.7124999999999995,12.183333333333342,35.99583333333334,-18.0,40.0,41.0,45.0
2026-05-06 05:00:00,13.2,30,1016.9,14.5,69,0.0,5.3,20.4,135.0,0.1,0.2,84.0,40,Umerkot,2026-07-23 16:34:56.886994+00:00,5,2,5,49.0,71.0,58.0,43.5,52.0,53.291666666666664,4.733333333333333,6.804166666666666,12.850000000000009,36.24583333333333,-18.0,38.0,41.0,46.0
2026-05-06 06:00:00,12.4,32,1016.9,14.0,77,0.0,6.6,33.6,136.0,0.1,0.2,88.0,39,Umerkot,2026-07-23 16:34:56.886994+00:00,6,2,5,48.0,70.0,57.0,42.0,49.416666666666664,52.541666666666664,4.966666666666667,6.920833333333334,16.383333333333344,36.708333333333336,-18.0,37.0,41.0,48.0
2026-05-06 07:00:00,11.7,35,1017.4,13.7,89,0.0,9.2,58.0,137.0,0.1,0.2,97.0,39,Umerkot,2026-07-23 16:34:56.886994+00:00,7,2,5,46.0,67.0,54.0,40.833333333333336,47.083333333333336,51.916666666666664,5.716666666666666,7.008333333333333,24.350000000000012,36.9125,-15.0,37.0,41.0,50.0
2026-05-06 08:00:00,12.9,33,1018.2,12.7,103,0.0,9.5,58.1,138.0,0.1,0.2,108.0,40,Umerkot,2026-07-23 16:34:56.886994+00:00,8,2,5,44.0,64.0,51.0,40.166666666666664,45.083333333333336,51.458333333333336,6.599999999999999,7.054166666666667,32.51666666666668,36.7125,-11.0,37.0,42.0,52.0
2026-05-06 09:00:00,15.7,28,1018.2,13.4,104,0.0,8.9,51.5,139.0,0.1,0.2,117.0,41,Umerkot,2026-07-23 16:34:56.886994+00:00,9,2,5,42.0,59.0,48.0,40.0,43.583333333333336,51.166666666666664,7.366666666666667,7.091666666666668,39.33333333333334,36.42916666666667,-7.0,38.0,44.0,53.0
2026-05-06 10:00:00,18.5,24,1018.3,17.2,101,0.0,8.2,44.8,138.0,0.1,0.2,120.0,43,Umerkot,2026-07-23 16:34:56.886994+00:00,10,2,5,41.0,54.0,43.0,40.333333333333336,42.666666666666664,51.166666666666664,7.949999999999999,7.1125,44.40000000000001,35.987500000000004,0.0,40.0,47.0,54.0
2026-05-06 11:00:00,20.8,21,1017.9,19.6,100,0.0,7.5,39.1,136.0,0.1,0.2,120.0,45,Umerkot,2026-07-23 16:34:56.886994+00:00,11,2,5,40.0,49.0,44.0,41.166666666666664,42.333333333333336,51.208333333333336,8.316666666666666,7.1125,47.51666666666668,35.45,1.0,43.0,49.0,55.0
2026-05-06 12:00:00,22.4,18,1017.9,16.2,100,0.0,5.1,27.3,135.0,0.1,0.2,121.0,47,Umerkot,2026-07-23 16:34:56.886994+00:00,12,2,5,39.0,48.0,47.0,42.5,42.25,51.208333333333336,8.066666666666666,7.033333333333332,46.466666666666676,34.55416666666667,0.0,45.0,57.0,56.0
2026-05-06 13:00:00,23.9,16,1017.2,14.3,96,0.0,4.6,23.1,134.0,0.1,0.2,122.0,50,Umerkot,2026-07-23 16:34:56.886994+00:00,13,2,5,39.0,46.0,50.0,44.333333333333336,42.583333333333336,51.208333333333336,7.300000000000001,6.929166666666667,40.650000000000006,33.525,0.0,47.0,67.0,56.0
2026-05-06 14:00:00,25.2,14,1016.3,14.8,88,0.0,4.2,20.2,134.0,0.1,0.3,123.0,57,Umerkot,2026-07-23 16:34:56.886994+00:00,14,2,5,40.0,44.0,57.0,47.166666666666664,43.666666666666664,51.208333333333336,6.416666666666665,6.795833333333333,34.33333333333334,32.3375,0.0,50.0,76.0,58.0
2026-05-06 15:00:00,25.9,11,1015.7,15.0,71,0.0,4.1,18.5,134.0,0.1,0.3,122.0,64,Umerkot,2026-07-23 16:34:56.886994+00:00,15,2,5,41.0,42.0,64.0,51.0,45.5,51.208333333333336,5.616666666666666,6.641666666666667,28.833333333333343,31.041666666666668,0.0,58.0,84.0,65.0
2026-05-06 16:00:00,26.5,11,1015.0,15.0,66,0.0,4.0,17.5,134.0,0.1,0.3,119.0,69,Umerkot,2026-07-23 16:34:56.886994+00:00,16,2,5,43.0,41.0,69.0,55.333333333333336,47.833333333333336,51.208333333333336,4.916666666666667,6.4624999999999995,24.283333333333346,29.641666666666666,0.0,65.0,88.0,69.0
2026-05-06 17:00:00,26.5,10,1014.6,15.3,58,0.0,4.0,16.4,134.0,0.1,0.3,115.0,72,Umerkot,2026-07-23 16:34:56.886994+00:00,17,2,5,45.0,40.0,71.0,59.833333333333336,50.5,51.25,4.333333333333333,6.258333333333333,20.50000000000001,28.150000000000002,1.0,67.0,89.0,71.0
2026-05-06 18:00:00,26.1,11,1014.7,16.3,54,0.0,3.9,15.4,134.0,0.1,0.3,110.0,71,Umerkot,2026-07-23 16:34:56.886994+00:00,18,2,5,47.0,39.0,70.0,63.833333333333336,53.166666666666664,51.291666666666664,4.133333333333334,6.041666666666667,18.516666666666676,26.724999999999998,1.0,66.0,86.0,70.0
2026-05-06 19:00:00,25.4,11,1014.5,16.4,55,0.0,4.1,17.9,134.0,0.1,0.3,104.0,69,Umerkot,2026-07-23 16:34:56.886994+00:00,19,2,5,50.0,39.0,67.0,67.0,55.666666666666664,51.375,4.05,5.854166666666667,17.65000000000001,25.78333333333333,2.0,64.0,82.0,67.0
2026-05-06 20:00:00,24.2,13,1014.7,14.5,52,0.0,4.1,16.7,134.0,0.1,0.2,98.0,66,Umerkot,2026-07-23 16:34:56.886994+00:00,20,2,5,57.0,40.0,64.0,68.5,57.833333333333336,51.458333333333336,4.033333333333332,5.6875,17.066666666666674,25.05,2.0,60.0,77.0,63.0
2026-05-06 21:00:00,23.0,17,1015.3,13.8,57,0.0,4.0,15.4,134.0,0.1,0.2,93.0,61,Umerkot,2026-07-23 16:34:56.886994+00:00,21,2,5,64.0,41.0,59.0,68.0,59.5,51.541666666666664,4.016666666666667,5.541666666666667,16.550000000000008,24.520833333333332,2.0,55.0,71.0,59.0
2026-05-06 22:00:00,21.9,19,1016.0,12.7,55,0.0,4.3,16.6,134.0,0.1,0.2,89.0,55,Umerkot,2026-07-23 16:34:56.886994+00:00,22,2,5,69.0,43.0,54.0,65.66666666666667,60.5,51.583333333333336,4.066666666666666,5.441666666666666,16.40000000000001,24.316666666666666,1.0,50.0,65.0,59.0
2026-05-06 23:00:00,20.8,21,1016.4,14.1,60,0.0,4.8,20.3,133.0,0.1,0.2,86.0,49,Umerkot,2026-07-23 16:34:56.886994+00:00,23,2,5,72.0,45.0,49.0,61.833333333333336,60.833333333333336,51.583333333333336,4.2,5.395833333333333,17.050000000000008,24.479166666666668,0.0,48.0,58.0,59.0
2026-05-07 00:00:00,19.8,24,1016.5,15.1,65,0.0,5.2,21.5,133.0,0.1,0.2,82.0,47,Umerkot,2026-07-23 16:34:56.886994+00:00,0,3,5,71.0,47.0,48.0,57.833333333333336,60.833333333333336,51.541666666666664,4.416666666666666,5.395833333333333,18.066666666666674,24.858333333333334,-1.0,46.0,52.0,59.0
2026-05-07 01:00:00,18.7,26,1016.1,15.6,67,0.0,5.7,24.2,133.0,0.1,0.2,80.0,45,Umerkot,2026-07-23 16:34:56.886994+00:00,1,3,5,69.0,50.0,46.0,53.833333333333336,60.416666666666664,51.5,4.683333333333334,5.4375,19.116666666666678,25.441666666666666,-1.0,44.0,49.0,59.0
2026-05-07 02:00:00,17.7,28,1015.9,15.8,73,0.0,6.3,28.1,132.0,0.1,0.3,78.0,43,Umerkot,2026-07-23 16:34:56.886994+00:00,2,3,5,66.0,57.0,44.0,50.0,59.25,51.458333333333336,5.05,5.5249999999999995,21.016666666666676,26.23333333333333,-1.0,43.0,47.0,59.0
2026-05-07 03:00:00,16.8,29,1015.7,15.5,72,0.0,6.9,31.5,132.0,0.1,0.3,77.0,41,Umerkot,2026-07-23 16:34:56.886994+00:00,3,3,5,61.0,64.0,42.0,46.666666666666664,57.333333333333336,51.416666666666664,5.533333333333332,5.633333333333334,23.700000000000014,27.104166666666668,-1.0,42.0,45.0,58.0
2026-05-07 04:00:00,15.8,32,1015.6,15.6,75,0.0,7.3,34.3,132.0,0.1,0.3,76.0,40,Umerkot,2026-07-23 16:34:56.886994+00:00,4,3,5,55.0,69.0,41.0,44.166666666666664,54.916666666666664,51.375,6.033333333333334,5.741666666666666,26.65000000000001,27.933333333333334,-1.0,41.0,45.0,58.0
2026-05-07 05:00:00,14.9,34,1016.1,15.7,75,0.0,7.3,33.1,132.0,0.2,0.3,76.0,38,Umerkot,2026-07-23 16:34:56.886994+00:00,5,3,5,49.0,72.0,40.0,42.333333333333336,52.083333333333336,51.291666666666664,6.45,5.825,28.783333333333342,28.462500000000002,-2.0,41.0,46.0,58.0
2026-05-07 06:00:00,14.1,37,1016.2,15.5,85,0.0,8.1,41.8,132.0,0.2,0.3,80.0,37,Umerkot,2026-07-23 16:34:56.886994+00:00,6,3,5,47.0,71.0,39.0,40.666666666666664,49.25,51.208333333333336,6.933333333333333,5.887499999999999,32.16666666666668,28.804166666666664,-2.0,41.0,48.0,57.0
2026-05-07 07:00:00,13.5,38,1016.8,15.5,92,0.0,9.0,54.6,132.0,0.2,0.3,90.0,37,Umerkot,2026-07-23 16:34:56.886994+00:00,7,3,5,45.0,69.0,39.0,39.333333333333336,46.583333333333336,51.125,7.483333333333334,5.879166666666666,37.23333333333334,28.662499999999998,-2.0,41.0,50.0,57.0
2026-05-07 08:00:00,14.7,35,1017.5,13.8,102,0.0,9.0,57.7,132.0,0.1,0.3,104.0,37,Umerkot,2026-07-23 16:34:56.886994+00:00,8,3,5,43.0,66.0,40.0,38.333333333333336,44.166666666666664,51.0,7.933333333333333,5.858333333333333,42.16666666666668,28.645833333333332,-3.0,42.0,52.0,57.0
2026-05-07 09:00:00,17.3,29,1018.0,15.3,105,0.0,8.3,51.2,132.0,0.1,0.4,114.0,38,Umerkot,2026-07-23 16:34:56.886994+00:00,9,3,5,41.0,61.0,41.0,37.833333333333336,42.25,50.875,8.166666666666666,5.833333333333333,45.45000000000001,28.633333333333336,-3.0,44.0,53.0,57.0
2026-05-07 10:00:00,19.9,24,1018.3,19.4,107,0.0,7.3,42.6,132.0,0.1,0.5,118.0,40,Umerkot,2026-07-23 16:34:56.886994+00:00,10,3,5,40.0,55.0,43.0,37.833333333333336,41.0,50.75,8.166666666666666,5.795833333333333,46.83333333333334,28.541666666666668,-3.0,47.0,54.0,57.0
2026-05-07 11:00:00,22.2,19,1017.9,21.4,103,0.0,6.3,34.5,131.0,0.1,0.7,118.0,43,Umerkot,2026-07-23 16:34:56.886994+00:00,11,3,5,38.0,49.0,45.0,38.666666666666664,40.5,50.666666666666664,8.0,5.745833333333334,47.066666666666684,28.349999999999998,-2.0,49.0,55.0,57.0
2026-05-07 12:00:00,23.9,17,1017.8,21.0,97,0.0,2.7,17.6,131.0,0.1,0.5,119.0,45,Umerkot,2026-07-23 16:34:56.886994+00:00,12,3,5,37.0,47.0,47.0,40.0,40.333333333333336,50.583333333333336,7.1000000000000005,5.645833333333333,43.03333333333334,27.945833333333336,-2.0,57.0,56.0,58.0
2026-05-07 13:00:00,25.3,16,1017.2,17.8,98,0.0,2.2,13.4,130.0,0.1,0.6,119.0,47,Umerkot,2026-07-23 16:34:56.886994+00:00,13,3,5,37.0,45.0,50.0,41.666666666666664,40.5,50.458333333333336,5.966666666666666,5.545833333333333,36.16666666666668,27.541666666666668,-3.0,67.0,56.0,59.0
2026-05-07 14:00:00,26.5,14,1016.6,13.8,97,0.0,2.1,11.2,130.0,0.1,0.8,120.0,50,Umerkot,2026-07-23 16:34:56.886994+00:00,14,3,5,37.0,43.0,57.0,43.833333333333336,41.083333333333336,50.166666666666664,4.816666666666667,5.458333333333333,28.416666666666675,27.166666666666668,-7.0,76.0,58.0,61.0
2026-05-07 15:00:00,27.4,12,1016.1,14.0,72,0.0,2.0,10.1,129.0,0.1,0.9,119.0,58,Umerkot,2026-07-23 16:34:56.886994+00:00,15,3,5,38.0,41.0,64.0,47.166666666666664,42.5,49.916666666666664,3.766666666666667,5.370833333333334,21.566666666666677,26.816666666666666,-6.0,84.0,65.0,62.0
2026-05-07 16:00:00,27.9,12,1015.4,14.6,64,0.0,2.0,10.0,129.0,0.1,0.8,116.0,65,Umerkot,2026-07-23 16:34:56.886994+00:00,16,3,5,40.0,40.0,69.0,51.333333333333336,44.583333333333336,49.75,2.8833333333333333,5.2875000000000005,16.133333333333344,26.504166666666666,-4.0,88.0,69.0,63.0
2026-05-07 17:00:00,28.0,11,1015.0,15.4,58,0.0,2.1,10.7,128.0,0.1,0.6,111.0,67,Umerkot,2026-07-23 16:34:56.886994+00:00,17,3,5,43.0,38.0,72.0,55.333333333333336,47.0,49.541666666666664,2.1833333333333336,5.208333333333333,12.166666666666677,26.266666666666666,-5.0,89.0,71.0,64.0
2026-05-07 18:00:00,27.6,12,1014.8,15.4,57,0.0,2.1,10.5,128.0,0.1,0.4,106.0,66,Umerkot,2026-07-23 16:34:56.886994+00:00,18,3,5,45.0,37.0,71.0,58.833333333333336,49.416666666666664,49.333333333333336,2.0833333333333335,5.133333333333334,10.983333333333343,26.0625,-5.0,86.0,70.0,64.0
2026-05-07 19:00:00,26.8,13,1014.8,15.1,52,0.0,2.5,12.1,128.0,0.1,0.4,100.0,64,Umerkot,2026-07-23 16:34:56.886994+00:00,19,3,5,47.0,37.0,69.0,61.666666666666664,51.666666666666664,49.125,2.1333333333333333,5.066666666666667,10.766666666666675,25.820833333333336,-5.0,82.0,67.0,65.0
2026-05-07 20:00:00,25.6,15,1014.9,13.0,49,0.0,2.6,10.6,128.0,0.1,0.4,94.0,60,Umerkot,2026-07-23 16:34:56.886994+00:00,20,3,5,50.0,37.0,66.0,63.333333333333336,53.583333333333336,48.875,2.216666666666667,5.004166666666666,10.666666666666677,25.566666666666663,-6.0,77.0,63.0,65.0
2026-05-07 21:00:00,24.4,17,1015.8,14.3,41,0.0,2.9,10.7,127.0,0.1,0.5,90.0,55,Umerkot,2026-07-23 16:34:56.886994+00:00,21,3,5,58.0,38.0,61.0,62.833333333333336,55.0,48.625,2.3666666666666667,4.958333333333333,10.766666666666675,25.370833333333334,-6.0,71.0,59.0,65.0
2026-05-07 22:00:00,23.3,19,1016.5,14.7,41,0.0,3.4,13.0,126.0,0.1,0.6,88.0,50,Umerkot,2026-07-23 16:34:56.886994+00:00,22,3,5,65.0,40.0,55.0,60.333333333333336,55.833333333333336,48.416666666666664,2.6,4.920833333333333,11.266666666666675,25.22083333333333,-5.0,65.0,59.0,66.0
2026-05-07 23:00:00,22.1,17,1017.0,15.5,43,0.0,4.2,18.6,124.0,0.1,0.8,87.0,48,Umerkot,2026-07-23 16:34:56.886994+00:00,23,3,5,67.0,43.0,49.0,57.166666666666664,56.25,48.375,2.9499999999999997,4.895833333333333,12.583333333333343,25.150000000000002,-1.0,58.0,59.0,66.0
2026-05-08 00:00:00,21.0,15,1017.4,15.7,47,0.0,5.4,26.7,123.0,0.1,1.1,88.0,46,Umerkot,2026-07-23 16:34:56.886994+00:00,0,4,5,66.0,45.0,47.0,53.833333333333336,56.333333333333336,48.333333333333336,3.5,4.904166666666667,15.283333333333344,25.366666666666664,-1.0,52.0,59.0,66.0
2026-05-08 01:00:00,19.9,15,1017.5,15.1,50,0.0,6.5,35.6,123.0,0.1,1.3,88.0,44,Umerkot,2026-07-23 16:34:56.886994+00:00,1,4,5,64.0,47.0,45.0,50.5,56.083333333333336,48.291666666666664,4.166666666666667,4.9375,19.20000000000001,25.841666666666665,-1.0,49.0,59.0,66.0
2026-05-08 02:00:00,18.8,18,1016.9,14.9,55,0.0,7.7,45.8,124.0,0.1,1.7,88.0,43,Umerkot,2026-07-23 16:34:56.886994+00:00,2,4,5,60.0,50.0,43.0,47.666666666666664,55.5,48.291666666666664,5.016666666666667,4.995833333333334,25.066666666666674,26.57916666666667,0.0,47.0,59.0,67.0
2026-05-08 03:00:00,18.0,22,1016.3,14.7,61,0.0,8.8,54.0,125.0,0.1,2.0,89.0,42,Umerkot,2026-07-23 16:34:56.886994+00:00,3,4,5,55.0,58.0,41.0,45.5,54.166666666666664,48.333333333333336,6.0,5.075,32.28333333333334,27.51666666666667,1.0,45.0,58.0,67.0
2026-05-08 04:00:00,17.0,26,1016.0,14.7,67,0.0,9.5,59.8,126.0,0.1,2.2,89.0,41,Umerkot,2026-07-23 16:34:56.886994+00:00,4,4,5,50.0,65.0,40.0,44.0,52.166666666666664,48.375,7.016666666666667,5.166666666666667,40.08333333333334,28.579166666666666,1.0,45.0,58.0,67.0
2026-05-08 05:00:00,16.1,29,1015.8,14.6,74,0.0,10.1,63.1,127.0,0.1,2.4,89.0,41,Umerkot,2026-07-23 16:34:56.886994+00:00,5,4,5,48.0,67.0,38.0,42.833333333333336,50.0,48.5,8.0,5.283333333333333,47.50000000000001,29.829166666666666,3.0,46.0,58.0,67.0
2026-05-08 06:00:00,15.2,32,1016.1,14.4,77,0.0,10.9,68.0,128.0,0.1,2.6,93.0,41,Umerkot,2026-07-23 16:34:56.886994+00:00,6,4,5,46.0,66.0,37.0,42.0,47.916666666666664,48.666666666666664,8.916666666666666,5.3999999999999995,54.38333333333335,30.920833333333334,4.0,48.0,57.0,67.0
2026-05-08 07:00:00,14.6,34,1016.8,14.4,82,0.0,13.1,88.0,129.0,0.1,3.1,104.0,41,Umerkot,2026-07-23 16:34:56.886994+00:00,7,4,5,44.0,64.0,37.0,41.5,46.0,48.833333333333336,10.016666666666667,5.570833333333334,63.116666666666674,32.3125,4.0,50.0,57.0,66.0
2026-05-08 08:00:00,16.1,32,1017.4,14.8,93,0.0,14.6,96.2,130.0,0.1,3.6,120.0,42,Umerkot,2026-07-23 16:34:56.886994+00:00,8,4,5,43.0,60.0,37.0,41.333333333333336,44.5,49.041666666666664,11.166666666666666,5.804166666666667,71.51666666666668,33.916666666666664,5.0,52.0,57.0,66.0
2026-05-08 09:00:00,18.8,28,1017.7,14.6,100,0.0,14.0,86.1,130.0,0.1,3.8,131.0,44,Umerkot,2026-07-23 16:34:56.886994+00:00,9,4,5,42.0,55.0,38.0,41.666666666666664,43.583333333333336,49.291666666666664,12.033333333333333,6.041666666666667,76.86666666666667,35.37083333333333,6.0,53.0,57.0,65.0
2026-05-08 10:00:00,21.6,25,1017.6,19.1,99,0.0,12.2,68.9,130.0,0.1,3.4,135.0,47,Umerkot,2026-07-23 16:34:56.886994+00:00,10,4,5,41.0,50.0,40.0,42.666666666666664,43.333333333333336,49.583333333333336,12.483333333333334,6.245833333333334,78.38333333333334,36.46666666666666,7.0,54.0,57.0,63.0
2026-05-08 11:00:00,23.9,22,1017.7,21.0,95,0.0,9.9,52.4,130.0,0.1,2.7,135.0,49,Umerkot,2026-07-23 16:34:56.886994+00:00,11,4,5,41.0,48.0,43.0,44.0,43.416666666666664,49.833333333333336,12.450000000000001,6.395833333333333,76.60000000000001,37.2125,6.0,55.0,57.0,62.0
2026-05-08 12:00:00,25.8,19,1017.4,19.8,88,0.0,5.3,31.1,130.0,0.1,2.0,134.0,57,Umerkot,2026-07-23 16:34:56.886994+00:00,12,4,5,41.0,46.0,45.0,46.666666666666664,44.333333333333336,50.333333333333336,11.516666666666666,6.504166666666667,70.45,37.775,12.0,56.0,58.0,61.0
2026-05-08 13:00:00,27.6,16,1016.6,18.6,84,0.0,4.4,23.8,130.0,0.1,1.8,132.0,67,Umerkot,2026-07-23 16:34:56.886994+00:00,13,4,5,41.0,44.0,47.0,51.0,46.25,51.166666666666664,10.066666666666666,6.595833333333332,59.75000000000001,38.208333333333336,20.0,56.0,59.0,60.0
2026-05-08 14:00:00,29.0,14,1015.7,17.7,81,0.0,3.9,20.1,130.0,0.1,1.6,129.0,76,Umerkot,2026-07-23 16:34:56.886994+00:00,14,4,5,42.0,43.0,50.0,56.666666666666664,49.0,52.25,8.283333333333333,6.670833333333333,47.06666666666667,38.57916666666667,26.0,58.0,61.0,59.0
2026-05-08 15:00:00,30.0,10,1015.0,18.2,78,0.0,3.9,18.2,130.0,0.1,1.4,126.0,84,Umerkot,2026-07-23 16:34:56.886994+00:00,15,4,5,44.0,42.0,58.0,63.333333333333336,52.5,53.333333333333336,6.6000000000000005,6.75,35.750000000000014,38.916666666666664,26.0,65.0,62.0,58.0
2026-05-08 16:00:00,30.7,10,1014.5,16.9,69,0.0,3.9,17.0,130.0,0.1,1.4,123.0,88,Umerkot,2026-07-23 16:34:56.886994+00:00,16,4,5,47.0,41.0,65.0,70.16666666666667,56.416666666666664,54.291666666666664,5.216666666666667,6.829166666666667,27.100000000000012,39.208333333333336,23.0,69.0,63.0,58.0
2026-05-08 17:00:00,30.7,10,1014.3,16.5,59,0.0,4.2,17.4,130.0,0.1,1.5,120.0,89,Umerkot,2026-07-23 16:34:56.886994+00:00,17,4,5,49.0,41.0,67.0,76.83333333333333,60.416666666666664,55.208333333333336,4.266666666666667,6.916666666666667,21.266666666666676,39.4875,22.0,71.0,64.0,57.0
2026-05-08 18:00:00,30.3,11,1013.8,16.4,55,0.0,4.5,17.1,130.0,0.1,1.6,116.0,86,Umerkot,2026-07-23 16:34:56.886994+00:00,18,4,5,57.0,41.0,66.0,81.66666666666667,64.16666666666667,56.041666666666664,4.133333333333334,7.016666666666667,18.93333333333334,39.762499999999996,20.0,70.0,64.0,57.0
2026-05-08 19:00:00,29.4,13,1014.0,16.0,51,0.0,5.0,18.4,131.0,0.1,1.6,111.0,82,Umerkot,2026-07-23 16:34:56.886994+00:00,19,4,5,67.0,41.0,64.0,84.16666666666667,67.58333333333333,56.791666666666664,4.233333333333333,7.120833333333334,18.033333333333342,40.025,18.0,67.0,65.0,56.0
2026-05-08 20:00:00,28.3,14,1014.2,12.5,51,0.0,5.2,18.0,131.0,0.1,1.5,106.0,77,Umerkot,2026-07-23 16:34:56.886994+00:00,20,4,5,76.0,42.0,60.0,84.33333333333333,70.5,57.5,4.45,7.229166666666667,17.68333333333334,40.333333333333336,17.0,63.0,65.0,56.0
2026-05-08 21:00:00,27.0,15,1015.1,13.2,47,0.0,5.4,20.5,132.0,0.1,1.4,102.0,71,Umerkot,2026-07-23 16:34:56.886994+00:00,21,4,5,84.0,44.0,55.0,82.16666666666667,72.75,58.166666666666664,4.7,7.333333333333333,18.066666666666677,40.74166666666667,16.0,59.0,65.0,56.0
2026-05-08 22:00:00,26.1,16,1015.7,15.1,45,0.0,5.7,27.2,133.0,0.1,1.2,98.0,65,Umerkot,2026-07-23 16:34:56.886994+00:00,22,4,5,88.0,47.0,50.0,78.33333333333333,74.25,58.791666666666664,5.0,7.429166666666667,19.766666666666676,41.333333333333336,15.0,59.0,66.0,56.0
2026-05-08 23:00:00,25.0,17,1016.5,18.1,44,0.0,6.3,37.8,133.0,0.1,0.9,95.0,58,Umerkot,2026-07-23 16:34:56.886994+00:00,23,4,5,89.0,49.0,48.0,73.16666666666667,75.0,59.208333333333336,5.3500000000000005,7.516666666666666,23.166666666666675,42.13333333333333,10.0,59.0,66.0,56.0
2026-05-09 00:00:00,24.0,20,1016.7,18.5,49,0.0,7.3,50.4,133.0,0.1,0.7,92.0,52,Umerkot,2026-07-23 16:34:56.886994+00:00,0,5,5,86.0,57.0,46.0,67.5,74.58333333333333,59.458333333333336,5.816666666666666,7.595833333333334,28.71666666666668,43.12083333333334,6.0,59.0,66.0,56.0
2026-05-09 01:00:00,23.2,21,1016.6,17.5,49,0.0,9.1,68.7,132.0,0.1,0.7,91.0,49,Umerkot,2026-07-23 16:34:56.886994+00:00,1,5,5,82.0,67.0,44.0,62.0,73.08333333333333,59.666666666666664,6.5,7.704166666666667,37.10000000000001,44.5,5.0,59.0,66.0,55.0
2026-05-09 02:00:00,22.2,20,1016.3,16.7,46,0.0,11.5,90.3,131.0,0.1,0.6,89.0,47,Umerkot,2026-07-23 16:34:56.886994+00:00,2,5,5,77.0,76.0,43.0,57.0,70.66666666666667,59.833333333333336,7.55,7.8625,49.150000000000006,46.354166666666664,4.0,59.0,67.0,55.0
2026-05-09 03:00:00,21.3,19,1015.9,16.1,55,0.0,13.7,106.9,131.0,0.1,0.6,88.0,45,Umerkot,2026-07-23 16:34:56.886994+00:00,3,5,5,71.0,84.0,42.0,52.666666666666664,67.41666666666667,59.958333333333336,8.933333333333332,8.066666666666668,63.55000000000001,48.55833333333333,3.0,58.0,67.0,55.0
2026-05-09 04:00:00,20.3,20,1015.7,16.0,60,0.0,15.1,114.1,131.0,0.1,0.7,87.0,45,Umerkot,2026-07-23 16:34:56.886994+00:00,4,5,5,65.0,88.0,41.0,49.333333333333336,63.833333333333336,60.125,10.499999999999998,8.3,78.03333333333335,50.82083333333333,4.0,58.0,67.0,54.0
2026-05-09 05:00:00,19.5,23,1016.0,14.9,58,0.0,16.1,116.6,132.0,0.2,0.8,86.0,46,Umerkot,2026-07-23 16:34:56.886994+00:00,5,5,5,58.0,89.0,41.0,47.333333333333336,60.25,60.333333333333336,12.133333333333333,8.549999999999999,91.16666666666667,53.050000000000004,5.0,58.0,67.0,54.0
2026-05-09 06:00:00,18.9,25,1016.4,13.7,57,0.0,17.9,129.5,133.0,0.2,0.9,89.0,48,Umerkot,2026-07-23 16:34:56.886994+00:00,6,5,5,52.0,86.0,41.0,46.666666666666664,57.083333333333336,60.625,13.9,8.841666666666667,104.35000000000002,55.612500000000004,7.0,57.0,67.0,54.0
2026-05-09 07:00:00,18.5,28,1016.6,14.6,69,0.0,21.6,156.9,136.0,0.2,1.1,97.0,50,Umerkot,2026-07-23 16:34:56.886994+00:00,7,5,5,49.0,82.0,41.0,46.833333333333336,54.416666666666664,61.0,15.983333333333334,9.195833333333333,119.05000000000001,58.48333333333334,9.0,57.0,66.0,53.0
2026-05-09 08:00:00,19.1,29,1017.1,13.7,77,0.0,22.7,164.4,140.0,0.1,1.3,109.0,52,Umerkot,2026-07-23 16:34:56.886994+00:00,8,5,5,47.0,77.0,42.0,47.666666666666664,52.333333333333336,61.416666666666664,17.85,9.533333333333333,131.4,61.32500000000001,10.0,57.0,66.0,53.0
2026-05-09 09:00:00,21.2,27,1017.8,14.6,81,0.0,20.1,145.8,142.0,0.1,1.4,118.0,53,Umerkot,2026-07-23 16:34:56.886994+00:00,9,5,5,45.0,71.0,44.0,49.0,50.833333333333336,61.791666666666664,18.916666666666668,9.7875,137.88333333333335,63.8125,9.0,57.0,65.0,52.0
2026-05-09 10:00:00,23.4,26,1017.9,17.8,83,0.0,16.5,111.3,141.0,0.1,1.4,122.0,54,Umerkot,2026-07-23 16:34:56.886994+00:00,10,5,5,45.0,65.0,47.0,50.5,49.916666666666664,62.083333333333336,19.15,9.966666666666667,137.41666666666669,65.57916666666667,7.0,57.0,63.0,53.0
2026-05-09 11:00:00,25.6,25,1017.6,20.6,85,0.0,13.0,80.1,138.0,0.1,1.3,123.0,55,Umerkot,2026-07-23 16:34:56.886994+00:00,11,5,5,46.0,58.0,49.0,52.0,49.666666666666664,62.333333333333336,18.633333333333333,10.095833333333333,131.33333333333334,66.73333333333333,6.0,57.0,62.0,53.0
2026-05-09 12:00:00,27.5,22,1017.3,18.2,88,0.0,7.0,41.8,135.0,0.1,1.2,122.0,56,Umerkot,2026-07-23 16:34:56.886994+00:00,12,5,5,48.0,52.0,57.0,53.333333333333336,50.0,62.291666666666664,16.816666666666666,10.166666666666666,116.71666666666668,67.17916666666667,-1.0,58.0,61.0,53.0
2026-05-09 13:00:00,29.2,19,1016.4,15.0,83,0.0,6.0,33.1,134.0,0.1,1.2,121.0,56,Umerkot,2026-07-23 16:34:56.886994+00:00,13,5,5,50.0,49.0,67.0,54.333333333333336,50.583333333333336,61.833333333333336,14.216666666666667,10.233333333333334,96.08333333333336,67.56666666666668,-11.0,59.0,60.0,53.0
2026-05-09 14:00:00,30.6,16,1015.6,13.1,67,0.0,6.1,33.4,133.0,0.1,1.1,120.0,58,Umerkot,2026-07-23 16:34:56.886994+00:00,14,5,5,52.0,47.0,76.0,55.333333333333336,51.5,61.083333333333336,11.450000000000001,10.325000000000001,74.25000000000001,68.12083333333334,-18.0,61.0,59.0,54.0
2026-05-09 15:00:00,31.4,14,1015.1,15.0,51,0.0,6.9,39.0,132.0,0.1,1.1,118.0,65,Umerkot,2026-07-23 16:34:56.886994+00:00,15,5,5,53.0,45.0,84.0,57.333333333333336,53.166666666666664,60.291666666666664,9.25,10.450000000000001,56.45000000000001,68.9875,-19.0,62.0,58.0,54.0
2026-05-09 16:00:00,31.9,13,1014.5,16.6,48,0.0,7.7,44.4,132.0,0.1,1.1,116.0,69,Umerkot,2026-07-23 16:34:56.886994+00:00,16,5,5,54.0,45.0,88.0,59.833333333333336,55.166666666666664,59.5,7.783333333333334,10.608333333333333,45.300000000000004,70.12916666666666,-19.0,63.0,58.0,55.0
2026-05-09 17:00:00,32.0,13,1014.1,17.6,50,0.0,7.9,43.0,131.0,0.1,1.2,113.0,71,Umerkot,2026-07-23 16:34:56.886994+00:00,17,5,5,55.0,46.0,89.0,62.5,57.25,58.75,6.933333333333334,10.762500000000001,39.11666666666668,71.19583333333334,-18.0,64.0,57.0,55.0
2026-05-09 18:00:00,31.8,13,1014.1,18.1,43,0.0,7.0,32.4,131.0,0.1,1.2,109.0,70,Umerkot,2026-07-23 16:34:56.886994+00:00,18,5,5,56.0,48.0,86.0,64.83333333333333,59.083333333333336,58.083333333333336,6.933333333333333,10.866666666666667,37.55000000000001,71.83333333333333,-16.0,64.0,57.0,56.0
2026-05-09 19:00:00,31.0,14,1014.3,19.4,33,0.0,6.5,27.5,130.0,0.1,1.2,104.0,67,Umerkot,2026-07-23 16:34:56.886994+00:00,19,5,5,56.0,50.0,82.0,66.66666666666667,60.5,57.458333333333336,7.016666666666666,10.929166666666667,36.616666666666674,72.2125,-15.0,65.0,56.0,56.0
2026-05-09 20:00:00,29.7,15,1014.8,17.8,31,0.0,6.1,24.0,128.0,0.1,1.1,98.0,63,Umerkot,2026-07-23 16:34:56.886994+00:00,20,5,5,58.0,52.0,77.0,67.5,61.416666666666664,56.875,7.016666666666667,10.966666666666669,35.05000000000001,72.4625,-14.0,65.0,56.0,57.0
2026-05-09 21:00:00,28.9,17,1015.4,16.5,39,0.0,6.0,23.9,127.0,0.1,1.1,93.0,59,Umerkot,2026-07-23 16:34:56.886994+00:00,21,5,5,65.0,53.0,71.0,66.5,61.916666666666664,56.375,6.866666666666667,10.991666666666667,32.53333333333334,72.60416666666667,-12.0,65.0,56.0,58.0
2026-05-09 22:00:00,27.8,18,1015.7,13.5,44,0.0,6.1,26.7,128.0,0.1,1.1,90.0,59,Umerkot,2026-07-23 16:34:56.886994+00:00,22,5,5,69.0,54.0,65.0,64.83333333333333,62.333333333333336,56.125,6.6000000000000005,11.008333333333333,29.583333333333343,72.58333333333333,-6.0,66.0,56.0,58.0
2026-05-09 23:00:00,26.6,19,1016.1,13.4,44,0.0,6.7,34.5,130.0,0.1,1.1,88.0,59,Umerkot,2026-07-23 16:34:56.886994+00:00,23,5,5,71.0,55.0,58.0,62.833333333333336,62.666666666666664,56.166666666666664,6.3999999999999995,11.024999999999999,28.166666666666675,72.44583333333334,1.0,66.0,56.0,59.0
2026-05-10 00:00:00,25.5,19,1016.4,13.9,44,0.0,8.1,47.6,131.0,0.1,1.1,86.0,59,Umerkot,2026-07-23 16:34:56.886994+00:00,0,6,5,70.0,56.0,52.0,61.0,62.916666666666664,56.458333333333336,6.583333333333333,11.058333333333335,30.700000000000014,72.32916666666667,7.0,66.0,56.0,60.0
2026-05-10 01:00:00,24.1,19,1016.6,11.1,39,0.0,9.6,61.7,130.0,0.1,1.3,86.0,59,Umerkot,2026-07-23 16:34:56.886994+00:00,1,6,5,67.0,56.0,49.0,59.666666666666664,63.166666666666664,56.875,7.099999999999999,11.079166666666666,36.400000000000006,72.0375,10.0,66.0,55.0,60.0
2026-05-10 02:00:00,22.8,21,1016.2,10.8,32,0.0,11.6,79.2,129.0,0.1,1.5,86.0,59,Umerkot,2026-07-23 16:34:56.886994+00:00,2,6,5,63.0,58.0,47.0,59.0,63.25,57.375,8.016666666666666,11.083333333333334,45.6,71.575,12.0,67.0,55.0,61.0
2026-05-10 03:00:00,22.1,21,1015.8,12.4,33,0.0,13.3,91.7,128.0,0.1,1.7,87.0,58,Umerkot,2026-07-23 16:34:56.886994+00:00,3,6,5,59.0,65.0,45.0,58.833333333333336,62.666666666666664,57.916666666666664,9.233333333333333,11.066666666666668,56.90000000000001,70.94166666666668,13.0,67.0,55.0,61.0
2026-05-10 04:00:00,21.0,23,1015.8,12.3,40,0.0,14.6,98.5,128.0,0.1,1.9,87.0,58,Umerkot,2026-07-23 16:34:56.886994+00:00,4,6,5,59.0,69.0,45.0,58.666666666666664,61.75,58.458333333333336,10.65,11.045833333333334,68.86666666666669,70.29166666666667,13.0,67.0,54.0,62.0
2026-05-10 05:00:00,20.2,25,1016.0,12.3,51,0.0,15.6,100.6,128.0,0.1,2.1,88.0,58,Umerkot,2026-07-23 16:34:56.886994+00:00,5,6,5,59.0,71.0,46.0,58.5,60.666666666666664,58.958333333333336,12.133333333333333,11.025,79.88333333333334,69.625,12.0,67.0,54.0,63.0
2026-05-10 06:00:00,19.3,27,1016.4,11.6,55,0.0,16.9,105.9,128.0,0.1,2.3,90.0,57,Umerkot,2026-07-23 16:34:56.886994+00:00,6,6,5,59.0,70.0,48.0,58.166666666666664,59.583333333333336,59.333333333333336,13.6,10.983333333333334,89.60000000000001,68.64166666666667,9.0,67.0,54.0,63.0
2026-05-10 07:00:00,18.8,29,1017.0,11.1,67,0.0,22.1,142.0,129.0,0.1,2.5,97.0,57,Umerkot,2026-07-23 16:34:56.886994+00:00,7,6,5,59.0,67.0,50.0,57.833333333333336,58.75,59.625,15.683333333333332,11.004166666666668,102.98333333333335,68.02083333333333,7.0,66.0,53.0,64.0
2026-05-10 08:00:00,20.6,27,1017.5,10.2,77,0.0,26.2,167.6,131.0,0.1,2.7,106.0,57,Umerkot,2026-07-23 16:34:56.886994+00:00,8,6,5,59.0,63.0,52.0,57.5,58.25,59.833333333333336,18.116666666666667,11.15,117.71666666666668,68.15416666666665,5.0,66.0,53.0,65.0
2026-05-10 09:00:00,23.6,24,1017.6,9.1,75,0.0,25.1,154.1,131.0,0.1,2.7,111.0,57,Umerkot,2026-07-23 16:34:56.886994+00:00,9,6,5,58.0,59.0,53.0,57.333333333333336,58.083333333333336,60.0,20.083333333333332,11.358333333333333,128.11666666666667,68.5,4.0,65.0,52.0,66.0
2026-05-10 10:00:00,26.0,21,1017.5,12.1,73,0.0,22.2,130.4,129.0,0.1,2.3,107.0,57,Umerkot,2026-07-23 16:34:56.886994+00:00,10,6,5,58.0,59.0,54.0,57.166666666666664,57.916666666666664,60.125,21.349999999999998,11.595833333333333,133.43333333333337,69.29583333333333,3.0,63.0,53.0,67.0
2026-05-10 11:00:00,28.3,20,1017.4,12.6,68,0.0,19.7,114.1,127.0,0.0,1.8,99.0,57,Umerkot,2026-07-23 16:34:56.886994+00:00,11,6,5,58.0,59.0,55.0,57.0,57.75,60.208333333333336,22.03333333333333,11.875,135.68333333333337,70.7125,2.0,62.0,53.0,67.0
2026-05-10 12:00:00,30.1,18,1017.2,12.9,54,0.0,18.5,107.1,124.0,0.0,1.3,92.0,58,Umerkot,2026-07-23 16:34:56.886994+00:00,12,6,5,57.0,59.0,56.0,57.166666666666664,57.666666666666664,60.291666666666664,22.299999999999997,12.354166666666666,135.88333333333335,73.43333333333334,2.0,61.0,53.0,67.0
2026-05-10 13:00:00,31.6,16,1016.6,15.1,45,0.0,17.9,103.1,122.0,0.0,1.1,89.0,59,Umerkot,2026-07-23 16:34:56.886994+00:00,13,6,5,57.0,59.0,56.0,57.5,57.666666666666664,60.416666666666664,21.599999999999998,12.85,129.4,76.35000000000001,3.0,60.0,53.0,67.0
2026-05-10 14:00:00,32.7,15,1015.9,17.0,39,0.0,17.2,96.4,120.0,0.0,0.9,87.0,61,Umerkot,2026-07-23 16:34:56.886994+00:00,14,6,5,57.0,59.0,58.0,58.166666666666664,57.833333333333336,60.541666666666664,20.099999999999998,13.3125,117.53333333333335,78.975,3.0,59.0,54.0,66.0
2026-05-10 15:00:00,33.4,14,1015.4,19.7,39,0.0,16.1,87.1,118.0,0.0,0.8,85.0,62,Umerkot,2026-07-23 16:34:56.886994+00:00,15,6,5,57.0,58.0,65.0,59.0,58.166666666666664,60.416666666666664,18.599999999999998,13.695833333333333,106.36666666666667,80.97916666666667,-3.0,58.0,54.0,66.0
2026-05-10 16:00:00,33.8,13,1014.5,20.3,37,0.0,15.0,78.0,117.0,0.0,0.7,83.0,63,Umerkot,2026-07-23 16:34:56.886994+00:00,16,6,5,57.0,58.0,69.0,60.0,58.583333333333336,60.166666666666664,17.400000000000002,14.0,97.63333333333334,82.37916666666666,-6.0,58.0,55.0,65.0
2026-05-10 17:00:00,33.7,13,1014.1,20.0,35,0.0,13.8,65.7,116.0,0.0,0.7,80.0,64,Umerkot,2026-07-23 16:34:56.886994+00:00,17,6,5,57.0,58.0,71.0,61.166666666666664,59.083333333333336,59.875,16.416666666666668,14.245833333333335,89.56666666666668,83.325,-7.0,57.0,55.0,65.0
2026-05-10 18:00:00,33.4,14,1013.7,18.7,36,0.0,12.2,49.2,116.0,0.0,0.7,77.0,64,Umerkot,2026-07-23 16:34:56.886994+00:00,18,6,5,58.0,57.0,70.0,62.166666666666664,59.666666666666664,59.625,15.366666666666665,14.4625,79.91666666666667,84.02499999999999,-6.0,57.0,56.0,64.0
2026-05-10 19:00:00,32.6,14,1013.7,19.2,35,0.0,11.4,43.1,116.0,0.0,0.7,73.0,65,Umerkot,2026-07-23 16:34:56.886994+00:00,19,6,5,59.0,57.0,67.0,63.166666666666664,60.333333333333336,59.541666666666664,14.283333333333333,14.666666666666666,69.91666666666667,84.675,-2.0,56.0,56.0,63.0
2026-05-10 20:00:00,31.3,15,1014.1,15.5,28,0.0,10.9,40.5,115.0,0.0,0.6,69.0,65,Umerkot,2026-07-23 16:34:56.886994+00:00,20,6,5,61.0,57.0,63.0,63.833333333333336,61.0,59.625,13.233333333333334,14.866666666666667,60.6,85.3625,2.0,56.0,57.0,63.0
2026-05-10 21:00:00,29.9,17,1014.9,15.7,27,0.0,10.8,40.4,116.0,0.0,0.6,66.0,65,Umerkot,2026-07-23 16:34:56.886994+00:00,21,6,5,62.0,57.0,59.0,64.33333333333333,61.666666666666664,59.875,12.35,15.066666666666668,52.816666666666684,86.05000000000001,6.0,56.0,58.0,62.0
2026-05-10 22:00:00,28.7,18,1015.5,14.6,27,0.0,10.9,42.5,118.0,0.0,0.6,64.0,66,Umerkot,2026-07-23 16:34:56.886994+00:00,22,6,5,63.0,57.0,59.0,64.83333333333333,62.416666666666664,60.166666666666664,11.666666666666666,15.266666666666666,46.90000000000001,86.70833333333333,7.0,56.0,58.0,61.0
2026-05-10 23:00:00,27.5,20,1015.8,13.8,35,0.0,11.0,45.6,120.0,0.0,0.6,63.0,66,Umerkot,2026-07-23 16:34:56.886994+00:00,23,6,5,64.0,57.0,59.0,65.16666666666667,63.166666666666664,60.458333333333336,11.200000000000001,15.445833333333333,43.55000000000001,87.17083333333333,7.0,56.0,59.0,60.0
2026-05-11 00:00:00,26.3,21,1016.3,14.2,39,0.0,12.4,61.7,122.0,0.0,0.8,72.0,66,Umerkot,2026-07-23 16:34:56.886994+00:00,0,0,5,64.0,58.0,59.0,65.5,63.833333333333336,60.75,11.233333333333334,15.625,45.63333333333335,87.75833333333334,7.0,56.0,60.0,59.0
2026-05-11 01:00:00,25.2,22,1016.4,15.3,32,0.0,13.6,75.0,123.0,0.0,0.9,72.0,66,Umerkot,2026-07-23 16:34:56.886994+00:00,1,0,5,65.0,59.0,59.0,65.66666666666667,64.41666666666667,61.041666666666664,11.600000000000001,15.791666666666666,50.95000000000001,88.3125,7.0,55.0,60.0,58.0
2026-05-11 02:00:00,24.4,22,1016.3,17.0,41,0.0,14.8,85.9,124.0,0.0,0.9,73.0,67,Umerkot,2026-07-23 16:34:56.886994+00:00,2,0,5,65.0,61.0,59.0,66.0,64.91666666666667,61.375,12.25,15.924999999999999,58.51666666666668,88.59166666666665,8.0,55.0,61.0,58.0
2026-05-11 03:00:00,23.7,23,1015.8,17.5,50,0.0,15.7,91.5,125.0,0.0,1.0,74.0,67,Umerkot,2026-07-23 16:34:56.886994+00:00,3,0,5,65.0,62.0,58.0,66.33333333333333,65.33333333333333,61.75,13.066666666666668,16.025000000000002,67.03333333333335,88.58333333333333,9.0,55.0,61.0,57.0
2026-05-11 04:00:00,22.7,24,1015.5,16.4,54,0.0,16.3,94.5,125.0,0.0,1.1,74.0,67,Umerkot,2026-07-23 16:34:56.886994+00:00,4,0,5,66.0,63.0,58.0,66.5,65.66666666666667,62.125,13.966666666666667,16.095833333333335,75.7,88.41666666666667,9.0,54.0,62.0,57.0
2026-05-11 05:00:00,21.6,26,1015.6,14.4,62,0.0,16.6,94.1,125.0,0.1,1.2,74.0,67,Umerkot,2026-07-23 16:34:56.886994+00:00,5,0,5,66.0,64.0,58.0,66.66666666666667,65.91666666666667,62.5,14.9,16.1375,83.78333333333335,88.14583333333333,9.0,54.0,63.0,56.0
2026-05-11 06:00:00,20.3,28,1015.8,11.5,80,0.0,17.6,99.2,125.0,0.1,1.2,77.0,67,Umerkot,2026-07-23 16:34:56.886994+00:00,6,0,5,66.0,64.0,57.0,66.83333333333333,66.16666666666667,62.916666666666664,15.766666666666667,16.166666666666668,90.03333333333335,87.86666666666667,10.0,54.0,63.0,56.0
2026-05-11 07:00:00,19.5,30,1016.3,9.4,95,0.0,19.8,119.0,124.0,0.1,1.2,85.0,66,Umerkot,2026-07-23 16:34:56.886994+00:00,7,0,5,66.0,65.0,57.0,66.83333333333333,66.25,63.291666666666664,16.8,16.070833333333333,97.36666666666667,86.90833333333335,9.0,53.0,64.0,55.0
2026-05-11 08:00:00,21.5,26,1017.2,8.4,127,0.0,17.6,109.7,123.0,0.1,1.1,96.0,66,Umerkot,2026-07-23 16:34:56.886994+00:00,8,0,5,67.0,65.0,57.0,66.66666666666667,66.33333333333333,63.666666666666664,17.26666666666667,15.7125,101.33333333333333,84.49583333333334,9.0,53.0,65.0,55.0
2026-05-11 09:00:00,24.7,22,1017.4,8.0,136,0.0,13.9,82.7,122.0,0.1,1.1,105.0,65,Umerkot,2026-07-23 16:34:56.886994+00:00,9,0,5,67.0,65.0,57.0,66.33333333333333,66.33333333333333,64.0,16.966666666666665,15.245833333333335,99.86666666666667,81.52083333333333,8.0,52.0,66.0,54.0
2026-05-11 10:00:00,27.5,18,1017.6,8.8,125,0.0,12.9,74.0,122.0,0.1,1.3,109.0,63,Umerkot,2026-07-23 16:34:56.886994+00:00,10,0,5,67.0,66.0,57.0,65.66666666666667,66.08333333333333,64.25,16.400000000000002,14.858333333333333,96.45,79.17083333333333,6.0,53.0,67.0,53.0
2026-05-11 11:00:00,30.0,15,1017.5,12.6,92,0.0,12.1,67.8,123.0,0.1,1.5,111.0,62,Umerkot,2026-07-23 16:34:56.886994+00:00,11,0,5,67.0,66.0,57.0,64.83333333333333,65.75,64.45833333333333,15.65,14.541666666666666,92.06666666666668,77.24166666666666,5.0,53.0,67.0,53.0
2026-05-11 12:00:00,31.6,13,1017.3,15.0,79,0.0,9.0,50.4,123.0,0.1,1.6,111.0,61,Umerkot,2026-07-23 16:34:56.886994+00:00,12,0,5,67.0,66.0,58.0,63.833333333333336,65.33333333333333,64.58333333333333,14.216666666666667,14.145833333333334,83.93333333333334,74.87916666666668,3.0,53.0,67.0,52.0
2026-05-11 13:00:00,32.6,11,1016.6,15.1,72,0.0,8.5,48.0,123.0,0.1,1.5,113.0,60,Umerkot,2026-07-23 16:34:56.886994+00:00,13,0,5,66.0,66.0,59.0,62.833333333333336,64.83333333333333,64.625,12.333333333333334,13.754166666666668,72.10000000000001,72.58333333333333,1.0,53.0,67.0,53.0
2026-05-11 14:00:00,33.5,10,1016.0,14.8,67,0.0,8.2,45.6,122.0,0.1,1.3,116.0,59,Umerkot,2026-07-23 16:34:56.886994+00:00,14,0,5,66.0,67.0,61.0,61.666666666666664,64.16666666666667,64.54166666666667,10.766666666666666,13.379166666666668,61.41666666666668,70.46666666666667,-2.0,54.0,66.0,53.0
2026-05-11 15:00:00,33.9,9,1015.1,16.6,67,0.0,8.1,44.2,121.0,0.1,1.2,115.0,58,Umerkot,2026-07-23 16:34:56.886994+00:00,15,0,5,65.0,67.0,62.0,60.5,63.416666666666664,64.375,9.799999999999999,13.045833333333334,55.00000000000001,68.67916666666666,-4.0,54.0,66.0,54.0
2026-05-11 16:00:00,34.3,9,1014.2,16.4,63,0.0,8.4,44.2,120.0,0.1,1.2,109.0,58,Umerkot,2026-07-23 16:34:56.886994+00:00,16,0,5,63.0,67.0,63.0,59.666666666666664,62.666666666666664,64.16666666666667,9.049999999999999,12.770833333333334,50.03333333333334,67.27083333333334,-5.0,55.0,65.0,55.0
2026-05-11 17:00:00,34.4,10,1014.0,16.5,56,0.0,8.7,41.1,120.0,0.1,1.2,100.0,57,Umerkot,2026-07-23 16:34:56.886994+00:00,17,0,5,62.0,67.0,64.0,58.833333333333336,61.833333333333336,63.875,8.483333333333333,12.558333333333332,45.58333333333334,66.24583333333334,-7.0,55.0,65.0,56.0
2026-05-11 18:00:00,34.0,10,1013.8,17.5,58,0.0,8.4,32.5,119.0,0.1,1.2,91.0,57,Umerkot,2026-07-23 16:34:56.886994+00:00,18,0,5,61.0,67.0,64.0,58.166666666666664,61.0,63.583333333333336,8.383333333333333,12.4,42.60000000000001,65.55,-7.0,56.0,64.0,56.0
2026-05-11 19:00:00,33.2,11,1014.0,16.2,53,0.0,8.5,31.3,118.0,0.1,1.2,84.0,56,Umerkot,2026-07-23 16:34:56.886994+00:00,19,0,5,60.0,66.0,65.0,57.5,60.166666666666664,63.208333333333336,8.383333333333333,12.279166666666669,39.81666666666668,65.05833333333332,-9.0,56.0,63.0,57.0
2026-05-11 20:00:00,31.9,12,1014.5,11.8,39,0.0,8.7,32.5,117.0,0.1,1.1,78.0,56,Umerkot,2026-07-23 16:34:56.886994+00:00,20,0,5,59.0,66.0,65.0,57.0,59.333333333333336,62.833333333333336,8.466666666666667,12.1875,37.63333333333335,64.725,-9.0,57.0,63.0,57.0
2026-05-11 21:00:00,30.4,14,1015.1,10.9,46,0.0,9.0,35.2,117.0,0.1,1.1,73.0,56,Umerkot,2026-07-23 16:34:56.886994+00:00,21,0,5,58.0,65.0,65.0,56.666666666666664,58.583333333333336,62.458333333333336,8.616666666666667,12.112499999999999,36.13333333333335,64.50833333333334,-9.0,58.0,62.0,58.0
2026-05-11 22:00:00,29.2,15,1015.5,11.6,54,0.0,9.3,38.0,118.0,0.1,1.1,71.0,56,Umerkot,2026-07-23 16:34:56.886994+00:00,22,0,5,58.0,63.0,66.0,56.333333333333336,58.0,62.041666666666664,8.766666666666667,12.045833333333334,35.100000000000016,64.32083333333334,-10.0,58.0,61.0,58.0
2026-05-11 23:00:00,27.8,16,1016.1,11.4,53,0.0,9.6,40.6,119.0,0.1,1.0,70.0,56,Umerkot,2026-07-23 16:34:56.886994+00:00,23,0,5,57.0,62.0,66.0,56.166666666666664,57.5,61.625,8.916666666666666,11.987499999999999,35.01666666666668,64.1125,-10.0,59.0,60.0,59.0
2026-05-12 00:00:00,26.4,18,1016.4,9.8,50,0.0,10.0,41.2,120.0,0.1,1.0,69.0,56,Umerkot,2026-07-23 16:34:56.886994+00:00,0,1,5,57.0,61.0,66.0,56.0,57.083333333333336,61.208333333333336,9.183333333333334,11.887500000000001,36.466666666666676,63.25833333333333,-10.0,60.0,59.0,60.0
2026-05-12 01:00:00,25.2,21,1016.0,8.4,50,0.0,10.2,43.7,119.0,0.1,1.0,68.0,55,Umerkot,2026-07-23 16:34:56.886994+00:00,1,1,5,56.0,60.0,66.0,55.833333333333336,56.666666666666664,60.75,9.466666666666667,11.745833333333335,38.533333333333346,61.95416666666667,-11.0,60.0,58.0,60.0
2026-05-12 02:00:00,24.5,22,1015.4,7.3,73,0.0,10.5,46.4,117.0,0.1,0.9,67.0,55,Umerkot,2026-07-23 16:34:56.886994+00:00,2,1,5,56.0,59.0,67.0,55.666666666666664,56.333333333333336,60.25,9.766666666666666,11.566666666666668,40.850000000000016,60.30833333333334,-12.0,61.0,58.0,61.0
2026-05-12 03:00:00,23.8,23,1014.8,9.0,93,0.0,10.9,49.6,116.0,0.1,0.9,66.0,55,Umerkot,2026-07-23 16:34:56.886994+00:00,3,1,5,56.0,58.0,67.0,55.5,56.083333333333336,59.75,10.083333333333334,11.366666666666667,43.25000000000001,58.5625,-12.0,61.0,57.0,61.0
2026-05-12 04:00:00,23.1,24,1014.4,8.9,117,0.0,11.1,52.2,115.0,0.1,0.9,63.0,54,Umerkot,2026-07-23 16:34:56.886994+00:00,4,1,5,56.0,58.0,67.0,55.166666666666664,55.75,59.208333333333336,10.383333333333333,11.15,45.61666666666668,56.800000000000004,-13.0,62.0,57.0,61.0
2026-05-12 05:00:00,22.2,25,1014.4,10.1,140,0.0,10.8,48.5,115.0,0.1,0.9,61.0,54,Umerkot,2026-07-23 16:34:56.886994+00:00,5,1,5,56.0,57.0,67.0,54.833333333333336,55.5,58.666666666666664,10.583333333333334,10.908333333333333,46.933333333333344,54.900000000000006,-13.0,63.0,56.0,61.0
2026-05-12 06:00:00,21.4,26,1014.4,11.4,149,0.0,11.1,49.1,115.0,0.1,0.9,62.0,54,Umerkot,2026-07-23 16:34:56.886994+00:00,6,1,5,56.0,57.0,67.0,54.5,55.25,58.125,10.766666666666666,10.637500000000001,48.25000000000001,52.8125,-13.0,63.0,56.0,62.0
2026-05-12 07:00:00,20.8,27,1014.7,11.7,155,0.0,13.8,78.0,116.0,0.1,1.0,70.0,53,Umerkot,2026-07-23 16:34:56.886994+00:00,7,1,5,55.0,56.0,66.0,54.166666666666664,55.0,57.583333333333336,11.366666666666667,10.387500000000001,53.966666666666676,51.104166666666664,-13.0,64.0,55.0,63.0
2026-05-12 08:00:00,22.7,24,1015.3,10.1,161,0.0,15.5,101.3,117.0,0.0,1.1,83.0,53,Umerkot,2026-07-23 16:34:56.886994+00:00,8,1,5,55.0,56.0,66.0,53.833333333333336,54.75,57.041666666666664,12.200000000000001,10.299999999999999,63.116666666666674,50.75416666666666,-13.0,65.0,55.0,65.0
2026-05-12 09:00:00,27.7,18,1015.9,7.1,156,0.0,15.8,105.5,118.0,0.0,1.2,92.0,52,Umerkot,2026-07-23 16:34:56.886994+00:00,9,1,5,55.0,56.0,65.0,53.333333333333336,54.416666666666664,56.5,13.016666666666666,10.379166666666666,72.43333333333334,51.70416666666667,-13.0,66.0,54.0,68.0
2026-05-12 10:00:00,30.9,15,1016.0,8.3,150,0.0,15.5,99.9,118.0,0.0,1.1,96.0,53,Umerkot,2026-07-23 16:34:56.886994+00:00,10,1,5,54.0,56.0,63.0,53.166666666666664,54.166666666666664,56.083333333333336,13.75,10.487499999999999,80.38333333333334,52.78333333333333,-10.0,67.0,53.0,70.0
2026-05-12 11:00:00,32.8,13,1016.3,2.9,137,0.0,15.0,90.8,117.0,0.0,0.9,96.0,53,Umerkot,2026-07-23 16:34:56.886994+00:00,11,1,5,54.0,56.0,62.0,53.0,53.916666666666664,55.708333333333336,14.450000000000001,10.608333333333333,87.43333333333334,53.74166666666667,-9.0,67.0,53.0,72.0
2026-05-12 12:00:00,34.2,12,1016.2,4.4,328,0.0,14.5,82.7,116.0,0.0,0.7,96.0,53,Umerkot,2026-07-23 16:34:56.886994+00:00,12,1,5,54.0,56.0,61.0,52.833333333333336,53.666666666666664,55.375,15.016666666666666,10.8375,93.03333333333335,55.0875,-8.0,67.0,52.0,74.0
2026-05-12 13:00:00,35.6,11,1015.6,5.4,334,0.0,14.3,78.9,116.0,0.0,0.7,96.0,53,Umerkot,2026-07-23 16:34:56.886994+00:00,13,1,5,53.0,55.0,60.0,52.833333333333336,53.5,55.083333333333336,15.1,11.079166666666666,93.18333333333334,56.375,-7.0,67.0,53.0,76.0
2026-05-12 14:00:00,36.9,9,1014.8,7.5,339,0.0,14.1,76.4,117.0,0.0,0.7,95.0,54,Umerkot,2026-07-23 16:34:56.886994+00:00,14,1,5,53.0,55.0,59.0,53.0,53.416666666666664,54.875,14.866666666666667,11.325000000000001,89.03333333333335,57.65833333333333,-5.0,66.0,53.0,77.0
2026-05-12 15:00:00,37.6,9,1013.8,10.8,10,0.0,13.9,73.6,117.0,0.0,0.7,93.0,54,Umerkot,2026-07-23 16:34:56.886994+00:00,15,1,5,52.0,55.0,58.0,53.333333333333336,53.333333333333336,54.708333333333336,14.550000000000002,11.566666666666665,83.71666666666668,58.88333333333333,-4.0,66.0,54.0,78.0
2026-05-12 16:00:00,38.1,8,1013.0,11.5,9,0.0,13.9,72.6,117.0,0.0,0.8,89.0,55,Umerkot,2026-07-23 16:34:56.886994+00:00,16,1,5,53.0,54.0,58.0,53.666666666666664,53.416666666666664,54.583333333333336,14.283333333333333,11.795833333333334,79.16666666666667,60.06666666666666,-3.0,65.0,55.0,78.0
2026-05-12 17:00:00,38.1,8,1012.4,12.5,8,0.0,13.7,65.9,116.0,0.0,0.9,83.0,55,Umerkot,2026-07-23 16:34:56.886994+00:00,17,1,5,53.0,54.0,57.0,54.0,53.5,54.5,14.066666666666668,12.004166666666668,75.01666666666667,61.1,-2.0,65.0,56.0,79.0
2026-05-12 18:00:00,37.8,9,1011.8,14.1,10,0.0,14.0,61.0,116.0,0.0,0.9,79.0,56,Umerkot,2026-07-23 16:34:56.886994+00:00,18,1,5,53.0,54.0,57.0,54.5,53.666666666666664,54.458333333333336,13.983333333333334,12.237499999999999,71.40000000000002,62.2875,-1.0,64.0,56.0,80.0
2026-05-12 19:00:00,37.1,9,1011.8,13.8,14,0.0,15.9,64.0,117.0,0.0,0.9,79.0,56,Umerkot,2026-07-23 16:34:56.886994+00:00,19,1,5,53.0,53.0,56.0,55.0,53.916666666666664,54.458333333333336,14.25,12.545833333333333,68.91666666666669,63.650000000000006,0.0,63.0,57.0,80.0
2026-05-12 20:00:00,35.8,10,1012.0,10.3,46,0.0,19.3,76.4,117.0,0.0,0.8,80.0,57,Umerkot,2026-07-23 16:34:56.886994+00:00,20,1,5,54.0,53.0,56.0,55.5,54.25,54.5,15.116666666666667,12.987499999999999,68.91666666666667,65.47916666666667,1.0,63.0,57.0,80.0
2026-05-12 21:00:00,34.3,11,1012.7,15.5,26,0.0,20.6,78.5,118.0,0.0,0.7,81.0,58,Umerkot,2026-07-23 16:34:56.886994+00:00,21,1,5,54.0,52.0,56.0,56.166666666666664,54.75,54.583333333333336,16.233333333333334,13.470833333333333,69.73333333333335,67.28333333333333,2.0,62.0,58.0,81.0
2026-05-12 22:00:00,33.1,13,1013.5,19.6,3,0.0,18.6,61.9,118.0,0.0,0.6,81.0,58,Umerkot,2026-07-23 16:34:56.886994+00:00,22,1,5,55.0,53.0,56.0,56.666666666666664,55.166666666666664,54.666666666666664,17.01666666666667,13.858333333333333,67.95,68.27916666666667,2.0,61.0,58.0,81.0
2026-05-12 23:00:00,31.8,15,1014.2,22.9,349,0.0,15.3,41.6,118.0,0.0,0.5,82.0,59,Umerkot,2026-07-23 16:34:56.886994+00:00,23,1,5,55.0,53.0,56.0,57.333333333333336,55.666666666666664,54.791666666666664,17.283333333333335,14.095833333333333,63.90000000000001,68.32083333333334,3.0,60.0,59.0,81.0
2026-05-13 00:00:00,30.3,16,1014.1,20.0,349,0.0,18.3,37.1,118.0,0.0,0.5,65.0,60,Umerkot,2026-07-23 16:34:56.886994+00:00,0,2,5,56.0,53.0,56.0,58.0,56.25,54.958333333333336,18.0,14.441666666666668,59.916666666666686,68.15,4.0,59.0,60.0,80.0
2026-05-13 01:00:00,28.8,18,1013.7,16.6,358,0.0,17.3,38.3,117.0,0.0,0.5,64.0,60,Umerkot,2026-07-23 16:34:56.886994+00:00,1,2,5,56.0,53.0,55.0,58.666666666666664,56.833333333333336,55.166666666666664,18.233333333333334,14.737499999999999,55.63333333333335,67.925,5.0,58.0,60.0,80.0
2026-05-13 02:00:00,27.2,20,1013.5,13.5,358,0.0,17.4,44.0,117.0,0.0,0.6,63.0,61,Umerkot,2026-07-23 16:34:56.886994+00:00,2,2,5,57.0,54.0,55.0,59.333333333333336,57.416666666666664,55.416666666666664,17.916666666666668,15.024999999999999,50.23333333333334,67.825,6.0,58.0,61.0,79.0
2026-05-13 03:00:00,26.0,19,1012.7,14.6,3,0.0,18.2,53.8,116.0,0.0,0.6,63.0,61,Umerkot,2026-07-23 16:34:56.886994+00:00,3,2,5,58.0,54.0,55.0,59.833333333333336,58.0,55.666666666666664,17.51666666666667,15.329166666666666,46.116666666666674,68.0,6.0,57.0,61.0,79.0
2026-05-13 04:00:00,24.7,19,1012.9,13.7,2,0.0,19.0,62.9,116.0,0.0,0.7,64.0,62,Umerkot,2026-07-23 16:34:56.886994+00:00,4,2,5,58.0,55.0,54.0,60.5,58.583333333333336,56.0,17.583333333333332,15.658333333333331,46.28333333333334,68.44583333333334,8.0,57.0,61.0,79.0
2026-05-13 05:00:00,23.5,21,1013.2,13.2,2,0.0,19.8,69.8,115.0,0.1,0.7,65.0,63,Umerkot,2026-07-23 16:34:56.886994+00:00,5,2,5,59.0,55.0,54.0,61.166666666666664,59.25,56.375,18.333333333333332,16.033333333333335,50.98333333333334,69.33333333333333,9.0,56.0,61.0,79.0
2026-05-13 06:00:00,22.4,22,1013.6,12.3,7,0.0,21.5,83.1,116.0,0.1,0.8,69.0,63,Umerkot,2026-07-23 16:34:56.886994+00:00,6,2,5,60.0,56.0,54.0,61.666666666666664,59.833333333333336,56.75,18.866666666666667,16.466666666666665,58.650000000000006,70.75,9.0,56.0,62.0,78.0
2026-05-13 07:00:00,21.5,24,1014.3,10.0,13,0.0,26.5,113.9,118.0,0.1,0.8,77.0,64,Umerkot,2026-07-23 16:34:56.886994+00:00,7,2,5,60.0,56.0,53.0,62.333333333333336,60.5,57.208333333333336,20.400000000000002,16.995833333333334,71.25000000000001,72.24583333333334,11.0,55.0,63.0,77.0
2026-05-13 08:00:00,23.1,21,1015.1,8.4,10,0.0,27.9,121.5,120.0,0.1,0.9,86.0,65,Umerkot,2026-07-23 16:34:56.886994+00:00,8,2,5,61.0,57.0,53.0,63.0,61.166666666666664,57.708333333333336,22.150000000000002,17.5125,84.16666666666667,73.08749999999999,12.0,55.0,65.0,75.0
2026-05-13 09:00:00,25.3,17,1015.8,10.1,19,0.0,23.8,99.7,122.0,0.1,0.9,95.0,66,Umerkot,2026-07-23 16:34:56.886994+00:00,9,2,5,61.0,58.0,52.0,63.833333333333336,61.833333333333336,58.291666666666664,23.083333333333332,17.84583333333333,91.81666666666668,72.84583333333333,14.0,54.0,68.0,72.0
2026-05-13 10:00:00,27.2,16,1016.0,10.5,35,0.0,19.7,79.2,122.0,0.1,0.9,102.0,67,Umerkot,2026-07-23 16:34:56.886994+00:00,10,2,5,62.0,58.0,53.0,64.66666666666667,62.583333333333336,58.875,23.2,18.020833333333332,94.53333333333335,71.98333333333333,14.0,53.0,70.0,70.0
2026-05-13 11:00:00,29.4,15,1015.8,11.7,47,0.0,16.5,63.8,121.0,0.1,0.8,107.0,67,Umerkot,2026-07-23 16:34:56.886994+00:00,11,2,5,63.0,59.0,53.0,65.33333333333333,63.25,59.458333333333336,22.650000000000002,18.083333333333332,93.53333333333335,70.85833333333333,14.0,53.0,72.0,69.0
2026-05-13 12:00:00,31.2,12,1015.3,10.5,53,0.0,8.9,35.0,120.0,0.1,1.0,112.0,67,Umerkot,2026-07-23 16:34:56.886994+00:00,12,2,5,63.0,60.0,53.0,66.0,63.833333333333336,60.041666666666664,20.55,17.849999999999998,85.51666666666667,68.87083333333334,14.0,52.0,74.0,68.0
2026-05-13 13:00:00,32.7,9,1014.6,8.9,45,0.0,7.9,29.9,120.0,0.1,1.0,113.0,67,Umerkot,2026-07-23 16:34:56.886994+00:00,13,2,5,64.0,60.0,53.0,66.5,64.41666666666667,60.625,17.45,17.583333333333332,71.51666666666668,66.82916666666667,14.0,53.0,76.0,67.0
2026-05-13 14:00:00,33.9,7,1013.9,9.2,26,0.0,7.2,26.3,120.0,0.1,1.1,114.0,66,Umerkot,2026-07-23 16:34:56.886994+00:00,14,2,5,65.0,61.0,54.0,66.66666666666667,64.83333333333333,61.125,14.000000000000002,17.295833333333334,55.65000000000001,64.74166666666667,12.0,53.0,77.0,66.0
2026-05-13 15:00:00,34.1,7,1013.2,16.1,28,0.0,6.9,24.0,120.0,0.1,1.1,113.0,66,Umerkot,2026-07-23 16:34:56.886994+00:00,15,2,5,66.0,61.0,54.0,66.66666666666667,65.25,61.625,11.183333333333332,17.004166666666666,43.03333333333334,62.675000000000004,12.0,54.0,78.0,66.0
2026-05-13 16:00:00,34.5,6,1012.5,16.8,29,0.0,6.9,22.5,121.0,0.1,1.1,108.0,65,Umerkot,2026-07-23 16:34:56.886994+00:00,16,2,5,67.0,62.0,55.0,66.33333333333333,65.5,62.041666666666664,9.05,16.7125,33.58333333333334,60.587500000000006,10.0,55.0,78.0,65.0
2026-05-13 17:00:00,34.4,6,1012.1,18.6,27,0.0,6.9,20.0,122.0,0.1,1.0,101.0,65,Umerkot,2026-07-23 16:34:56.886994+00:00,17,2,5,67.0,63.0,55.0,66.0,65.66666666666667,62.458333333333336,7.45,16.429166666666667,26.283333333333342,58.675000000000004,10.0,56.0,79.0,65.0
2026-05-13 18:00:00,34.0,6,1011.7,19.4,31,0.0,6.8,15.7,122.0,0.1,0.9,94.0,64,Umerkot,2026-07-23 16:34:56.886994+00:00,18,2,5,67.0,63.0,56.0,65.5,65.75,62.791666666666664,7.1000000000000005,16.129166666666666,23.066666666666677,56.787499999999994,8.0,56.0,80.0,65.0
2026-05-13 19:00:00,33.0,6,1011.8,20.0,43,0.0,6.9,14.8,121.0,0.1,0.8,86.0,63,Umerkot,2026-07-23 16:34:56.886994+00:00,19,2,5,67.0,64.0,56.0,64.83333333333333,65.66666666666667,63.083333333333336,6.9333333333333345,15.754166666666668,20.550000000000008,54.737500000000004,7.0,57.0,80.0,64.0
2026-05-13 20:00:00,31.6,7,1012.1,13.9,51,0.0,7.0,14.5,119.0,0.1,0.7,79.0,63,Umerkot,2026-07-23 16:34:56.886994+00:00,20,2,5,66.0,65.0,57.0,64.33333333333333,65.5,63.333333333333336,6.900000000000001,15.241666666666667,18.583333333333343,52.15833333333334,6.0,57.0,80.0,64.0
2026-05-13 21:00:00,30.3,8,1012.4,12.8,59,0.0,7.1,14.9,117.0,0.1,0.6,73.0,62,Umerkot,2026-07-23 16:34:56.886994+00:00,21,2,5,66.0,66.0,58.0,63.666666666666664,65.16666666666667,63.5,6.933333333333334,14.679166666666667,17.066666666666674,49.50833333333333,4.0,58.0,81.0,64.0
2026-05-13 22:00:00,28.9,9,1012.9,11.6,58,0.0,7.2,15.6,116.0,0.1,0.5,71.0,61,Umerkot,2026-07-23 16:34:56.886994+00:00,22,2,5,65.0,67.0,58.0,63.0,64.66666666666667,63.625,6.983333333333333,14.204166666666667,15.916666666666677,47.57916666666667,3.0,58.0,81.0,64.0
2026-05-13 23:00:00,27.6,9,1013.2,11.8,65,0.0,7.4,17.1,116.0,0.1,0.5,71.0,60,Umerkot,2026-07-23 16:34:56.886994+00:00,23,2,5,65.0,67.0,59.0,62.166666666666664,64.08333333333333,63.666666666666664,7.066666666666666,13.875,15.433333333333342,46.55833333333334,1.0,59.0,81.0,64.0
2026-05-14 00:00:00,26.3,10,1013.2,11.7,67,0.0,8.6,25.0,116.0,0.0,0.3,67.0,59,Umerkot,2026-07-23 16:34:56.886994+00:00,0,3,5,64.0,67.0,60.0,61.333333333333336,63.416666666666664,63.625,7.366666666666667,13.470833333333333,16.983333333333345,46.05416666666667,-1.0,60.0,80.0,64.0
2026-05-14 01:00:00,25.2,11,1012.9,10.7,68,0.0,9.5,33.3,115.0,0.0,0.3,64.0,58,Umerkot,2026-07-23 16:34:56.886994+00:00,1,3,5,63.0,67.0,60.0,60.5,62.666666666666664,63.541666666666664,7.8,13.145833333333334,20.066666666666674,45.84583333333333,-2.0,60.0,80.0,64.0
2026-05-14 02:00:00,24.1,13,1012.5,9.7,68,0.0,10.5,42.4,114.0,0.1,0.3,61.0,58,Umerkot,2026-07-23 16:34:56.886994+00:00,2,3,5,63.0,66.0,61.0,59.666666666666664,62.0,63.416666666666664,8.383333333333333,12.858333333333334,24.716666666666672,45.77916666666667,-3.0,61.0,79.0,65.0
2026-05-14 03:00:00,23.4,14,1012.2,10.5,73,0.0,11.3,47.8,114.0,0.1,0.3,59.0,57,Umerkot,2026-07-23 16:34:56.886994+00:00,3,3,5,62.0,66.0,61.0,58.833333333333336,61.25,63.25,9.083333333333334,12.570833333333335,30.200000000000006,45.52916666666667,-4.0,61.0,79.0,65.0
2026-05-14 04:00:00,22.6,15,1012.0,11.6,84,0.0,12.2,52.6,114.0,0.1,0.3,59.0,57,Umerkot,2026-07-23 16:34:56.886994+00:00,4,3,5,61.0,65.0,62.0,58.166666666666664,60.583333333333336,63.041666666666664,9.916666666666666,12.287500000000001,36.366666666666674,45.099999999999994,-5.0,61.0,79.0,65.0
2026-05-14 05:00:00,21.8,15,1012.1,11.9,100,0.0,13.5,59.1,114.0,0.1,0.3,62.0,56,Umerkot,2026-07-23 16:34:56.886994+00:00,5,3,5,60.0,65.0,63.0,57.5,59.833333333333336,62.75,10.933333333333332,12.025,43.366666666666674,44.65416666666667,-7.0,61.0,79.0,66.0
2026-05-14 06:00:00,21.0,16,1012.1,13.0,132,0.0,15.3,66.8,115.0,0.1,0.4,67.0,56,Umerkot,2026-07-23 16:34:56.886994+00:00,6,3,5,59.0,64.0,63.0,57.0,59.166666666666664,62.458333333333336,12.049999999999999,11.766666666666667,50.33333333333334,43.974999999999994,-7.0,62.0,78.0,66.0
2026-05-14 07:00:00,20.8,16,1012.3,12.9,141,0.0,18.8,93.1,117.0,0.1,0.6,78.0,55,Umerkot,2026-07-23 16:34:56.886994+00:00,7,3,5,58.0,63.0,64.0,56.5,58.5,62.083333333333336,13.6,11.445833333333335,60.30000000000001,43.10833333333333,-9.0,63.0,77.0,67.0
2026-05-14 08:00:00,23.5,13,1013.0,13.6,146,0.0,18.9,93.4,119.0,0.1,0.9,93.0,55,Umerkot,2026-07-23 16:34:56.886994+00:00,8,3,5,58.0,63.0,65.0,56.0,57.833333333333336,61.666666666666664,15.0,11.070833333333333,68.80000000000001,41.9375,-10.0,65.0,75.0,67.0
2026-05-14 09:00:00,27.4,10,1013.0,13.7,150,0.0,15.0,69.6,120.0,0.1,1.1,103.0,54,Umerkot,2026-07-23 16:34:56.886994+00:00,9,3,5,57.0,62.0,66.0,55.5,57.166666666666664,61.166666666666664,15.616666666666667,10.704166666666666,72.43333333333334,40.68333333333333,-12.0,68.0,72.0,67.0
2026-05-14 10:00:00,30.7,9,1013.2,18.2,144,0.0,11.8,53.1,120.0,0.1,1.1,106.0,53,Umerkot,2026-07-23 16:34:56.886994+00:00,10,3,5,57.0,61.0,67.0,54.833333333333336,56.5,60.583333333333336,15.549999999999999,10.375,72.51666666666667,39.59583333333333,-14.0,70.0,70.0,68.0
2026-05-14 11:00:00,33.0,8,1012.8,20.6,140,0.0,10.9,48.1,118.0,0.1,1.1,105.0,53,Umerkot,2026-07-23 16:34:56.886994+00:00,11,3,5,56.0,60.0,67.0,54.333333333333336,55.916666666666664,60.0,15.116666666666667,10.141666666666667,70.68333333333335,38.94166666666667,-14.0,72.0,69.0,68.0
2026-05-14 12:00:00,35.0,6,1012.2,21.0,144,0.0,16.8,69.6,117.0,0.1,1.1,106.0,52,Umerkot,2026-07-23 16:34:56.886994+00:00,12,3,5,56.0,59.0,67.0,53.666666666666664,55.333333333333336,59.375,15.366666666666667,10.470833333333333,71.15,40.38333333333333,-15.0,74.0,68.0,68.0
2026-05-14 13:00:00,36.7,5,1011.5,17.8,150,0.0,16.6,68.2,117.0,0.1,1.0,105.0,53,Umerkot,2026-07-23 16:34:56.886994+00:00,13,3,5,55.0,58.0,67.0,53.333333333333336,54.916666666666664,58.791666666666664,15.0,10.833333333333334,67.00000000000001,41.979166666666664,-14.0,76.0,67.0,69.0
2026-05-14 14:00:00,38.0,4,1010.6,12.0,156,0.0,16.4,68.2,116.0,0.1,1.0,103.0,53,Umerkot,2026-07-23 16:34:56.886994+00:00,14,3,5,55.0,58.0,66.0,53.0,54.5,58.25,14.583333333333334,11.216666666666667,62.80000000000001,43.725,-13.0,77.0,66.0,70.0
2026-05-14 15:00:00,38.5,4,1009.6,8.8,147,0.0,15.9,66.6,116.0,0.1,0.9,100.0,54,Umerkot,2026-07-23 16:34:56.886994+00:00,15,3,5,54.0,57.0,66.0,53.0,54.25,57.75,14.733333333333334,11.591666666666667,62.300000000000004,45.5,-12.0,78.0,66.0,71.0
2026-05-14 16:00:00,39.0,5,1008.9,3.6,123,0.0,15.1,62.4,116.0,0.1,0.8,94.0,55,Umerkot,2026-07-23 16:34:56.886994+00:00,16,3,5,53.0,57.0,65.0,53.333333333333336,54.083333333333336,57.333333333333336,15.283333333333333,11.933333333333332,63.850000000000016,47.1625,-10.0,78.0,65.0,72.0
2026-05-14 17:00:00,39.3,5,1008.5,5.5,36,0.0,13.4,48.4,115.0,0.1,0.7,87.0,56,Umerkot,2026-07-23 16:34:56.886994+00:00,17,3,5,53.0,56.0,65.0,53.833333333333336,54.083333333333336,56.958333333333336,15.700000000000001,12.204166666666667,63.900000000000006,48.34583333333333,-9.0,79.0,65.0,73.0
2026-05-14 18:00:00,39.3,6,1007.9,9.8,26,0.0,12.6,41.9,115.0,0.1,0.7,80.0,56,Umerkot,2026-07-23 16:34:56.886994+00:00,18,3,5,52.0,56.0,64.0,54.5,54.083333333333336,56.625,15.0,12.445833333333333,59.28333333333334,49.4375,-8.0,80.0,65.0,74.0
2026-05-14 19:00:00,38.6,5,1007.9,15.9,22,0.0,13.1,41.6,114.0,0.1,0.9,75.0,57,Umerkot,2026-07-23 16:34:56.886994+00:00,19,3,5,53.0,55.0,63.0,55.166666666666664,54.25,56.375,14.416666666666666,12.704166666666666,54.85,50.55416666666667,-6.0,80.0,64.0,75.0
2026-05-14 20:00:00,36.6,6,1008.4,16.3,47,0.0,14.5,46.3,113.0,0.1,1.1,71.0,57,Umerkot,2026-07-23 16:34:56.886994+00:00,20,3,5,53.0,55.0,63.0,55.833333333333336,54.416666666666664,56.125,14.1,13.016666666666666,51.20000000000001,51.87916666666666,-6.0,80.0,64.0,76.0
2026-05-14 21:00:00,34.8,7,1008.7,14.2,64,0.0,15.9,50.6,112.0,0.1,1.3,68.0,58,Umerkot,2026-07-23 16:34:56.886994+00:00,21,3,5,54.0,54.0,62.0,56.5,54.75,55.958333333333336,14.1,13.383333333333333,48.53333333333334,53.36666666666667,-4.0,81.0,64.0,77.0
2026-05-14 22:00:00,33.0,8,1009.2,9.6,47,0.0,17.1,54.6,111.0,0.1,1.4,65.0,58,Umerkot,2026-07-23 16:34:56.886994+00:00,22,3,5,55.0,53.0,61.0,57.0,55.166666666666664,55.833333333333336,14.433333333333332,13.795833333333334,47.23333333333335,54.99166666666667,-3.0,81.0,64.0,78.0
2026-05-14 23:00:00,31.3,9,1009.7,9.6,37,0.0,17.9,59.4,111.0,0.1,1.5,63.0,59,Umerkot,2026-07-23 16:34:56.886994+00:00,23,3,5,56.0,53.0,60.0,57.5,55.666666666666664,55.791666666666664,15.183333333333332,14.233333333333333,49.06666666666667,56.75416666666667,-1.0,81.0,64.0,79.0
2026-05-15 00:00:00,29.9,11,1010.0,8.3,46,0.0,16.4,57.2,111.0,0.1,1.4,62.0,60,Umerkot,2026-07-23 16:34:56.886994+00:00,0,4,5,56.0,52.0,59.0,58.166666666666664,56.333333333333336,55.833333333333336,15.816666666666668,14.558333333333335,51.616666666666674,58.09583333333334,1.0,80.0,64.0,79.0
2026-05-15 01:00:00,28.9,12,1010.0,8.0,44,0.0,15.1,52.6,112.0,0.1,1.2,60.0,60,Umerkot,2026-07-23 16:34:56.886994+00:00,1,4,5,57.0,53.0,58.0,58.666666666666664,56.916666666666664,55.916666666666664,16.150000000000002,14.791666666666666,53.45000000000001,58.9,2.0,80.0,64.0,80.0
2026-05-15 02:00:00,28.0,12,1010.1,10.5,7,0.0,12.7,42.6,113.0,0.0,0.8,58.0,61,Umerkot,2026-07-23 16:34:56.886994+00:00,2,4,5,57.0,53.0,58.0,59.333333333333336,57.583333333333336,56.041666666666664,15.850000000000001,14.883333333333335,52.83333333333334,58.90833333333333,3.0,79.0,65.0,81.0
2026-05-15 03:00:00,26.8,11,1009.5,11.0,345,0.0,11.6,38.4,115.0,0.0,0.6,56.0,61,Umerkot,2026-07-23 16:34:56.886994+00:00,3,4,5,58.0,54.0,57.0,59.833333333333336,58.166666666666664,56.208333333333336,15.133333333333333,14.895833333333334,50.80000000000001,58.51666666666667,4.0,79.0,65.0,82.0
2026-05-15 04:00:00,26.7,9,1009.3,16.7,340,0.0,15.7,60.5,117.0,0.0,0.5,54.0,61,Umerkot,2026-07-23 16:34:56.886994+00:00,4,4,5,58.0,55.0,57.0,60.333333333333336,58.666666666666664,56.375,14.899999999999999,15.041666666666666,51.78333333333334,58.84583333333333,4.0,79.0,65.0,83.0
2026-05-15 05:00:00,25.3,11,1010.0,16.5,349,0.0,21.5,85.2,119.0,0.1,0.5,53.0,61,Umerkot,2026-07-23 16:34:56.886994+00:00,5,4,5,59.0,56.0,56.0,60.666666666666664,59.083333333333336,56.583333333333336,15.5,15.375,56.08333333333334,59.93333333333334,5.0,79.0,66.0,84.0
2026-05-15 06:00:00,24.1,13,1010.6,16.3,346,0.0,30.5,131.8,120.0,0.1,0.5,54.0,62,Umerkot,2026-07-23 16:34:56.886994+00:00,6,4,5,60.0,56.0,56.0,61.0,59.583333333333336,56.833333333333336,17.849999999999998,16.008333333333333,68.51666666666668,62.64166666666667,6.0,78.0,66.0,84.0
2026-05-15 07:00:00,23.4,17,1011.5,16.8,350,0.0,44.2,197.0,120.0,0.1,0.6,59.0,63,Umerkot,2026-07-23 16:34:56.886994+00:00,7,4,5,60.0,57.0,55.0,61.5,60.083333333333336,57.166666666666664,22.7,17.066666666666666,92.58333333333333,66.97083333333333,8.0,77.0,67.0,85.0
2026-05-15 08:00:00,24.8,21,1012.7,14.6,355,0.0,49.8,214.7,120.0,0.1,0.6,67.0,65,Umerkot,2026-07-23 16:34:56.886994+00:00,8,4,5,61.0,57.0,55.0,62.166666666666664,60.75,57.583333333333336,28.883333333333336,18.354166666666668,121.26666666666667,72.025,10.0,75.0,67.0,85.0
2026-05-15 09:00:00,26.8,22,1013.3,15.2,5,0.0,46.6,194.6,120.0,0.1,0.7,74.0,68,Umerkot,2026-07-23 16:34:56.886994+00:00,9,4,5,61.0,58.0,54.0,63.333333333333336,61.583333333333336,58.166666666666664,34.71666666666667,19.670833333333334,147.3,77.23333333333333,14.0,72.0,67.0,85.0
2026-05-15 10:00:00,28.5,21,1013.8,17.1,21,0.0,41.3,165.3,120.0,0.1,0.7,78.0,70,Umerkot,2026-07-23 16:34:56.886994+00:00,10,4,5,61.0,58.0,53.0,64.83333333333333,62.583333333333336,58.875,38.983333333333334,20.900000000000002,164.76666666666668,81.90833333333333,17.0,70.0,68.0,85.0
2026-05-15 11:00:00,30.4,19,1014.3,19.4,31,0.0,36.8,139.7,121.0,0.0,0.6,80.0,72,Umerkot,2026-07-23 16:34:56.886994+00:00,11,4,5,61.0,59.0,53.0,66.66666666666667,63.666666666666664,59.666666666666664,41.53333333333334,21.979166666666668,173.85000000000002,85.72500000000001,19.0,69.0,68.0,85.0
2026-05-15 12:00:00,32.2,17,1014.3,22.4,37,0.0,32.2,123.4,121.0,0.0,0.7,83.0,74,Umerkot,2026-07-23 16:34:56.886994+00:00,12,4,5,62.0,60.0,52.0,68.66666666666667,64.83333333333333,60.583333333333336,41.81666666666667,22.620833333333334,172.45000000000002,87.96666666666665,22.0,68.0,68.0,86.0
2026-05-15 13:00:00,33.7,15,1013.9,21.0,43,0.0,29.5,108.7,121.0,0.0,0.6,84.0,76,Umerkot,2026-07-23 16:34:56.886994+00:00,13,4,5,63.0,60.0,53.0,70.83333333333333,66.16666666666667,61.541666666666664,39.36666666666667,23.15833333333333,157.73333333333335,89.65416666666665,23.0,67.0,69.0,86.0
2026-05-15 14:00:00,34.9,13,1012.9,16.8,51,0.0,27.1,98.0,120.0,0.0,0.6,86.0,77,Umerkot,2026-07-23 16:34:56.886994+00:00,14,4,5,65.0,61.0,53.0,72.83333333333333,67.5,62.541666666666664,35.583333333333336,23.604166666666668,138.28333333333333,90.89583333333333,24.0,66.0,70.0,86.0
2026-05-15 15:00:00,34.9,12,1013.0,16.4,42,0.0,24.9,87.5,120.0,0.0,0.5,87.0,78,Umerkot,2026-07-23 16:34:56.886994+00:00,15,4,5,68.0,61.0,54.0,74.5,68.91666666666667,63.541666666666664,31.966666666666665,23.979166666666668,120.43333333333335,91.76666666666667,24.0,66.0,71.0,86.0
2026-05-15 16:00:00,35.4,12,1012.4,15.1,29,0.0,23.1,79.6,120.0,0.0,0.5,86.0,78,Umerkot,2026-07-23 16:34:56.886994+00:00,16,4,5,70.0,61.0,55.0,75.83333333333333,70.33333333333333,64.5,28.933333333333337,24.3125,106.14999999999999,92.48333333333333,23.0,65.0,72.0,86.0
2026-05-15 17:00:00,35.3,11,1012.2,15.5,26,0.0,21.4,69.6,120.0,0.0,0.4,83.0,79,Umerkot,2026-07-23 16:34:56.886994+00:00,17,4,5,72.0,61.0,56.0,77.0,71.83333333333333,65.45833333333333,26.366666666666664,24.645833333333332,94.46666666666668,93.36666666666667,23.0,65.0,73.0,85.0
2026-05-15 18:00:00,34.9,11,1011.7,14.7,31,0.0,19.6,57.9,120.0,0.0,0.4,80.0,80,Umerkot,2026-07-23 16:34:56.886994+00:00,18,4,5,74.0,62.0,56.0,78.0,73.33333333333333,66.45833333333333,24.26666666666667,24.9375,83.55000000000001,94.03333333333332,24.0,65.0,74.0,85.0
2026-05-15 19:00:00,34.0,11,1012.0,16.3,33,0.0,18.5,55.6,120.0,0.0,0.4,77.0,80,Umerkot,2026-07-23 16:34:56.886994+00:00,19,4,5,76.0,63.0,57.0,78.66666666666667,74.75,67.41666666666667,22.433333333333337,25.162499999999998,74.7,94.61666666666667,23.0,64.0,75.0,85.0
2026-05-15 20:00:00,32.7,13,1012.5,16.6,34,0.0,17.3,52.4,119.0,0.0,0.3,74.0,80,Umerkot,2026-07-23 16:34:56.886994+00:00,20,4,5,77.0,65.0,57.0,79.16666666666667,76.0,68.375,20.8,25.27916666666667,67.10000000000001,94.87083333333332,23.0,64.0,76.0,85.0
2026-05-15 21:00:00,31.6,14,1013.1,15.9,37,0.0,15.8,46.6,119.0,0.0,0.3,71.0,81,Umerkot,2026-07-23 16:34:56.886994+00:00,21,4,5,78.0,68.0,58.0,79.66666666666667,77.08333333333333,69.33333333333333,19.283333333333335,25.275000000000002,60.28333333333334,94.70416666666667,23.0,64.0,77.0,85.0
2026-05-15 22:00:00,30.4,16,1013.8,16.7,41,0.0,14.5,40.5,118.0,0.0,0.3,68.0,81,Umerkot,2026-07-23 16:34:56.886994+00:00,22,4,5,78.0,70.0,58.0,80.16666666666667,78.0,70.29166666666667,17.849999999999998,25.166666666666668,53.76666666666667,94.11666666666667,23.0,64.0,78.0,85.0
2026-05-15 23:00:00,29.2,17,1014.3,16.4,54,0.0,13.5,37.0,118.0,0.0,0.3,66.0,81,Umerkot,2026-07-23 16:34:56.886994+00:00,23,4,5,79.0,72.0,59.0,80.5,78.75,71.20833333333333,16.53333333333333,24.983333333333334,48.33333333333334,93.18333333333334,22.0,64.0,79.0,86.0
2026-05-16 00:00:00,28.0,18,1014.4,13.9,65,0.0,11.7,31.3,117.0,0.0,0.3,66.0,80,Umerkot,2026-07-23 16:34:56.886994+00:00,0,5,5,80.0,74.0,60.0,80.5,79.25,72.04166666666667,15.216666666666667,24.787500000000005,43.90000000000001,92.10416666666667,20.0,64.0,79.0,85.0
2026-05-16 01:00:00,26.9,19,1014.3,12.3,65,0.0,10.9,29.2,117.0,0.0,0.3,64.0,80,Umerkot,2026-07-23 16:34:56.886994+00:00,1,5,5,80.0,76.0,60.0,80.5,79.58333333333333,72.875,13.950000000000001,24.6125,39.50000000000001,91.12916666666668,20.0,64.0,80.0,85.0
2026-05-16 02:00:00,25.8,20,1013.8,12.4,77,0.0,10.4,29.2,116.0,0.0,0.3,61.0,79,Umerkot,2026-07-23 16:34:56.886994+00:00,2,5,5,80.0,77.0,61.0,80.33333333333333,79.75,73.625,12.800000000000002,24.516666666666666,35.63333333333335,90.57083333333333,18.0,65.0,81.0,87.0
2026-05-16 03:00:00,24.9,20,1013.5,13.2,80,0.0,10.3,31.9,116.0,0.0,0.3,60.0,79,Umerkot,2026-07-23 16:34:56.886994+00:00,3,5,5,81.0,78.0,61.0,80.0,79.83333333333333,74.375,11.883333333333333,24.462499999999995,33.183333333333344,90.30000000000001,18.0,65.0,82.0,88.0
2026-05-16 04:00:00,24.1,21,1013.5,13.3,88,0.0,10.8,37.4,116.0,0.0,0.3,60.0,79,Umerkot,2026-07-23 16:34:56.886994+00:00,4,5,5,81.0,78.0,61.0,79.66666666666667,79.91666666666667,75.125,11.266666666666666,24.258333333333336,32.66666666666668,89.33750000000002,18.0,65.0,83.0,90.0
2026-05-16 05:00:00,23.2,21,1013.5,12.5,98,0.0,12.0,48.1,116.0,0.0,0.3,61.0,79,Umerkot,2026-07-23 16:34:56.886994+00:00,5,5,5,81.0,79.0,61.0,79.33333333333333,79.91666666666667,75.875,11.016666666666666,23.8625,34.51666666666668,87.79166666666667,18.0,66.0,84.0,91.0
2026-05-16 06:00:00,22.4,22,1013.4,12.3,119,0.0,14.4,68.0,116.0,0.0,0.3,64.0,78,Umerkot,2026-07-23 16:34:56.886994+00:00,6,5,5,80.0,80.0,62.0,79.0,79.75,76.54166666666667,11.466666666666667,23.191666666666666,40.63333333333335,85.13333333333334,16.0,66.0,84.0,92.0
2026-05-16 07:00:00,22.1,23,1013.6,13.7,128,0.0,18.3,101.5,116.0,0.0,0.3,73.0,77,Umerkot,2026-07-23 16:34:56.886994+00:00,7,5,5,80.0,80.0,63.0,78.5,79.5,77.125,12.700000000000001,22.112499999999997,52.683333333333344,81.15416666666667,14.0,67.0,85.0,94.0
2026-05-16 08:00:00,24.1,20,1014.0,13.7,129,0.0,17.8,98.7,116.0,0.0,0.4,84.0,75,Umerkot,2026-07-23 16:34:56.886994+00:00,8,5,5,79.0,80.0,65.0,77.83333333333333,79.08333333333333,77.54166666666667,13.933333333333335,20.77916666666667,64.26666666666668,76.32083333333334,10.0,67.0,85.0,95.0
2026-05-16 09:00:00,27.3,16,1014.2,16.8,131,0.0,20.0,105.9,116.0,0.0,0.4,90.0,72,Umerkot,2026-07-23 16:34:56.886994+00:00,9,5,5,79.0,81.0,68.0,76.66666666666667,78.33333333333333,77.70833333333333,15.549999999999999,19.670833333333334,76.60000000000001,72.625,4.0,67.0,85.0,97.0
2026-05-16 10:00:00,30.3,13,1014.2,21.9,127,0.0,25.8,127.1,117.0,0.0,0.4,87.0,70,Umerkot,2026-07-23 16:34:56.886994+00:00,10,5,5,79.0,81.0,70.0,75.16666666666667,77.41666666666667,77.70833333333333,18.05,19.025,91.55000000000001,71.03333333333335,0.0,68.0,85.0,98.0
2026-05-16 11:00:00,32.9,10,1014.1,24.1,126,0.0,27.8,130.4,119.0,0.0,0.3,79.0,69,Umerkot,2026-07-23 16:34:56.886994+00:00,11,5,5,79.0,81.0,72.0,73.5,76.41666666666667,77.58333333333333,20.683333333333334,18.650000000000002,105.2666666666667,70.64583333333333,-3.0,68.0,85.0,99.0
2026-05-16 12:00:00,35.1,10,1013.4,25.6,124,0.0,19.2,86.8,120.0,0.0,0.3,74.0,68,Umerkot,2026-07-23 16:34:56.886994+00:00,12,5,5,78.0,80.0,74.0,71.83333333333333,75.41666666666667,77.33333333333333,21.483333333333334,18.10833333333333,108.40000000000002,69.12083333333332,-6.0,68.0,86.0,99.0
2026-05-16 13:00:00,36.5,12,1012.7,24.5,123,0.0,19.4,84.8,120.0,0.0,0.3,73.0,67,Umerkot,2026-07-23 16:34:56.886994+00:00,13,5,5,77.0,80.0,76.0,70.16666666666667,74.33333333333333,76.95833333333333,21.666666666666668,17.6875,105.61666666666667,68.125,-9.0,69.0,86.0,100.0
2026-05-16 14:00:00,37.8,12,1011.9,22.1,123,0.0,19.2,82.2,120.0,0.0,0.2,72.0,66,Umerkot,2026-07-23 16:34:56.886994+00:00,14,5,5,75.0,79.0,77.0,68.66666666666667,73.25,76.5,21.900000000000002,17.358333333333334,102.86666666666667,67.46666666666665,-11.0,70.0,86.0,100.0
2026-05-16 15:00:00,38.3,11,1011.3,21.4,124,0.0,19.0,80.8,120.0,0.0,0.2,69.0,66,Umerkot,2026-07-23 16:34:56.886994+00:00,15,5,5,72.0,79.0,78.0,67.66666666666667,72.16666666666667,76.0,21.733333333333334,17.1125,98.68333333333334,67.1875,-12.0,71.0,86.0,101.0
2026-05-16 16:00:00,38.9,11,1010.6,18.4,129,0.0,19.0,79.9,119.0,0.0,0.2,65.0,65,Umerkot,2026-07-23 16:34:56.886994+00:00,16,5,5,70.0,79.0,78.0,66.83333333333333,71.0,75.45833333333333,20.599999999999998,16.941666666666666,90.81666666666668,67.2,-13.0,72.0,86.0,102.0
2026-05-16 17:00:00,39.2,11,1010.3,15.2,133,0.0,17.8,64.5,119.0,0.0,0.2,60.0,65,Umerkot,2026-07-23 16:34:56.886994+00:00,17,5,5,69.0,79.0,79.0,66.16666666666667,69.83333333333333,74.875,18.933333333333334,16.791666666666668,79.83333333333334,66.9875,-14.0,73.0,85.0,102.0
2026-05-16 18:00:00,39.0,11,1009.8,13.6,136,0.0,16.9,55.6,118.0,0.0,0.2,55.0,65,Umerkot,2026-07-23 16:34:56.886994+00:00,18,5,5,68.0,78.0,80.0,65.66666666666667,68.75,74.25,18.55,16.679166666666667,74.63333333333334,66.89166666666667,-15.0,74.0,85.0,104.0
2026-05-16 19:00:00,38.4,11,1009.7,12.9,137,0.0,16.1,49.2,118.0,0.0,0.2,51.0,64,Umerkot,2026-07-23 16:34:56.886994+00:00,19,5,5,67.0,77.0,80.0,65.16666666666667,67.66666666666667,73.58333333333333,18.0,16.57916666666667,68.70000000000002,66.625,-16.0,75.0,85.0,106.0
2026-05-16 20:00:00,36.7,13,1009.9,9.7,121,0.0,15.5,45.3,117.0,0.0,0.2,48.0,64,Umerkot,2026-07-23 16:34:56.886994+00:00,20,5,5,66.0,75.0,80.0,64.83333333333333,66.75,72.91666666666667,17.383333333333333,16.504166666666666,62.55000000000001,66.32916666666667,-16.0,76.0,85.0,108.0
2026-05-16 21:00:00,35.5,15,1010.3,11.7,117,0.0,15.1,43.1,117.0,0.0,0.2,45.0,64,Umerkot,2026-07-23 16:34:56.886994+00:00,21,5,5,66.0,72.0,81.0,64.5,66.08333333333333,72.20833333333333,16.73333333333333,16.474999999999998,56.26666666666668,66.18333333333334,-17.0,77.0,85.0,109.0
2026-05-16 22:00:00,34.2,16,1010.8,13.3,120,0.0,14.9,42.4,117.0,0.0,0.2,43.0,64,Umerkot,2026-07-23 16:34:56.886994+00:00,22,5,5,65.0,70.0,81.0,64.33333333333333,65.58333333333333,71.5,16.05,16.491666666666667,50.01666666666668,66.2625,-17.0,78.0,85.0,109.0
2026-05-16 23:00:00,33.1,17,1011.3,14.0,120,0.0,14.7,41.4,116.0,0.0,0.2,41.0,64,Umerkot,2026-07-23 16:34:56.886994+00:00,23,5,5,65.0,69.0,81.0,64.16666666666667,65.16666666666667,70.79166666666667,15.533333333333333,16.541666666666668,46.16666666666668,66.44583333333334,-17.0,79.0,86.0,110.0
2026-05-17 00:00:00,31.8,19,1011.3,14.3,123,0.0,14.4,38.6,116.0,0.0,0.2,40.0,64,Umerkot,2026-07-23 16:34:56.886994+00:00,0,6,5,65.0,68.0,80.0,64.0,64.83333333333333,70.125,15.116666666666667,16.654166666666665,43.33333333333334,66.75,-16.0,79.0,85.0,110.0
2026-05-17 01:00:00,30.6,20,1011.3,15.2,130,0.0,14.6,40.0,116.0,0.0,0.2,39.0,64,Umerkot,2026-07-23 16:34:56.886994+00:00,1,6,5,64.0,67.0,80.0,64.0,64.58333333333333,69.45833333333333,14.866666666666667,16.808333333333334,41.800000000000004,67.2,-16.0,80.0,85.0,109.0
2026-05-17 02:00:00,29.4,22,1011.1,16.2,144,0.0,14.9,41.3,116.0,0.0,0.1,37.0,65,Umerkot,2026-07-23 16:34:56.886994+00:00,2,6,5,64.0,66.0,79.0,64.16666666666667,64.5,68.875,14.766666666666666,16.995833333333334,41.13333333333335,67.70416666666667,-14.0,81.0,87.0,108.0
2026-05-17 03:00:00,29.9,20,1010.3,16.7,159,0.0,15.3,43.0,116.0,0.0,0.1,37.0,65,Umerkot,2026-07-23 16:34:56.886994+00:00,3,6,5,64.0,66.0,79.0,64.33333333333333,64.41666666666667,68.29166666666667,14.800000000000002,17.204166666666666,41.116666666666674,68.16666666666667,-14.0,82.0,88.0,107.0
2026-05-17 04:00:00,29.1,21,1010.0,17.4,166,0.0,15.8,45.9,116.0,0.0,0.1,38.0,65,Umerkot,2026-07-23 16:34:56.886994+00:00,4,6,5,64.0,65.0,79.0,64.5,64.41666666666667,67.70833333333333,14.950000000000001,17.4125,41.70000000000001,68.52083333333333,-14.0,83.0,90.0,106.0
2026-05-17 05:00:00,28.2,22,1009.9,17.6,172,0.0,17.1,53.7,116.0,0.0,0.2,40.0,66,Umerkot,2026-07-23 16:34:56.886994+00:00,5,6,5,64.0,65.0,79.0,64.83333333333333,64.5,67.16666666666667,15.35,17.625,43.75000000000001,68.75416666666666,-13.0,84.0,91.0,105.0
2026-05-17 06:00:00,27.9,22,1009.8,19.4,181,0.0,17.9,56.9,116.0,0.0,0.2,43.0,66,Umerkot,2026-07-23 16:34:56.886994+00:00,6,6,5,64.0,65.0,78.0,65.16666666666667,64.58333333333333,66.66666666666667,15.933333333333335,17.770833333333332,46.80000000000001,68.29166666666667,-12.0,84.0,92.0,103.0
2026-05-17 07:00:00,27.8,22,1009.8,20.4,184,0.0,21.2,85.0,117.0,0.0,0.2,49.0,67,Umerkot,2026-07-23 16:34:56.886994+00:00,7,6,5,64.0,64.0,77.0,65.66666666666667,64.83333333333333,66.25,17.033333333333335,17.891666666666666,54.30000000000001,67.60416666666667,-10.0,85.0,94.0,103.0
2026-05-17 08:00:00,30.0,20,1010.4,20.3,193,0.0,25.0,115.7,118.0,0.0,0.2,56.0,67,Umerkot,2026-07-23 16:34:56.886994+00:00,8,6,5,65.0,64.0,75.0,66.0,65.08333333333333,65.91666666666667,18.71666666666667,18.191666666666666,66.7,68.3125,-8.0,85.0,95.0,105.0
2026-05-17 09:00:00,33.0,17,1011.0,17.0,195,0.0,27.4,134.6,118.0,0.0,0.2,61.0,67,Umerkot,2026-07-23 16:34:56.886994+00:00,9,6,5,65.0,64.0,72.0,66.33333333333333,65.33333333333333,65.70833333333333,20.73333333333333,18.5,81.96666666666668,69.50833333333334,-5.0,85.0,97.0,107.0
2026-05-17 10:00:00,36.8,13,1011.1,24.2,210,0.0,28.6,143.4,118.0,0.0,0.2,62.0,68,Umerkot,2026-07-23 16:34:56.886994+00:00,10,6,5,65.0,64.0,70.0,66.83333333333333,65.66666666666667,65.625,22.866666666666664,18.616666666666667,98.21666666666668,70.1875,-2.0,85.0,98.0,109.0
2026-05-17 11:00:00,39.2,11,1011.3,30.5,222,0.0,29.3,150.4,117.0,0.0,0.1,62.0,68,Umerkot,2026-07-23 16:34:56.886994+00:00,11,6,5,66.0,64.0,69.0,67.16666666666667,66.0,65.58333333333333,24.900000000000002,18.679166666666667,114.33333333333333,71.02083333333333,-1.0,85.0,99.0,111.0
2026-05-17 12:00:00,40.8,10,1011.3,31.5,234,0.0,30.0,150.4,116.0,0.0,0.1,61.0,68,Umerkot,2026-07-23 16:34:56.886994+00:00,12,6,5,66.0,64.0,68.0,67.5,66.33333333333333,65.58333333333333,26.916666666666668,19.129166666666666,129.91666666666669,73.67083333333333,0.0,86.0,99.0,113.0
2026-05-17 13:00:00,42.0,9,1010.9,30.7,242,0.0,31.2,159.3,115.0,0.0,0.1,62.0,69,Umerkot,2026-07-23 16:34:56.886994+00:00,13,6,5,67.0,64.0,67.0,67.83333333333333,66.75,65.66666666666667,28.583333333333332,19.620833333333334,142.3,76.77499999999999,2.0,86.0,100.0,112.0
2026-05-17 14:00:00,42.8,9,1010.5,30.2,247,0.0,31.7,163.9,115.0,0.0,0.1,62.0,70,Umerkot,2026-07-23 16:34:56.886994+00:00,14,6,5,67.0,65.0,66.0,68.33333333333333,67.16666666666667,65.83333333333333,29.700000000000003,20.141666666666666,150.33333333333334,80.17916666666667,4.0,86.0,100.0,112.0
2026-05-17 15:00:00,43.3,8,1010.0,25.4,248,0.0,32.0,165.8,114.0,0.0,0.1,62.0,71,Umerkot,2026-07-23 16:34:56.886994+00:00,15,6,5,67.0,65.0,66.0,69.0,67.66666666666667,66.04166666666667,30.46666666666667,20.683333333333334,155.53333333333336,83.72083333333333,5.0,86.0,101.0,110.0
2026-05-17 16:00:00,43.5,8,1009.5,23.1,249,0.0,32.1,164.4,113.0,0.0,0.1,60.0,72,Umerkot,2026-07-23 16:34:56.886994+00:00,16,6,5,68.0,65.0,65.0,69.66666666666667,68.25,66.33333333333333,31.05,21.229166666666668,159.03333333333333,87.24166666666667,7.0,86.0,102.0,109.0
2026-05-17 17:00:00,43.4,8,1009.2,22.0,256,0.0,30.5,136.9,113.0,0.0,0.1,56.0,73,Umerkot,2026-07-23 16:34:56.886994+00:00,17,6,5,68.0,66.0,65.0,70.5,68.83333333333333,66.66666666666667,31.25,21.758333333333336,156.78333333333333,90.25833333333334,8.0,85.0,102.0,106.0
2026-05-17 18:00:00,42.8,8,1008.9,22.9,266,0.0,28.6,117.1,112.0,0.0,0.1,53.0,74,Umerkot,2026-07-23 16:34:56.886994+00:00,18,6,5,68.0,66.0,65.0,71.5,69.5,67.04166666666667,31.016666666666666,22.245833333333334,151.23333333333335,92.82083333333334,9.0,85.0,104.0,103.0
2026-05-17 19:00:00,41.9,8,1009.0,23.1,268,0.0,27.4,109.0,112.0,0.0,0.1,51.0,75,Umerkot,2026-07-23 16:34:56.886994+00:00,19,6,5,69.0,67.0,64.0,72.5,70.16666666666667,67.5,30.383333333333336,22.71666666666667,142.85,95.3125,11.0,85.0,106.0,99.0
2026-05-17 20:00:00,40.4,9,1009.3,18.1,253,0.0,26.5,105.0,112.0,0.0,0.1,50.0,76,Umerkot,2026-07-23 16:34:56.886994+00:00,20,6,5,70.0,67.0,64.0,73.5,70.91666666666667,68.0,29.516666666666666,23.175,133.03333333333333,97.80000000000001,12.0,85.0,108.0,96.0
2026-05-17 21:00:00,38.9,10,1009.6,15.9,231,0.0,26.3,106.9,112.0,0.0,0.1,49.0,77,Umerkot,2026-07-23 16:34:56.886994+00:00,21,6,5,71.0,67.0,64.0,74.5,71.75,68.54166666666667,28.566666666666666,23.641666666666666,123.2166666666667,100.45833333333333,13.0,85.0,109.0,94.0
2026-05-17 22:00:00,37.8,10,1010.0,17.9,214,0.0,26.3,109.4,112.0,0.0,0.1,48.0,78,Umerkot,2026-07-23 16:34:56.886994+00:00,22,6,5,72.0,68.0,64.0,75.5,72.58333333333333,69.125,27.599999999999998,24.116666666666664,114.05000000000001,103.25,14.0,85.0,109.0,92.0
2026-05-17 23:00:00,36.8,11,1010.1,17.5,215,0.0,26.3,110.8,111.0,0.0,0.1,48.0,79,Umerkot,2026-07-23 16:34:56.886994+00:00,23,6,5,73.0,68.0,64.0,76.5,73.5,69.75,26.900000000000002,24.600000000000005,109.7,106.14166666666667,15.0,86.0,110.0,89.0
2026-05-18 00:00:00,35.6,12,1010.1,17.0,214,0.0,25.7,109.7,111.0,0.0,0.1,47.0,79,Umerkot,2026-07-23 16:34:56.886994+00:00,0,0,5,74.0,68.0,64.0,77.33333333333333,74.41666666666667,70.375,26.416666666666668,25.07083333333333,108.46666666666668,109.10416666666667,15.0,85.0,110.0,87.0
2026-05-18 01:00:00,34.7,12,1009.9,15.9,225,0.0,25.8,112.2,111.0,0.0,0.1,47.0,80,Umerkot,2026-07-23 16:34:56.886994+00:00,1,0,5,75.0,69.0,64.0,78.16666666666667,75.33333333333333,71.04166666666667,26.150000000000002,25.537500000000005,109.0,112.11250000000001,16.0,85.0,109.0,85.0
2026-05-18 02:00:00,34.2,12,1009.4,17.1,229,0.0,25.7,113.2,110.0,0.0,0.1,47.0,81,Umerkot,2026-07-23 16:34:56.886994+00:00,2,0,5,76.0,70.0,65.0,79.0,76.25,71.70833333333333,26.016666666666666,25.987499999999997,110.36666666666667,115.10833333333333,16.0,87.0,108.0,82.0
2026-05-18 03:00:00,33.3,13,1008.9,18.2,234,0.0,25.6,114.8,110.0,0.0,0.1,47.0,82,Umerkot,2026-07-23 16:34:56.886994+00:00,3,0,5,77.0,71.0,65.0,79.83333333333333,77.16666666666667,72.41666666666667,25.899999999999995,26.416666666666668,111.68333333333334,118.10000000000001,17.0,88.0,107.0,80.0
2026-05-18 04:00:00,32.7,13,1008.6,18.6,236,0.0,25.1,113.9,110.0,0.0,0.1,46.0,83,Umerkot,2026-07-23 16:34:56.886994+00:00,4,0,5,78.0,72.0,65.0,80.66666666666667,78.08333333333333,73.16666666666667,25.700000000000003,26.80416666666667,112.43333333333335,120.93333333333334,18.0,90.0,106.0,79.0
2026-05-18 05:00:00,31.7,14,1008.6,18.4,233,0.0,24.3,107.1,109.0,0.0,0.1,44.0,84,Umerkot,2026-07-23 16:34:56.886994+00:00,5,0,5,79.0,73.0,66.0,81.5,79.0,73.91666666666667,25.366666666666664,27.104166666666668,111.81666666666666,123.15833333333335,18.0,91.0,105.0,77.0
2026-05-18 06:00:00,31.1,14,1008.9,18.7,231,0.0,22.8,92.9,109.0,0.0,0.1,44.0,84,Umerkot,2026-07-23 16:34:56.886994+00:00,6,0,5,79.0,74.0,66.0,82.33333333333333,79.83333333333333,74.66666666666667,24.883333333333336,27.308333333333334,109.0166666666667,124.65833333333335,18.0,92.0,103.0,76.0
2026-05-18 07:00:00,30.7,15,1009.5,19.0,226,0.0,22.9,100.1,110.0,0.0,0.1,48.0,85,Umerkot,2026-07-23 16:34:56.886994+00:00,7,0,5,80.0,75.0,67.0,83.16666666666667,80.66666666666667,75.41666666666667,24.400000000000002,27.379166666666666,107.0,125.28750000000001,18.0,94.0,103.0,74.0
2026-05-18 08:00:00,32.7,13,1009.9,18.7,225,0.0,24.2,117.1,111.0,0.0,0.1,54.0,85,Umerkot,2026-07-23 16:34:56.886994+00:00,8,0,5,81.0,76.0,67.0,83.83333333333333,81.41666666666667,76.16666666666667,24.150000000000002,27.345833333333335,107.64999999999999,125.34583333333335,18.0,95.0,105.0,71.0
2026-05-18 09:00:00,35.9,11,1010.6,16.7,225,0.0,26.3,138.8,112.0,0.0,0.1,59.0,85,Umerkot,2026-07-23 16:34:56.886994+00:00,9,0,5,82.0,77.0,67.0,84.33333333333333,82.08333333333333,76.91666666666667,24.266666666666666,27.3,111.65000000000002,125.52083333333333,18.0,97.0,107.0,68.0
2026-05-18 10:00:00,39.1,9,1010.7,23.4,231,0.0,27.9,149.5,112.0,0.0,0.1,60.0,85,Umerkot,2026-07-23 16:34:56.886994+00:00,10,0,5,83.0,78.0,68.0,84.66666666666667,82.66666666666667,77.625,24.733333333333334,27.270833333333332,117.58333333333333,125.77500000000002,17.0,98.0,109.0,66.0
2026-05-18 11:00:00,41.5,8,1010.9,27.5,239,0.0,29.3,156.5,112.0,0.0,0.1,60.0,85,Umerkot,2026-07-23 16:34:56.886994+00:00,11,0,5,84.0,79.0,68.0,84.83333333333333,83.16666666666667,78.33333333333333,25.566666666666666,27.27083333333334,125.81666666666668,126.02916666666668,17.0,99.0,111.0,64.0
2026-05-18 12:00:00,43.0,7,1010.8,28.0,244,0.0,30.5,162.5,112.0,0.0,0.1,61.0,86,Umerkot,2026-07-23 16:34:56.886994+00:00,12,0,5,84.0,79.0,68.0,85.16666666666667,83.75,79.08333333333333,26.850000000000005,27.291666666666668,137.41666666666666,126.53333333333335,18.0,99.0,113.0,64.0
2026-05-18 13:00:00,43.9,6,1010.1,24.7,243,0.0,30.0,162.5,112.0,0.0,0.1,61.0,86,Umerkot,2026-07-23 16:34:56.886994+00:00,13,0,5,85.0,80.0,69.0,85.33333333333333,84.25,79.79166666666667,28.033333333333335,27.24166666666667,147.8166666666667,126.66666666666667,17.0,100.0,112.0,64.0
2026-05-18 14:00:00,44.5,6,1009.7,21.5,240,0.0,29.5,161.1,111.0,0.0,0.1,62.0,86,Umerkot,2026-07-23 16:34:56.886994+00:00,14,0,5,85.0,81.0,70.0,85.5,84.66666666666667,80.45833333333333,28.916666666666668,27.150000000000002,155.15,126.55000000000001,16.0,100.0,112.0,65.0
2026-05-18 15:00:00,44.8,6,1009.3,19.1,241,0.0,28.8,157.4,111.0,0.0,0.1,61.0,86,Umerkot,2026-07-23 16:34:56.886994+00:00,15,0,5,85.0,82.0,71.0,85.66666666666667,85.0,81.08333333333333,29.333333333333332,27.016666666666666,158.25,126.2,15.0,101.0,110.0,66.0
2026-05-18 16:00:00,45.0,6,1008.6,18.7,241,0.0,28.1,151.3,111.0,0.0,0.1,59.0,86,Umerkot,2026-07-23 16:34:56.886994+00:00,16,0,5,85.0,83.0,72.0,85.83333333333333,85.25,81.66666666666667,29.366666666666664,26.849999999999998,158.55,125.65416666666665,14.0,102.0,109.0,68.0
2026-05-18 17:00:00,45.0,5,1008.4,18.8,243,0.0,26.2,121.5,111.0,0.0,0.1,56.0,85,Umerkot,2026-07-23 16:34:56.886994+00:00,17,0,5,85.0,84.0,73.0,85.83333333333333,85.33333333333333,82.16666666666667,28.849999999999998,26.670833333333334,152.71666666666667,125.01249999999999,12.0,102.0,106.0,70.0
2026-05-18 18:00:00,44.1,6,1008.1,18.5,246,0.0,25.0,108.5,111.0,0.0,0.1,53.0,85,Umerkot,2026-07-23 16:34:56.886994+00:00,18,0,5,86.0,84.0,74.0,85.66666666666667,85.41666666666667,82.625,27.933333333333334,26.520833333333332,143.71666666666667,124.65416666666665,11.0,104.0,103.0,72.0
2026-05-18 19:00:00,43.1,6,1008.0,18.2,252,0.0,25.4,112.7,110.0,0.0,0.1,52.0,85,Umerkot,2026-07-23 16:34:56.886994+00:00,19,0,5,86.0,85.0,75.0,85.5,85.41666666666667,83.04166666666667,27.166666666666668,26.4375,135.41666666666669,124.80833333333334,10.0,106.0,99.0,73.0
2026-05-18 20:00:00,41.5,7,1008.2,17.5,258,0.0,27.4,121.1,109.0,0.0,0.1,52.0,85,Umerkot,2026-07-23 16:34:56.886994+00:00,20,0,5,86.0,85.0,76.0,85.33333333333333,85.41666666666667,83.41666666666667,26.816666666666663,26.474999999999998,128.75,125.47916666666667,9.0,108.0,96.0,75.0
2026-05-18 21:00:00,40.1,7,1008.9,18.3,257,0.0,28.8,117.6,109.0,0.0,0.1,51.0,85,Umerkot,2026-07-23 16:34:56.886994+00:00,21,0,5,86.0,85.0,77.0,85.16666666666667,85.41666666666667,83.75,26.816666666666666,26.579166666666666,122.11666666666667,125.925,8.0,109.0,94.0,76.0
2026-05-18 22:00:00,39.0,8,1009.3,15.9,265,0.0,29.7,111.5,109.0,0.0,0.1,48.0,85,Umerkot,2026-07-23 16:34:56.886994+00:00,22,0,5,86.0,85.0,78.0,85.0,85.41666666666667,84.04166666666667,27.083333333333332,26.720833333333335,115.48333333333335,126.0125,7.0,109.0,92.0,77.0
2026-05-18 23:00:00,36.3,10,1010.3,9.6,348,0.0,31.3,103.1,110.0,0.0,0.2,43.0,86,Umerkot,2026-07-23 16:34:56.886994+00:00,23,0,5,85.0,85.0,79.0,85.16666666666667,85.5,84.33333333333333,27.933333333333334,26.929166666666664,112.41666666666669,125.69166666666666,7.0,110.0,89.0,78.0
2026-05-19 00:00:00,34.9,10,1010.9,12.7,65,0.0,43.2,112.7,111.0,0.0,0.3,43.0,85,Umerkot,2026-07-23 16:34:56.886994+00:00,0,1,5,85.0,86.0,79.0,85.16666666666667,85.41666666666667,84.58333333333333,30.96666666666667,27.658333333333335,113.11666666666667,125.81666666666668,6.0,110.0,87.0,79.0
2026-05-19 01:00:00,33.6,11,1010.5,13.0,85,0.0,44.7,127.6,111.0,0.0,0.3,43.0,85,Umerkot,2026-07-23 16:34:56.886994+00:00,1,1,5,85.0,86.0,80.0,85.16666666666667,85.33333333333333,84.79166666666667,34.18333333333333,28.44583333333333,115.60000000000001,126.45833333333333,5.0,109.0,85.0,79.0
2026-05-19 02:00:00,32.1,13,1010.3,14.6,87,0.0,43.8,126.7,111.0,0.0,0.3,43.0,87,Umerkot,2026-07-23 16:34:56.886994+00:00,2,1,5,85.0,86.0,81.0,85.5,85.41666666666667,85.04166666666667,36.916666666666664,29.200000000000003,116.53333333333335,127.02083333333333,6.0,108.0,82.0,80.0
2026-05-19 03:00:00,30.6,15,1010.2,13.1,65,0.0,43.3,129.0,111.0,0.0,0.3,43.0,88,Umerkot,2026-07-23 16:34:56.886994+00:00,3,1,5,85.0,86.0,82.0,86.0,85.58333333333333,85.29166666666667,39.333333333333336,29.9375,118.43333333333334,127.6125,6.0,107.0,80.0,80.0
2026-05-19 04:00:00,30.2,16,1009.9,14.7,104,0.0,42.8,129.9,111.0,0.0,0.3,43.0,90,Umerkot,2026-07-23 16:34:56.886994+00:00,4,1,5,85.0,86.0,83.0,86.83333333333333,85.91666666666667,85.58333333333333,41.51666666666667,30.675,121.5,128.27916666666667,7.0,106.0,79.0,79.0
2026-05-19 05:00:00,29.2,17,1009.9,14.3,133,0.0,42.8,131.3,111.0,0.1,0.3,43.0,91,Umerkot,2026-07-23 16:34:56.886994+00:00,5,1,5,86.0,85.0,84.0,87.66666666666667,86.41666666666667,85.875,43.43333333333334,31.445833333333336,126.20000000000003,129.2875,7.0,105.0,77.0,78.0
2026-05-19 06:00:00,29.0,18,1010.0,15.5,144,0.0,41.9,119.7,111.0,0.1,0.3,44.0,92,Umerkot,2026-07-23 16:34:56.886994+00:00,6,1,5,85.0,85.0,84.0,88.83333333333333,87.0,86.20833333333333,43.21666666666667,32.24166666666667,127.36666666666667,130.40416666666667,8.0,103.0,76.0,77.0
2026-05-19 07:00:00,29.1,18,1010.1,15.4,147,0.0,43.5,144.4,111.0,0.1,0.3,48.0,94,Umerkot,2026-07-23 16:34:56.886994+00:00,7,1,5,85.0,85.0,85.0,90.33333333333333,87.75,86.58333333333333,43.01666666666666,33.1,130.16666666666666,132.25,9.0,103.0,74.0,76.0
2026-05-19 08:00:00,31.4,15,1010.6,17.6,151,0.0,42.3,161.6,111.0,0.1,0.2,54.0,95,Umerkot,2026-07-23 16:34:56.886994+00:00,8,1,5,87.0,85.0,85.0,91.66666666666667,88.58333333333333,87.0,42.76666666666666,33.854166666666664,135.98333333333335,134.10416666666666,10.0,105.0,71.0,75.0
2026-05-19 09:00:00,34.7,12,1010.4,14.5,155,0.0,38.2,166.2,111.0,0.1,0.2,58.0,97,Umerkot,2026-07-23 16:34:56.886994+00:00,9,1,5,88.0,85.0,85.0,93.16666666666667,89.58333333333333,87.5,41.916666666666664,34.35,142.18333333333337,135.2458333333333,12.0,107.0,68.0,73.0
2026-05-19 10:00:00,38.3,9,1010.5,23.5,157,0.0,36.9,167.6,110.0,0.1,0.2,60.0,98,Umerkot,2026-07-23 16:34:56.886994+00:00,10,1,5,90.0,85.0,85.0,94.5,90.66666666666667,88.04166666666667,40.93333333333333,34.725,148.46666666666667,136.0,13.0,109.0,66.0,72.0
2026-05-19 11:00:00,40.3,8,1010.4,25.0,158,0.0,35.6,156.5,110.0,0.1,0.3,60.0,99,Umerkot,2026-07-23 16:34:56.886994+00:00,11,1,5,91.0,86.0,85.0,95.83333333333333,91.75,88.625,39.733333333333334,34.9875,152.66666666666666,136.0,14.0,111.0,64.0,70.0
2026-05-19 12:00:00,42.2,7,1010.3,22.1,164,0.0,39.6,173.7,109.0,0.0,0.2,60.0,99,Umerkot,2026-07-23 16:34:56.886994+00:00,12,1,5,92.0,85.0,86.0,97.0,92.91666666666667,89.16666666666667,39.35,35.36666666666667,161.66666666666666,136.46666666666667,13.0,113.0,64.0,69.0
2026-05-19 13:00:00,43.1,6,1009.8,10.4,180,0.0,37.7,165.3,109.0,0.0,0.1,61.0,100,Umerkot,2026-07-23 16:34:56.886994+00:00,13,1,5,94.0,85.0,86.0,98.0,94.16666666666667,89.75,38.38333333333333,35.6875,165.15,136.58333333333334,14.0,112.0,64.0,68.0
2026-05-19 14:00:00,44.4,6,1008.8,8.0,214,0.0,35.3,156.9,109.0,0.1,0.1,62.0,100,Umerkot,2026-07-23 16:34:56.886994+00:00,14,1,5,95.0,87.0,86.0,98.83333333333333,95.25,90.33333333333333,37.21666666666667,35.92916666666667,164.36666666666667,136.40833333333333,14.0,112.0,65.0,67.0
2026-05-19 15:00:00,44.9,6,1008.0,15.0,252,0.0,34.3,152.7,109.0,0.1,0.3,65.0,101,Umerkot,2026-07-23 16:34:56.886994+00:00,15,1,5,97.0,88.0,86.0,99.5,96.33333333333333,90.95833333333333,36.56666666666666,36.15833333333333,162.11666666666667,136.2125,15.0,110.0,66.0,66.0
2026-05-19 16:00:00,43.8,6,1007.8,23.9,271,0.0,36.1,151.8,108.0,0.1,1.0,70.0,102,Umerkot,2026-07-23 16:34:56.886994+00:00,16,1,5,98.0,90.0,86.0,100.16666666666667,97.33333333333333,91.625,36.43333333333334,36.49166666666667,159.48333333333335,136.23333333333332,16.0,109.0,68.0,65.0
2026-05-19 17:00:00,44.3,6,1007.6,33.0,261,0.0,41.8,144.4,108.0,0.1,2.0,77.0,102,Umerkot,2026-07-23 16:34:56.886994+00:00,17,1,5,99.0,91.0,85.0,100.66666666666667,98.25,92.33333333333333,37.46666666666666,37.141666666666666,157.46666666666667,137.1875,17.0,106.0,70.0,65.0
2026-05-19 18:00:00,40.7,10,1008.5,22.5,357,0.0,46.0,137.8,107.0,0.1,2.7,81.0,104,Umerkot,2026-07-23 16:34:56.886994+00:00,18,1,5,99.0,92.0,85.0,101.5,99.25,93.125,38.53333333333333,38.016666666666666,151.48333333333335,138.40833333333333,19.0,103.0,72.0,64.0
2026-05-19 19:00:00,39.3,13,1008.4,30.7,13,0.0,42.1,130.9,107.0,0.1,2.9,82.0,106,Umerkot,2026-07-23 16:34:56.886994+00:00,19,1,5,100.0,94.0,85.0,102.5,100.25,94.0,39.26666666666667,38.7125,145.75000000000003,139.16666666666666,21.0,99.0,73.0,64.0
2026-05-19 20:00:00,37.4,15,1009.0,35.9,5,0.0,36.1,112.2,107.0,0.1,2.9,82.0,108,Umerkot,2026-07-23 16:34:56.886994+00:00,20,1,5,100.0,95.0,85.0,103.83333333333333,101.33333333333333,94.95833333333333,39.4,39.074999999999996,138.3,138.79583333333332,23.0,96.0,75.0,64.0
2026-05-19 21:00:00,35.6,18,1010.3,28.5,16,0.0,33.1,111.1,108.0,0.1,2.6,79.0,109,Umerkot,2026-07-23 16:34:56.886994+00:00,21,1,5,101.0,97.0,85.0,105.16666666666667,102.33333333333333,95.95833333333333,39.2,39.25416666666667,131.36666666666667,138.525,24.0,94.0,76.0,64.0
2026-05-19 22:00:00,34.4,18,1011.0,23.1,11,0.0,32.8,121.1,110.0,0.1,2.1,74.0,109,Umerkot,2026-07-23 16:34:56.886994+00:00,22,1,5,102.0,98.0,85.0,106.33333333333333,103.25,96.95833333333333,38.65,39.38333333333333,126.25000000000001,138.92499999999998,24.0,92.0,77.0,64.0
2026-05-19 23:00:00,33.2,20,1011.8,22.3,17,0.0,33.6,130.9,112.0,0.1,1.4,67.0,110,Umerkot,2026-07-23 16:34:56.886994+00:00,23,1,5,102.0,99.0,86.0,107.66666666666667,104.16666666666667,97.95833333333333,37.28333333333334,39.479166666666664,124.00000000000001,140.08333333333334,24.0,89.0,78.0,65.0
2026-05-20 00:00:00,31.7,22,1012.5,24.8,15,0.0,35.4,138.3,114.0,0.1,0.7,60.0,110,Umerkot,2026-07-23 16:34:56.886994+00:00,0,2,5,104.0,99.0,85.0,108.66666666666667,105.08333333333333,99.0,35.51666666666667,39.15416666666666,124.08333333333333,141.15,25.0,87.0,79.0,65.0
2026-05-20 01:00:00,29.9,25,1012.7,24.5,14,0.0,34.8,134.6,115.0,0.1,0.6,57.0,109,Umerkot,2026-07-23 16:34:56.886994+00:00,1,2,5,106.0,100.0,85.0,109.16666666666667,105.83333333333333,100.0,34.3,38.74166666666667,124.7,141.44166666666666,24.0,85.0,79.0,66.0
2026-05-20 02:00:00,28.7,28,1012.6,22.0,15,0.0,33.4,126.7,115.0,0.1,0.5,54.0,108,Umerkot,2026-07-23 16:34:56.886994+00:00,2,2,5,108.0,100.0,87.0,109.16666666666667,106.5,100.875,33.85,38.30833333333333,127.11666666666667,141.44166666666666,21.0,82.0,80.0,66.0
2026-05-20 03:00:00,27.8,29,1013.0,21.3,11,0.0,31.9,118.3,115.0,0.1,0.4,51.0,107,Umerkot,2026-07-23 16:34:56.886994+00:00,3,2,5,109.0,101.0,88.0,108.83333333333333,107.0,101.66666666666667,33.65,37.833333333333336,128.31666666666666,140.99583333333334,19.0,80.0,80.0,67.0
2026-05-20 04:00:00,26.9,31,1013.1,22.0,13,0.0,30.4,109.4,115.0,0.1,0.4,49.0,106,Umerkot,2026-07-23 16:34:56.886994+00:00,4,2,5,109.0,102.0,90.0,108.33333333333333,107.33333333333333,102.33333333333333,33.24999999999999,37.31666666666667,126.36666666666667,140.14166666666668,16.0,79.0,79.0,67.0
2026-05-20 05:00:00,26.2,32,1013.5,22.9,7,0.0,30.4,105.7,116.0,0.1,0.4,48.0,105,Umerkot,2026-07-23 16:34:56.886994+00:00,5,2,5,110.0,102.0,91.0,107.5,107.58333333333333,102.91666666666667,32.71666666666666,36.8,122.16666666666667,139.075,14.0,77.0,78.0,67.0
2026-05-20 06:00:00,25.1,34,1014.0,20.3,7,0.0,43.8,184.4,116.0,0.1,0.4,50.0,103,Umerkot,2026-07-23 16:34:56.886994+00:00,6,2,5,110.0,104.0,92.0,106.33333333333333,107.5,103.375,34.11666666666667,36.87916666666667,129.85000000000002,141.77083333333334,11.0,76.0,77.0,67.0
2026-05-20 07:00:00,24.4,38,1014.8,19.5,5,0.0,61.5,254.3,116.0,0.1,0.4,56.0,103,Umerkot,2026-07-23 16:34:56.886994+00:00,7,2,5,109.0,106.0,94.0,105.33333333333333,107.25,103.75,38.56666666666666,37.62916666666667,149.8,146.35,9.0,74.0,76.0,68.0
2026-05-20 08:00:00,25.3,36,1015.6,20.2,3,0.0,61.2,221.2,117.0,0.1,0.4,64.0,105,Umerkot,2026-07-23 16:34:56.886994+00:00,8,2,5,108.0,108.0,95.0,104.83333333333333,107.0,104.16666666666667,43.199999999999996,38.416666666666664,165.55000000000004,148.83333333333334,10.0,71.0,75.0,68.0
2026-05-20 09:00:00,27.0,35,1016.3,25.0,10,0.0,57.0,185.8,117.0,0.1,0.4,71.0,107,Umerkot,2026-07-23 16:34:56.886994+00:00,9,2,5,107.0,109.0,97.0,104.83333333333333,106.83333333333333,104.58333333333333,47.38333333333333,39.199999999999996,176.80000000000004,149.65,10.0,68.0,73.0,68.0
2026-05-20 10:00:00,28.6,33,1016.4,25.0,10,0.0,54.0,169.5,117.0,0.1,0.4,74.0,109,Umerkot,2026-07-23 16:34:56.886994+00:00,10,2,5,106.0,109.0,98.0,105.33333333333333,106.83333333333333,105.04166666666667,51.31666666666666,39.9125,186.8166666666667,149.72916666666666,11.0,66.0,72.0,68.0
2026-05-20 11:00:00,29.9,29,1016.4,27.5,11,0.0,51.7,162.5,116.0,0.0,0.5,74.0,111,Umerkot,2026-07-23 16:34:56.886994+00:00,11,2,5,105.0,110.0,99.0,106.33333333333333,106.91666666666667,105.54166666666667,54.866666666666674,40.583333333333336,196.28333333333333,149.97916666666666,12.0,64.0,70.0,67.0
2026-05-20 12:00:00,31.1,27,1016.1,26.6,13,0.0,36.8,128.5,116.0,0.0,0.5,76.0,113,Umerkot,2026-07-23 16:34:56.886994+00:00,12,2,5,103.0,110.0,99.0,108.0,107.16666666666667,106.125,53.70000000000001,40.46666666666666,186.9666666666667,148.09583333333333,14.0,64.0,69.0,67.0
2026-05-20 13:00:00,32.0,25,1015.6,26.4,5,0.0,30.0,117.8,117.0,0.0,0.5,77.0,112,Umerkot,2026-07-23 16:34:56.886994+00:00,13,2,5,103.0,109.0,100.0,109.5,107.41666666666667,106.625,48.45000000000001,40.145833333333336,164.21666666666667,146.11666666666665,12.0,64.0,68.0,67.0
2026-05-20 14:00:00,32.3,23,1015.3,28.1,358,0.0,23.3,102.2,118.0,0.1,0.4,78.0,112,Umerkot,2026-07-23 16:34:56.886994+00:00,14,2,5,105.0,108.0,100.0,110.66666666666667,107.75,107.125,42.13333333333333,39.645833333333336,144.38333333333335,143.8375,12.0,65.0,67.0,67.0
2026-05-20 15:00:00,31.5,24,1015.4,29.3,359,0.0,17.3,82.7,119.0,0.1,0.4,80.0,110,Umerkot,2026-07-23 16:34:56.886994+00:00,15,2,5,107.0,107.0,101.0,111.16666666666667,108.0,107.5,35.516666666666666,38.9375,127.2,140.92083333333332,9.0,66.0,66.0,67.0
2026-05-20 16:00:00,31.6,25,1014.9,29.2,358,0.0,12.6,63.8,118.0,0.1,0.4,83.0,109,Umerkot,2026-07-23 16:34:56.886994+00:00,16,2,5,109.0,106.0,102.0,111.16666666666667,108.25,107.79166666666667,28.616666666666664,37.958333333333336,109.58333333333333,137.2541666666667,7.0,68.0,65.0,68.0
2026-05-20 17:00:00,31.3,25,1014.8,29.6,356,0.0,9.5,48.2,117.0,0.1,0.4,86.0,106,Umerkot,2026-07-23 16:34:56.886994+00:00,17,2,5,111.0,105.0,102.0,110.33333333333333,108.33333333333333,107.95833333333333,21.583333333333332,36.612500000000004,90.53333333333335,133.24583333333334,4.0,70.0,65.0,68.0
2026-05-20 18:00:00,30.4,26,1014.7,29.3,354,0.0,7.7,37.1,115.0,0.1,0.4,88.0,103,Umerkot,2026-07-23 16:34:56.886994+00:00,18,2,5,113.0,103.0,104.0,108.66666666666667,108.33333333333333,107.91666666666667,16.733333333333334,35.01666666666667,75.30000000000001,129.04999999999998,-1.0,72.0,64.0,68.0
2026-05-20 19:00:00,29.0,28,1014.9,28.0,356,0.0,6.4,28.1,113.0,0.1,0.4,86.0,99,Umerkot,2026-07-23 16:34:56.886994+00:00,19,2,5,112.0,103.0,106.0,106.5,108.0,107.625,12.799999999999999,33.52916666666667,60.35,124.76666666666667,-7.0,73.0,64.0,68.0
2026-05-20 20:00:00,27.6,26,1015.5,26.5,359,0.0,5.2,19.6,111.0,0.1,0.3,83.0,96,Umerkot,2026-07-23 16:34:56.886994+00:00,20,2,5,112.0,105.0,108.0,103.83333333333333,107.25,107.125,9.783333333333333,32.24166666666667,46.58333333333334,120.90833333333335,-12.0,75.0,64.0,67.0
2026-05-20 21:00:00,26.5,24,1016.3,23.6,2,0.0,4.4,13.9,109.0,0.1,0.3,79.0,94,Umerkot,2026-07-23 16:34:56.886994+00:00,21,2,5,110.0,107.0,109.0,101.16666666666667,106.16666666666667,106.5,7.633333333333333,31.045833333333334,35.11666666666668,116.85833333333335,-15.0,76.0,64.0,67.0
2026-05-20 22:00:00,25.6,23,1017.0,19.3,3,0.0,4.0,12.3,108.0,0.1,0.3,76.0,92,Umerkot,2026-07-23 16:34:56.886994+00:00,22,2,5,109.0,109.0,109.0,98.33333333333333,104.75,105.79166666666667,6.2,29.845833333333335,26.533333333333346,112.325,-17.0,77.0,64.0,66.0
2026-05-20 23:00:00,24.4,23,1017.5,17.5,2,0.0,4.1,13.2,108.0,0.1,0.3,73.0,89,Umerkot,2026-07-23 16:34:56.886994+00:00,23,2,5,106.0,111.0,110.0,95.5,102.91666666666667,104.91666666666667,5.3,28.616666666666664,20.70000000000001,107.42083333333335,-21.0,78.0,65.0,66.0
2026-05-21 00:00:00,23.2,23,1017.7,17.1,3,0.0,5.5,22.4,108.0,0.1,0.3,71.0,87,Umerkot,2026-07-23 16:34:56.886994+00:00,0,3,5,103.0,113.0,110.0,92.83333333333333,100.75,103.95833333333333,4.933333333333334,27.370833333333334,18.25000000000001,102.59166666666665,-23.0,79.0,65.0,65.0
2026-05-21 01:00:00,22.0,24,1017.5,15.0,3,0.0,6.7,30.0,108.0,0.1,0.4,70.0,85,Umerkot,2026-07-23 16:34:56.886994+00:00,1,3,5,99.0,112.0,109.0,90.5,98.5,102.95833333333333,4.983333333333333,26.2,18.566666666666677,98.23333333333333,-24.0,79.0,66.0,65.0
2026-05-21 02:00:00,20.9,26,1017.4,14.0,359,0.0,8.3,39.1,109.0,0.1,0.5,69.0,82,Umerkot,2026-07-23 16:34:56.886994+00:00,2,3,5,96.0,112.0,108.0,88.16666666666667,96.0,101.875,5.5,25.154166666666665,21.816666666666677,94.58333333333336,-26.0,80.0,66.0,64.0
2026-05-21 03:00:00,20.2,29,1017.3,15.3,1,0.0,9.9,49.4,109.0,0.1,0.6,69.0,80,Umerkot,2026-07-23 16:34:56.886994+00:00,3,3,5,94.0,110.0,107.0,85.83333333333333,93.5,100.75,6.416666666666667,24.2375,27.733333333333345,91.71249999999999,-27.0,80.0,67.0,64.0
2026-05-21 04:00:00,19.1,32,1017.1,13.7,2,0.0,11.7,61.5,109.0,0.1,0.8,71.0,79,Umerkot,2026-07-23 16:34:56.886994+00:00,4,3,5,92.0,109.0,106.0,83.66666666666667,91.0,99.625,7.7,23.458333333333332,35.933333333333344,89.71666666666665,-27.0,79.0,67.0,63.0
2026-05-21 05:00:00,18.1,35,1017.2,11.9,359,0.0,13.0,68.5,110.0,0.1,0.9,73.0,77,Umerkot,2026-07-23 16:34:56.886994+00:00,5,3,5,89.0,106.0,105.0,81.66666666666667,88.58333333333333,98.45833333333333,9.183333333333334,22.733333333333334,45.15000000000001,88.16666666666667,-28.0,78.0,67.0,63.0
2026-05-21 06:00:00,17.3,38,1017.2,11.0,358,0.0,17.2,104.3,110.0,0.1,1.1,77.0,76,Umerkot,2026-07-23 16:34:56.886994+00:00,6,3,5,87.0,103.0,103.0,79.83333333333333,86.33333333333333,97.33333333333333,11.133333333333333,21.625,58.80000000000001,84.82916666666667,-27.0,77.0,67.0,63.0
2026-05-21 07:00:00,16.9,40,1017.4,9.9,358,0.0,25.9,177.9,111.0,0.1,1.3,83.0,74,Umerkot,2026-07-23 16:34:56.886994+00:00,7,3,5,85.0,99.0,103.0,78.0,84.25,96.125,14.333333333333334,20.141666666666666,83.45,81.64583333333333,-29.0,76.0,68.0,63.0
2026-05-21 08:00:00,18.7,37,1017.9,6.9,351,0.0,29.0,197.4,112.0,0.1,1.4,89.0,71,Umerkot,2026-07-23 16:34:56.886994+00:00,8,3,5,82.0,96.0,105.0,76.16666666666667,82.16666666666667,94.70833333333333,17.78333333333333,18.8,109.83333333333333,80.65416666666667,-34.0,75.0,68.0,63.0
2026-05-21 09:00:00,21.2,33,1018.1,12.7,345,0.0,29.8,195.1,112.0,0.1,1.5,94.0,68,Umerkot,2026-07-23 16:34:56.886994+00:00,9,3,5,80.0,94.0,107.0,74.16666666666667,80.0,93.08333333333333,21.099999999999998,17.666666666666668,134.11666666666667,81.04166666666667,-39.0,73.0,68.0,63.0
2026-05-21 10:00:00,23.3,30,1018.0,16.4,352,0.0,29.9,189.1,112.0,0.1,1.5,95.0,66,Umerkot,2026-07-23 16:34:56.886994+00:00,10,3,5,79.0,92.0,109.0,72.0,77.83333333333333,91.29166666666667,24.13333333333333,16.662499999999998,155.38333333333335,81.85833333333333,-43.0,72.0,68.0,64.0
2026-05-21 11:00:00,24.5,28,1018.0,16.2,357,0.0,29.5,178.8,111.0,0.0,1.4,95.0,64,Umerkot,2026-07-23 16:34:56.886994+00:00,11,3,5,77.0,89.0,111.0,69.83333333333333,75.75,89.33333333333333,26.88333333333333,15.737499999999999,173.76666666666668,82.5375,-47.0,70.0,67.0,64.0
2026-05-21 12:00:00,25.7,25,1017.7,15.1,359,0.0,29.1,162.5,111.0,0.1,1.4,94.0,64,Umerkot,2026-07-23 16:34:56.886994+00:00,12,3,5,76.0,87.0,113.0,67.83333333333333,73.83333333333333,87.29166666666667,28.86666666666667,15.416666666666666,183.4666666666667,83.95416666666667,-49.0,69.0,67.0,64.0
2026-05-21 13:00:00,27.0,23,1017.2,15.1,358,0.0,30.2,159.7,111.0,0.1,1.4,95.0,64,Umerkot,2026-07-23 16:34:56.886994+00:00,13,3,5,74.0,85.0,112.0,66.16666666666667,72.08333333333333,85.29166666666667,29.583333333333332,15.424999999999999,180.4333333333333,85.69999999999999,-48.0,68.0,67.0,64.0
2026-05-21 14:00:00,28.0,21,1016.4,15.1,357,0.0,31.1,156.5,112.0,0.1,1.3,96.0,65,Umerkot,2026-07-23 16:34:56.886994+00:00,14,3,5,71.0,82.0,112.0,65.16666666666667,70.66666666666667,83.33333333333333,29.933333333333334,15.75,173.61666666666667,87.96249999999999,-47.0,67.0,67.0,63.0
2026-05-21 15:00:00,28.5,19,1016.0,18.9,3,0.0,31.8,152.3,112.0,0.1,1.3,96.0,66,Umerkot,2026-07-23 16:34:56.886994+00:00,15,3,5,68.0,80.0,110.0,64.83333333333333,69.5,81.5,30.266666666666666,16.354166666666668,166.48333333333335,90.86250000000001,-44.0,66.0,67.0,62.0
2026-05-21 16:00:00,28.8,18,1015.5,18.3,7,0.0,32.2,147.1,113.0,0.1,1.3,96.0,68,Umerkot,2026-07-23 16:34:56.886994+00:00,16,3,5,66.0,79.0,109.0,65.16666666666667,68.58333333333333,79.79166666666667,30.650000000000006,17.170833333333334,159.48333333333335,94.33333333333333,-41.0,65.0,68.0,61.0
2026-05-21 17:00:00,28.7,19,1015.1,17.3,10,0.0,32.0,137.8,114.0,0.1,1.3,95.0,70,Umerkot,2026-07-23 16:34:56.886994+00:00,17,3,5,64.0,77.0,106.0,66.16666666666667,68.0,78.29166666666667,31.066666666666674,18.108333333333334,152.65,98.06666666666666,-36.0,65.0,68.0,60.0
2026-05-21 18:00:00,28.2,19,1014.7,18.2,9,0.0,30.5,122.0,114.0,0.1,1.3,93.0,72,Umerkot,2026-07-23 16:34:56.886994+00:00,18,3,5,64.0,76.0,103.0,67.5,67.66666666666667,77.0,31.3,19.058333333333334,145.9,101.60416666666667,-31.0,64.0,68.0,59.0
2026-05-21 19:00:00,27.2,20,1015.0,18.9,8,0.0,28.0,101.7,114.0,0.1,1.3,89.0,73,Umerkot,2026-07-23 16:34:56.886994+00:00,19,3,5,64.0,74.0,99.0,69.0,67.58333333333333,75.91666666666667,30.933333333333337,19.958333333333332,136.23333333333335,104.67083333333333,-26.0,64.0,68.0,57.0
2026-05-21 20:00:00,26.1,22,1015.4,17.1,9,0.0,24.9,81.7,114.0,0.1,1.2,83.0,75,Umerkot,2026-07-23 16:34:56.886994+00:00,20,3,5,65.0,71.0,96.0,70.66666666666667,67.91666666666667,75.04166666666667,29.900000000000002,20.779166666666665,123.7666666666667,107.25833333333333,-21.0,64.0,67.0,56.0
2026-05-21 21:00:00,25.3,24,1015.9,18.0,12,0.0,22.1,68.5,113.0,0.1,1.2,78.0,76,Umerkot,2026-07-23 16:34:56.886994+00:00,21,3,5,66.0,68.0,94.0,72.33333333333333,68.58333333333333,74.29166666666667,28.28333333333333,21.516666666666666,109.80000000000001,109.53333333333332,-18.0,64.0,67.0,56.0
2026-05-21 22:00:00,24.6,25,1016.4,14.1,14,0.0,19.5,58.8,112.0,0.1,1.2,74.0,77,Umerkot,2026-07-23 16:34:56.886994+00:00,22,3,5,68.0,66.0,92.0,73.83333333333333,69.5,73.66666666666667,26.166666666666668,22.162499999999998,95.08333333333336,111.47083333333335,-15.0,64.0,66.0,55.0
2026-05-21 23:00:00,23.7,27,1016.8,10.2,10,0.0,17.5,52.2,112.0,0.1,1.1,70.0,78,Umerkot,2026-07-23 16:34:56.886994+00:00,23,3,5,70.0,64.0,89.0,75.16666666666667,70.66666666666667,73.20833333333333,23.75,22.72083333333333,80.81666666666668,113.09583333333332,-11.0,65.0,66.0,54.0
2026-05-22 00:00:00,22.7,29,1016.9,9.0,15,0.0,13.9,40.7,111.0,0.1,1.0,66.0,79,Umerkot,2026-07-23 16:34:56.886994+00:00,0,4,5,72.0,64.0,87.0,76.33333333333333,71.91666666666667,72.875,20.983333333333334,23.070833333333336,67.26666666666668,113.85833333333335,-8.0,65.0,65.0,54.0
2026-05-22 01:00:00,21.8,31,1016.7,8.7,13,0.0,12.9,38.6,111.0,0.1,0.9,63.0,79,Umerkot,2026-07-23 16:34:56.886994+00:00,1,4,5,73.0,64.0,85.0,77.33333333333333,73.16666666666667,72.625,18.466666666666665,23.32916666666667,56.75000000000001,114.21666666666668,-6.0,66.0,65.0,53.0
2026-05-22 02:00:00,20.9,32,1016.5,9.4,5,0.0,12.0,35.9,111.0,0.1,0.9,59.0,80,Umerkot,2026-07-23 16:34:56.886994+00:00,2,4,5,75.0,65.0,82.0,78.16666666666667,74.41666666666667,72.54166666666667,16.316666666666666,23.483333333333334,49.11666666666668,114.08333333333333,-2.0,66.0,64.0,53.0
2026-05-22 03:00:00,20.0,32,1016.3,9.1,25,0.0,10.9,31.3,111.0,0.1,0.8,58.0,80,Umerkot,2026-07-23 16:34:56.886994+00:00,3,4,5,76.0,66.0,80.0,78.83333333333333,75.58333333333333,72.54166666666667,14.450000000000001,23.525000000000002,42.91666666666668,113.32916666666667,0.0,67.0,64.0,53.0
2026-05-22 04:00:00,19.0,34,1016.2,8.0,25,0.0,9.9,27.1,112.0,0.1,0.7,60.0,79,Umerkot,2026-07-23 16:34:56.886994+00:00,4,4,5,77.0,68.0,79.0,79.16666666666667,76.5,72.54166666666667,12.85,23.45,37.63333333333334,111.89583333333333,0.0,67.0,63.0,54.0
2026-05-22 05:00:00,18.2,36,1016.6,8.8,4,0.0,8.9,22.1,112.0,0.1,0.7,64.0,78,Umerkot,2026-07-23 16:34:56.886994+00:00,5,4,5,78.0,70.0,77.0,79.16666666666667,77.16666666666667,72.58333333333333,11.416666666666666,23.279166666666665,32.61666666666668,109.96250000000002,1.0,67.0,63.0,54.0
2026-05-22 06:00:00,17.4,37,1017.0,9.1,352,0.0,8.2,19.6,113.0,0.1,0.6,70.0,77,Umerkot,2026-07-23 16:34:56.886994+00:00,6,4,5,79.0,72.0,76.0,78.83333333333333,77.58333333333333,72.625,10.466666666666667,22.90416666666667,29.10000000000001,106.43333333333334,1.0,67.0,63.0,54.0
2026-05-22 07:00:00,17.1,37,1017.5,9.2,349,0.0,8.1,20.2,114.0,0.1,0.6,78.0,76,Umerkot,2026-07-23 16:34:56.886994+00:00,7,4,5,79.0,73.0,74.0,78.33333333333333,77.83333333333333,72.70833333333333,9.666666666666666,22.162499999999998,26.033333333333342,99.8625,2.0,68.0,63.0,54.0
2026-05-22 08:00:00,19.0,33,1018.2,6.2,345,0.0,9.3,27.2,114.0,0.1,0.5,88.0,75,Umerkot,2026-07-23 16:34:56.886994+00:00,8,4,5,80.0,75.0,71.0,77.5,77.83333333333333,72.875,9.216666666666667,21.34166666666667,24.583333333333343,92.77083333333333,4.0,68.0,63.0,54.0
2026-05-22 09:00:00,21.7,28,1018.6,7.5,340,0.0,11.6,39.3,115.0,0.1,0.5,95.0,73,Umerkot,2026-07-23 16:34:56.886994+00:00,9,4,5,80.0,76.0,68.0,76.33333333333333,77.58333333333333,73.08333333333333,9.333333333333334,20.583333333333332,25.916666666666675,86.27916666666665,5.0,68.0,63.0,54.0
2026-05-22 10:00:00,23.8,25,1018.6,10.1,358,0.0,12.4,40.6,115.0,0.1,0.5,97.0,72,Umerkot,2026-07-23 16:34:56.886994+00:00,10,4,5,79.0,77.0,66.0,75.16666666666667,77.16666666666667,73.33333333333333,9.75,19.854166666666668,28.166666666666675,80.09166666666667,6.0,68.0,64.0,54.0
2026-05-22 11:00:00,25.3,23,1018.7,10.9,343,0.0,11.7,36.6,116.0,0.1,0.4,97.0,70,Umerkot,2026-07-23 16:34:56.886994+00:00,11,4,5,78.0,78.0,64.0,73.83333333333333,76.5,73.58333333333333,10.216666666666667,19.1125,30.583333333333343,74.16666666666667,6.0,67.0,64.0,54.0
2026-05-22 12:00:00,26.5,20,1018.5,12.4,324,0.0,15.0,57.4,116.0,0.1,0.4,97.0,69,Umerkot,2026-07-23 16:34:56.886994+00:00,12,4,5,77.0,79.0,64.0,72.5,75.66666666666667,73.79166666666667,11.35,18.525000000000002,36.88333333333334,69.78750000000001,5.0,67.0,64.0,54.0
2026-05-22 13:00:00,27.6,18,1018.0,13.1,316,0.0,16.8,71.0,117.0,0.1,0.4,98.0,68,Umerkot,2026-07-23 16:34:56.886994+00:00,13,4,5,76.0,79.0,64.0,71.16666666666667,74.75,73.95833333333333,12.800000000000002,17.966666666666665,45.35,66.09166666666667,4.0,67.0,64.0,55.0
2026-05-22 14:00:00,28.7,17,1017.4,14.7,311,0.0,19.2,87.5,118.0,0.1,0.4,100.0,67,Umerkot,2026-07-23 16:34:56.886994+00:00,14,4,5,75.0,80.0,65.0,69.83333333333333,73.66666666666667,74.04166666666667,14.449999999999998,17.470833333333335,55.400000000000006,63.21666666666667,2.0,67.0,63.0,56.0
2026-05-22 15:00:00,29.1,16,1016.8,16.6,323,0.0,21.8,105.0,119.0,0.1,0.4,100.0,66,Umerkot,2026-07-23 16:34:56.886994+00:00,15,4,5,73.0,80.0,66.0,68.66666666666667,72.5,74.04166666666667,16.150000000000002,17.054166666666667,66.35000000000001,61.24583333333334,0.0,67.0,62.0,56.0
2026-05-22 16:00:00,29.7,16,1016.0,17.5,323,0.0,24.2,121.5,119.0,0.1,0.4,99.0,65,Umerkot,2026-07-23 16:34:56.886994+00:00,16,4,5,72.0,79.0,68.0,67.5,71.33333333333333,73.91666666666667,18.116666666666664,16.720833333333335,79.83333333333334,60.179166666666674,-3.0,68.0,61.0,57.0
2026-05-22 17:00:00,29.8,15,1015.7,18.1,322,0.0,26.2,135.0,118.0,0.1,0.3,96.0,65,Umerkot,2026-07-23 16:34:56.886994+00:00,17,4,5,70.0,78.0,70.0,66.66666666666667,70.25,73.70833333333333,20.533333333333335,16.479166666666668,96.23333333333335,60.0625,-5.0,68.0,60.0,58.0
2026-05-22 18:00:00,29.5,16,1015.1,18.6,323,0.0,26.5,127.6,117.0,0.1,0.3,92.0,64,Umerkot,2026-07-23 16:34:56.886994+00:00,18,4,5,69.0,77.0,72.0,65.83333333333333,69.16666666666667,73.375,22.45,16.3125,107.93333333333334,60.29583333333333,-8.0,68.0,59.0,58.0
2026-05-22 19:00:00,28.9,16,1015.3,17.0,326,0.0,26.8,123.4,116.0,0.1,0.3,86.0,64,Umerkot,2026-07-23 16:34:56.886994+00:00,19,4,5,68.0,76.0,73.0,65.16666666666667,68.16666666666667,73.0,24.116666666666664,16.2625,116.66666666666667,61.199999999999996,-9.0,68.0,57.0,59.0
2026-05-22 20:00:00,28.1,17,1015.7,17.1,334,0.0,27.0,119.0,115.0,0.1,0.3,79.0,64,Umerkot,2026-07-23 16:34:56.886994+00:00,20,4,5,67.0,75.0,75.0,64.66666666666667,67.25,72.54166666666667,25.416666666666668,16.35,121.91666666666667,62.75416666666667,-11.0,67.0,56.0,59.0
2026-05-22 21:00:00,27.0,18,1016.5,17.3,347,0.0,27.1,114.6,114.0,0.1,0.3,73.0,64,Umerkot,2026-07-23 16:34:56.886994+00:00,21,4,5,66.0,73.0,76.0,64.33333333333333,66.5,72.04166666666667,26.299999999999997,16.558333333333334,123.51666666666667,64.675,-12.0,67.0,56.0,60.0
2026-05-22 22:00:00,26.0,19,1017.3,15.5,347,0.0,26.3,106.6,114.0,0.1,0.3,69.0,64,Umerkot,2026-07-23 16:34:56.886994+00:00,22,4,5,65.0,72.0,77.0,64.16666666666667,65.83333333333333,71.5,26.650000000000002,16.841666666666665,121.03333333333335,66.66666666666667,-13.0,66.0,55.0,60.0
2026-05-22 23:00:00,24.9,21,1018.0,15.0,347,0.0,24.8,95.2,115.0,0.1,0.3,67.0,65,Umerkot,2026-07-23 16:34:56.886994+00:00,23,4,5,65.0,70.0,78.0,64.16666666666667,65.41666666666667,70.95833333333333,26.416666666666668,17.145833333333332,114.40000000000002,68.45833333333333,-13.0,66.0,54.0,60.0
2026-05-23 00:00:00,23.7,22,1018.2,15.2,347,0.0,20.7,66.8,115.0,0.1,0.4,67.0,65,Umerkot,2026-07-23 16:34:56.886994+00:00,0,5,5,64.0,69.0,79.0,64.33333333333333,65.08333333333333,70.375,25.45,17.429166666666667,104.26666666666667,69.54583333333333,-14.0,65.0,54.0,60.0
2026-05-23 01:00:00,22.5,25,1018.1,14.1,347,0.0,17.8,51.8,115.0,0.1,0.4,65.0,66,Umerkot,2026-07-23 16:34:56.886994+00:00,1,5,5,64.0,68.0,79.0,64.66666666666667,64.91666666666667,69.83333333333333,23.950000000000003,17.633333333333333,92.33333333333333,70.09583333333333,-13.0,65.0,53.0,60.0
2026-05-23 02:00:00,21.4,28,1017.8,12.7,349,0.0,15.5,40.6,114.0,0.1,0.4,63.0,66,Umerkot,2026-07-23 16:34:56.886994+00:00,2,5,5,64.0,67.0,80.0,65.0,64.83333333333333,69.25,22.033333333333335,17.779166666666665,79.26666666666667,70.29166666666667,-14.0,64.0,53.0,60.0
2026-05-23 03:00:00,20.5,33,1017.7,10.3,355,0.0,14.1,34.9,114.0,0.1,0.4,62.0,67,Umerkot,2026-07-23 16:34:56.886994+00:00,3,5,5,64.0,66.0,80.0,65.5,64.91666666666667,68.70833333333333,19.866666666666667,17.912499999999998,65.98333333333333,70.44166666666668,-13.0,64.0,53.0,60.0
2026-05-23 04:00:00,19.3,36,1017.4,9.1,9,0.0,13.3,31.3,114.0,0.1,0.4,64.0,67,Umerkot,2026-07-23 16:34:56.886994+00:00,4,5,5,64.0,65.0,79.0,66.0,65.08333333333333,68.20833333333333,17.7,18.054166666666667,53.433333333333344,70.61666666666666,-12.0,63.0,54.0,60.0
2026-05-23 05:00:00,18.3,40,1017.2,7.3,23,0.0,12.4,26.3,114.0,0.1,0.4,68.0,67,Umerkot,2026-07-23 16:34:56.886994+00:00,5,5,5,65.0,65.0,78.0,66.33333333333333,65.25,67.75,15.633333333333335,18.2,41.95000000000001,70.79166666666667,-11.0,63.0,54.0,60.0
2026-05-23 06:00:00,17.8,42,1017.6,4.5,90,0.0,11.1,22.5,114.0,0.1,0.4,72.0,67,Umerkot,2026-07-23 16:34:56.886994+00:00,6,5,5,65.0,64.0,77.0,66.66666666666667,65.5,67.33333333333333,14.033333333333333,18.320833333333333,34.56666666666668,70.9125,-10.0,63.0,54.0,59.0
2026-05-23 07:00:00,17.4,42,1018.0,7.4,141,0.0,10.2,21.6,114.0,0.1,0.4,78.0,68,Umerkot,2026-07-23 16:34:56.886994+00:00,7,5,5,66.0,64.0,76.0,67.0,65.83333333333333,67.0,12.766666666666667,18.40833333333333,29.533333333333346,70.97083333333335,-8.0,63.0,54.0,59.0
2026-05-23 08:00:00,19.5,37,1018.8,3.6,160,0.0,9.5,22.5,114.0,0.0,0.5,84.0,68,Umerkot,2026-07-23 16:34:56.886994+00:00,8,5,5,66.0,64.0,75.0,67.33333333333333,66.16666666666667,66.70833333333333,11.766666666666667,18.416666666666668,26.516666666666676,70.77499999999999,-7.0,63.0,54.0,59.0
2026-05-23 09:00:00,21.7,32,1019.4,3.4,357,0.0,9.5,27.6,114.0,0.0,0.5,88.0,68,Umerkot,2026-07-23 16:34:56.886994+00:00,9,5,5,67.0,64.0,73.0,67.5,66.5,66.5,11.0,18.329166666666666,25.30000000000001,70.28750000000001,-5.0,63.0,54.0,59.0
2026-05-23 10:00:00,23.7,29,1019.5,8.3,13,0.0,9.8,36.2,114.0,0.0,0.5,88.0,68,Umerkot,2026-07-23 16:34:56.886994+00:00,10,5,5,67.0,64.0,72.0,67.66666666666667,66.83333333333333,66.33333333333333,10.416666666666666,18.220833333333335,26.116666666666678,70.10416666666667,-4.0,64.0,54.0,59.0
2026-05-23 11:00:00,25.2,27,1019.8,9.6,5,0.0,10.7,48.3,113.0,0.0,0.6,87.0,67,Umerkot,2026-07-23 16:34:56.886994+00:00,11,5,5,67.0,65.0,70.0,67.66666666666667,67.0,66.20833333333333,10.133333333333333,18.179166666666664,29.783333333333342,70.59166666666667,-3.0,64.0,54.0,59.0
2026-05-23 12:00:00,26.7,25,1019.7,9.2,344,0.0,11.4,73.1,113.0,0.0,0.6,86.0,67,Umerkot,2026-07-23 16:34:56.886994+00:00,12,5,5,67.0,65.0,69.0,67.66666666666667,67.16666666666667,66.125,10.183333333333332,18.029166666666665,38.216666666666676,71.24583333333332,-2.0,64.0,54.0,58.0
2026-05-23 13:00:00,28.1,23,1019.4,12.2,319,0.0,17.8,106.6,113.0,0.0,0.6,87.0,67,Umerkot,2026-07-23 16:34:56.886994+00:00,13,5,5,68.0,66.0,68.0,67.5,67.25,66.08333333333333,11.450000000000001,18.070833333333336,52.38333333333335,72.72916666666667,-1.0,64.0,55.0,57.0
2026-05-23 14:00:00,29.2,21,1018.5,17.3,309,0.0,23.3,136.4,112.0,0.1,0.7,89.0,67,Umerkot,2026-07-23 16:34:56.886994+00:00,14,5,5,68.0,66.0,67.0,67.33333333333333,67.33333333333333,66.08333333333333,13.75,18.241666666666664,71.36666666666667,74.76666666666667,0.0,63.0,56.0,55.0
2026-05-23 15:00:00,29.7,21,1018.1,20.1,316,0.0,26.4,155.5,112.0,0.1,0.8,91.0,67,Umerkot,2026-07-23 16:34:56.886994+00:00,15,5,5,68.0,67.0,66.0,67.16666666666667,67.33333333333333,66.125,16.566666666666666,18.433333333333334,92.68333333333334,76.87083333333332,1.0,62.0,56.0,54.0
2026-05-23 16:00:00,30.2,19,1017.3,22.2,312,0.0,26.9,163.0,112.0,0.1,1.0,93.0,68,Umerkot,2026-07-23 16:34:56.886994+00:00,16,5,5,68.0,67.0,65.0,67.16666666666667,67.41666666666667,66.25,19.416666666666668,18.54583333333333,113.81666666666668,78.6,3.0,61.0,57.0,53.0
2026-05-23 17:00:00,30.1,19,1016.9,22.6,310,0.0,26.0,159.3,112.0,0.1,1.2,96.0,68,Umerkot,2026-07-23 16:34:56.886994+00:00,17,5,5,67.0,67.0,65.0,67.33333333333333,67.5,66.375,21.96666666666667,18.537499999999998,132.3166666666667,79.6125,3.0,60.0,58.0,51.0
2026-05-23 18:00:00,29.6,19,1016.8,21.5,309,0.0,24.3,142.5,113.0,0.1,1.4,96.0,68,Umerkot,2026-07-23 16:34:56.886994+00:00,18,5,5,67.0,67.0,64.0,67.5,67.58333333333333,66.54166666666667,24.116666666666664,18.445833333333333,143.88333333333335,80.23333333333333,4.0,59.0,58.0,50.0
2026-05-23 19:00:00,28.9,19,1017.0,20.3,310,0.0,22.5,117.6,114.0,0.1,1.6,93.0,68,Umerkot,2026-07-23 16:34:56.886994+00:00,19,5,5,67.0,68.0,64.0,67.66666666666667,67.58333333333333,66.70833333333333,24.900000000000002,18.266666666666666,145.71666666666667,79.99166666666666,4.0,57.0,59.0,48.0
2026-05-23 20:00:00,27.9,19,1017.4,20.8,310,0.0,21.4,101.7,115.0,0.1,1.7,89.0,67,Umerkot,2026-07-23 16:34:56.886994+00:00,20,5,5,67.0,68.0,64.0,67.66666666666667,67.5,66.83333333333333,24.583333333333332,18.03333333333333,139.93333333333337,79.27083333333333,3.0,56.0,59.0,45.0
2026-05-23 21:00:00,26.8,20,1017.8,19.9,327,0.0,20.1,85.9,116.0,0.1,1.7,85.0,67,Umerkot,2026-07-23 16:34:56.886994+00:00,21,5,5,67.0,68.0,64.0,67.66666666666667,67.41666666666667,66.95833333333333,23.53333333333333,17.741666666666667,128.33333333333334,78.075,3.0,56.0,60.0,43.0
2026-05-23 22:00:00,25.4,22,1018.3,19.0,343,0.0,18.4,67.8,116.0,0.1,1.5,82.0,66,Umerkot,2026-07-23 16:34:56.886994+00:00,22,5,5,68.0,68.0,64.0,67.33333333333333,67.25,67.04166666666667,22.116666666666664,17.412499999999998,112.46666666666665,76.45833333333333,2.0,55.0,60.0,41.0
2026-05-23 23:00:00,24.0,24,1018.8,18.0,353,0.0,16.3,50.4,116.0,0.1,1.3,79.0,66,Umerkot,2026-07-23 16:34:56.886994+00:00,23,5,5,68.0,67.0,65.0,67.0,67.16666666666667,67.08333333333333,20.5,17.058333333333334,94.31666666666668,74.59166666666667,1.0,54.0,60.0,40.0
2026-05-24 00:00:00,22.9,25,1019.1,17.0,350,0.0,12.4,22.4,116.0,0.1,0.8,76.0,65,Umerkot,2026-07-23 16:34:56.886994+00:00,0,6,5,68.0,67.0,65.0,66.5,67.0,67.08333333333333,18.516666666666666,16.712500000000002,74.30000000000001,72.74166666666667,0.0,54.0,60.0,39.0
2026-05-24 01:00:00,21.7,28,1018.9,16.2,345,0.0,11.1,16.3,115.0,0.1,0.7,73.0,65,Umerkot,2026-07-23 16:34:56.886994+00:00,1,6,5,68.0,67.0,66.0,66.0,66.83333333333333,67.04166666666667,16.616666666666664,16.433333333333334,57.41666666666668,71.2625,-1.0,53.0,60.0,38.0
2026-05-24 02:00:00,20.6,33,1018.5,14.5,345,0.0,10.6,13.6,115.0,0.1,0.4,70.0,64,Umerkot,2026-07-23 16:34:56.886994+00:00,2,6,5,67.0,67.0,66.0,65.5,66.58333333333333,66.95833333333333,14.816666666666668,16.229166666666668,42.73333333333334,70.1375,-2.0,53.0,60.0,36.0
2026-05-24 03:00:00,19.9,36,1018.3,14.5,346,0.0,10.4,13.1,114.0,0.1,0.3,68.0,64,Umerkot,2026-07-23 16:34:56.886994+00:00,3,6,5,67.0,67.0,67.0,65.0,66.33333333333333,66.83333333333333,13.200000000000001,16.075,30.600000000000012,69.22916666666667,-3.0,53.0,60.0,35.0
2026-05-24 04:00:00,19.0,38,1018.4,13.2,346,0.0,10.4,13.5,114.0,0.1,0.3,69.0,63,Umerkot,2026-07-23 16:34:56.886994+00:00,4,6,5,66.0,68.0,67.0,64.5,65.91666666666667,66.66666666666667,11.866666666666667,15.954166666666667,21.55000000000001,68.4875,-4.0,54.0,60.0,35.0
2026-05-24 05:00:00,17.9,42,1018.8,10.8,345,0.0,10.4,14.1,115.0,0.1,0.3,72.0,63,Umerkot,2026-07-23 16:34:56.886994+00:00,5,6,5,66.0,68.0,67.0,64.0,65.5,66.5,10.883333333333335,15.870833333333332,15.500000000000007,67.97916666666667,-4.0,54.0,60.0,34.0
2026-05-24 06:00:00,16.8,47,1019.0,8.8,345,0.0,11.1,16.6,115.0,0.1,0.3,77.0,63,Umerkot,2026-07-23 16:34:56.886994+00:00,6,6,5,65.0,68.0,67.0,63.666666666666664,65.08333333333333,66.33333333333333,10.666666666666666,15.870833333333335,14.533333333333344,67.73333333333333,-4.0,54.0,59.0,33.0
2026-05-24 07:00:00,16.4,49,1019.6,6.0,343,0.0,12.2,20.8,115.0,0.1,0.3,86.0,63,Umerkot,2026-07-23 16:34:56.886994+00:00,7,6,5,65.0,68.0,68.0,63.333333333333336,64.66666666666667,66.125,10.850000000000001,15.954166666666667,15.283333333333344,67.7,-5.0,54.0,59.0,32.0
2026-05-24 08:00:00,18.3,44,1020.3,3.5,332,0.0,12.3,22.2,116.0,0.1,0.4,98.0,63,Umerkot,2026-07-23 16:34:56.886994+00:00,8,6,5,64.0,67.0,68.0,63.166666666666664,64.33333333333333,65.91666666666667,11.133333333333333,16.070833333333336,16.716666666666676,67.6875,-5.0,54.0,59.0,32.0
2026-05-24 09:00:00,20.9,37,1020.6,5.7,342,0.0,11.6,21.7,116.0,0.1,0.4,106.0,63,Umerkot,2026-07-23 16:34:56.886994+00:00,9,6,5,64.0,67.0,68.0,63.0,64.0,65.70833333333333,11.333333333333334,16.158333333333335,18.15000000000001,67.44166666666666,-5.0,54.0,59.0,31.0
2026-05-24 10:00:00,23.3,29,1020.4,11.1,348,0.0,10.9,22.1,116.0,0.1,0.4,109.0,64,Umerkot,2026-07-23 16:34:56.886994+00:00,10,6,5,63.0,66.0,68.0,63.166666666666664,63.833333333333336,65.54166666666667,11.416666666666666,16.20416666666667,19.583333333333343,66.85416666666667,-4.0,54.0,59.0,31.0
2026-05-24 11:00:00,24.6,25,1020.6,11.6,344,0.0,10.4,23.1,116.0,0.1,0.3,109.0,64,Umerkot,2026-07-23 16:34:56.886994+00:00,11,6,5,63.0,66.0,67.0,63.333333333333336,63.666666666666664,65.41666666666667,11.416666666666666,16.191666666666666,21.083333333333346,65.80416666666666,-3.0,54.0,59.0,32.0
2026-05-24 12:00:00,25.9,22,1020.5,11.8,343,0.0,11.3,32.7,116.0,0.1,0.3,109.0,64,Umerkot,2026-07-23 16:34:56.886994+00:00,12,6,5,63.0,65.0,67.0,63.5,63.583333333333336,65.29166666666667,11.450000000000001,16.1875,23.76666666666668,64.12083333333334,-3.0,54.0,58.0,34.0
2026-05-24 13:00:00,27.2,19,1020.0,12.9,339,0.0,11.3,33.8,116.0,0.1,0.3,109.0,64,Umerkot,2026-07-23 16:34:56.886994+00:00,13,6,5,63.0,65.0,67.0,63.666666666666664,63.5,65.16666666666667,11.300000000000002,15.916666666666666,25.933333333333348,61.0875,-3.0,55.0,57.0,37.0
2026-05-24 14:00:00,28.2,17,1019.1,14.5,340,0.0,11.3,35.5,115.0,0.1,0.2,108.0,63,Umerkot,2026-07-23 16:34:56.886994+00:00,14,6,5,63.0,64.0,67.0,63.666666666666664,63.416666666666664,65.0,11.133333333333333,15.416666666666666,28.150000000000016,56.88333333333333,-4.0,56.0,55.0,39.0
2026-05-24 15:00:00,28.8,16,1018.6,16.4,351,0.0,11.3,36.9,115.0,0.1,0.2,106.0,62,Umerkot,2026-07-23 16:34:56.886994+00:00,15,6,5,63.0,64.0,67.0,63.5,63.25,64.79166666666667,11.083333333333334,14.7875,30.68333333333334,51.94166666666667,-5.0,56.0,54.0,41.0
2026-05-24 16:00:00,29.1,16,1018.0,17.0,355,0.0,11.3,37.6,115.0,0.1,0.2,103.0,61,Umerkot,2026-07-23 16:34:56.886994+00:00,16,6,5,64.0,63.0,68.0,63.0,63.083333333333336,64.5,11.15,14.137500000000001,33.26666666666668,46.71666666666667,-7.0,57.0,53.0,42.0
2026-05-24 17:00:00,29.0,16,1017.7,17.5,1,0.0,11.2,37.1,115.0,0.1,0.2,99.0,60,Umerkot,2026-07-23 16:34:56.886994+00:00,17,6,5,64.0,63.0,68.0,62.333333333333336,62.833333333333336,64.16666666666667,11.283333333333333,13.520833333333334,35.600000000000016,41.625,-8.0,58.0,51.0,43.0
2026-05-24 18:00:00,28.5,17,1017.3,17.8,8,0.0,10.6,32.5,115.0,0.1,0.2,94.0,59,Umerkot,2026-07-23 16:34:56.886994+00:00,18,6,5,64.0,63.0,68.0,61.5,62.5,63.791666666666664,11.166666666666666,12.950000000000001,35.56666666666668,37.041666666666664,-9.0,58.0,50.0,43.0
2026-05-24 19:00:00,27.8,18,1017.3,18.6,17,0.0,10.1,29.0,114.0,0.1,0.2,88.0,57,Umerkot,2026-07-23 16:34:56.886994+00:00,19,6,5,64.0,63.0,68.0,60.333333333333336,62.0,63.333333333333336,10.966666666666667,12.433333333333332,34.76666666666668,33.35,-11.0,59.0,48.0,43.0
2026-05-24 20:00:00,26.9,18,1017.7,16.7,22,0.0,9.8,27.9,114.0,0.1,0.2,81.0,56,Umerkot,2026-07-23 16:34:56.886994+00:00,20,6,5,63.0,63.0,67.0,59.166666666666664,61.416666666666664,62.875,10.716666666666669,11.950000000000001,33.50000000000001,30.275000000000002,-11.0,59.0,45.0,42.0
2026-05-24 21:00:00,26.1,19,1018.2,13.2,34,0.0,9.7,28.5,113.0,0.1,0.2,76.0,56,Umerkot,2026-07-23 16:34:56.886994+00:00,21,6,5,62.0,63.0,67.0,58.166666666666664,60.833333333333336,62.416666666666664,10.450000000000001,11.516666666666666,32.100000000000016,27.88333333333333,-11.0,60.0,43.0,41.0
2026-05-24 22:00:00,25.0,21,1019.0,9.2,33,0.0,9.9,30.4,113.0,0.1,0.2,73.0,55,Umerkot,2026-07-23 16:34:56.886994+00:00,22,6,5,61.0,64.0,66.0,57.166666666666664,60.083333333333336,61.958333333333336,10.216666666666667,11.162500000000001,30.900000000000006,26.325,-11.0,60.0,41.0,40.0
2026-05-24 23:00:00,23.7,23,1019.2,8.6,33,0.0,10.2,33.5,113.0,0.1,0.3,72.0,54,Umerkot,2026-07-23 16:34:56.886994+00:00,23,6,5,60.0,64.0,66.0,56.166666666666664,59.25,61.458333333333336,10.049999999999999,10.908333333333333,30.300000000000008,25.620833333333334,-12.0,60.0,40.0,40.0
2026-05-25 00:00:00,22.7,24,1019.3,9.5,27,0.0,10.5,36.1,113.0,0.1,0.3,71.0,54,Umerkot,2026-07-23 16:34:56.886994+00:00,0,0,5,59.0,64.0,65.0,55.333333333333336,58.416666666666664,61.0,10.033333333333333,10.829166666666667,30.900000000000006,26.191666666666666,-11.0,60.0,39.0,41.0
2026-05-25 01:00:00,21.7,26,1019.0,10.1,16,0.0,10.9,40.0,112.0,0.1,0.3,73.0,53,Umerkot,2026-07-23 16:34:56.886994+00:00,1,0,5,57.0,64.0,65.0,54.666666666666664,57.5,60.5,10.166666666666666,10.820833333333333,32.73333333333334,27.179166666666664,-12.0,60.0,38.0,43.0
2026-05-25 02:00:00,20.7,29,1018.7,9.1,10,0.0,11.3,42.7,112.0,0.1,0.3,75.0,53,Umerkot,2026-07-23 16:34:56.886994+00:00,2,0,5,56.0,63.0,64.0,54.166666666666664,56.666666666666664,60.041666666666664,10.416666666666666,10.85,35.20000000000001,28.391666666666666,-11.0,60.0,36.0,45.0
2026-05-25 03:00:00,20.1,31,1018.4,9.6,13,0.0,11.4,43.8,111.0,0.1,0.3,76.0,53,Umerkot,2026-07-23 16:34:56.886994+00:00,3,0,5,56.0,62.0,64.0,53.666666666666664,55.916666666666664,59.583333333333336,10.700000000000001,10.891666666666667,37.75000000000001,29.670833333333334,-11.0,60.0,35.0,47.0
2026-05-25 04:00:00,19.6,33,1018.3,10.4,32,0.0,11.3,43.2,111.0,0.1,0.3,75.0,54,Umerkot,2026-07-23 16:34:56.886994+00:00,4,0,5,55.0,61.0,63.0,53.5,55.333333333333336,59.208333333333336,10.933333333333332,10.929166666666667,39.88333333333335,30.908333333333335,-9.0,60.0,35.0,49.0
2026-05-25 05:00:00,18.9,35,1018.4,10.3,43,0.0,11.0,40.6,111.0,0.1,0.3,73.0,54,Umerkot,2026-07-23 16:34:56.886994+00:00,5,0,5,54.0,60.0,63.0,53.5,54.833333333333336,58.833333333333336,11.066666666666668,10.954166666666666,41.06666666666668,32.0125,-9.0,60.0,34.0,50.0
2026-05-25 06:00:00,17.8,37,1018.8,11.0,346,0.0,10.8,36.6,111.0,0.1,0.3,74.0,54,Umerkot,2026-07-23 16:34:56.886994+00:00,6,0,5,54.0,59.0,63.0,53.5,54.416666666666664,58.458333333333336,11.116666666666667,10.941666666666668,41.15000000000001,32.84583333333333,-9.0,59.0,33.0,51.0
2026-05-25 07:00:00,17.0,39,1019.7,8.7,346,0.0,11.2,35.4,112.0,0.1,0.3,81.0,54,Umerkot,2026-07-23 16:34:56.886994+00:00,7,0,5,53.0,57.0,63.0,53.666666666666664,54.166666666666664,58.083333333333336,11.166666666666666,10.899999999999999,40.38333333333335,33.45416666666667,-9.0,59.0,32.0,52.0
2026-05-25 08:00:00,19.2,34,1020.1,5.0,360,0.0,12.0,44.0,115.0,0.1,0.3,90.0,54,Umerkot,2026-07-23 16:34:56.886994+00:00,8,0,5,53.0,56.0,63.0,53.833333333333336,54.0,57.708333333333336,11.283333333333333,10.887500000000001,40.60000000000001,34.362500000000004,-9.0,59.0,32.0,52.0
2026-05-25 09:00:00,22.0,29,1020.6,6.0,327,0.0,13.2,54.7,116.0,0.1,0.3,97.0,54,Umerkot,2026-07-23 16:34:56.886994+00:00,9,0,5,53.0,56.0,63.0,54.0,53.833333333333336,57.333333333333336,11.583333333333334,10.954166666666667,42.41666666666668,35.7375,-9.0,59.0,31.0,52.0
2026-05-25 10:00:00,24.8,25,1020.6,7.2,357,0.0,14.0,59.1,116.0,0.1,0.3,99.0,54,Umerkot,2026-07-23 16:34:56.886994+00:00,10,0,5,54.0,55.0,64.0,54.0,53.75,56.916666666666664,12.033333333333333,11.083333333333334,45.066666666666684,37.27916666666667,-10.0,59.0,31.0,52.0
2026-05-25 11:00:00,26.6,24,1020.7,7.2,25,0.0,14.6,60.5,116.0,0.0,0.3,98.0,54,Umerkot,2026-07-23 16:34:56.886994+00:00,11,0,5,54.0,54.0,64.0,54.0,53.75,56.5,12.633333333333333,11.258333333333333,48.38333333333335,38.8375,-10.0,59.0,32.0,52.0
2026-05-25 12:00:00,27.9,21,1020.5,7.3,16,0.0,19.0,70.8,116.0,0.1,0.3,99.0,54,Umerkot,2026-07-23 16:34:56.886994+00:00,12,0,5,54.0,54.0,64.0,54.0,53.75,56.083333333333336,14.0,11.579166666666666,54.08333333333334,40.425000000000004,-10.0,58.0,34.0,53.0
2026-05-25 13:00:00,28.9,19,1019.9,8.7,354,0.0,19.6,70.1,117.0,0.1,0.3,100.0,55,Umerkot,2026-07-23 16:34:56.886994+00:00,13,0,5,54.0,53.0,64.0,54.166666666666664,53.916666666666664,55.708333333333336,15.4,11.924999999999999,59.866666666666674,41.9375,-9.0,57.0,37.0,52.0
2026-05-25 14:00:00,29.8,18,1019.3,11.7,339,0.0,19.8,69.4,118.0,0.1,0.4,101.0,56,Umerkot,2026-07-23 16:34:56.886994+00:00,14,0,5,54.0,53.0,63.0,54.5,54.166666666666664,55.416666666666664,16.7,12.279166666666669,64.10000000000001,43.35,-7.0,55.0,39.0,52.0
2026-05-25 15:00:00,30.1,16,1018.5,16.4,336,0.0,19.8,69.4,119.0,0.1,0.4,101.0,56,Umerkot,2026-07-23 16:34:56.886994+00:00,15,0,5,54.0,53.0,62.0,54.833333333333336,54.416666666666664,55.166666666666664,17.8,12.633333333333335,66.55000000000001,44.70416666666667,-6.0,54.0,41.0,52.0
2026-05-25 16:00:00,30.3,16,1017.9,15.2,341,0.0,19.7,69.4,119.0,0.1,0.4,99.0,57,Umerkot,2026-07-23 16:34:56.886994+00:00,16,0,5,54.0,54.0,61.0,55.333333333333336,54.666666666666664,55.0,18.75,12.983333333333334,68.26666666666668,46.02916666666666,-4.0,53.0,42.0,52.0
2026-05-25 17:00:00,30.3,16,1017.2,12.6,357,0.0,19.4,68.0,119.0,0.1,0.4,96.0,58,Umerkot,2026-07-23 16:34:56.886994+00:00,17,0,5,54.0,54.0,60.0,56.0,55.0,54.916666666666664,19.55,13.325000000000001,69.51666666666668,47.31666666666666,-2.0,51.0,43.0,53.0
2026-05-25 18:00:00,30.3,17,1016.6,13.8,354,0.0,17.9,57.4,119.0,0.1,0.4,92.0,58,Umerkot,2026-07-23 16:34:56.886994+00:00,18,0,5,54.0,54.0,59.0,56.666666666666664,55.333333333333336,54.875,19.366666666666667,13.629166666666665,67.28333333333335,48.354166666666664,-1.0,50.0,43.0,54.0
2026-05-25 19:00:00,29.8,18,1016.5,17.0,343,0.0,15.9,44.2,119.0,0.1,0.4,85.0,59,Umerkot,2026-07-23 16:34:56.886994+00:00,19,0,5,55.0,54.0,57.0,57.333333333333336,55.75,54.958333333333336,18.749999999999996,13.870833333333335,62.966666666666676,48.987500000000004,2.0,48.0,43.0,54.0
2026-05-25 20:00:00,28.8,20,1016.7,20.5,347,0.0,14.0,33.9,118.0,0.1,0.3,77.0,59,Umerkot,2026-07-23 16:34:56.886994+00:00,20,0,5,56.0,54.0,56.0,57.833333333333336,56.166666666666664,55.083333333333336,17.78333333333333,14.045833333333334,57.05000000000001,49.23749999999999,3.0,45.0,42.0,55.0
2026-05-25 21:00:00,27.7,22,1017.0,21.1,360,0.0,12.4,27.5,117.0,0.1,0.3,70.0,60,Umerkot,2026-07-23 16:34:56.886994+00:00,21,0,5,56.0,54.0,56.0,58.5,56.666666666666664,55.25,16.55,14.158333333333333,50.066666666666684,49.195833333333326,4.0,43.0,41.0,57.0
2026-05-25 22:00:00,26.7,24,1017.7,16.1,6,0.0,11.6,25.4,116.0,0.1,0.3,67.0,60,Umerkot,2026-07-23 16:34:56.886994+00:00,22,0,5,57.0,54.0,55.0,59.0,57.166666666666664,55.458333333333336,15.199999999999998,14.229166666666666,42.73333333333334,48.987500000000004,5.0,41.0,40.0,58.0
2026-05-25 23:00:00,25.6,26,1018.0,11.1,7,0.0,11.3,25.3,114.0,0.1,0.3,67.0,60,Umerkot,2026-07-23 16:34:56.886994+00:00,23,0,5,58.0,54.0,54.0,59.333333333333336,57.666666666666664,55.708333333333336,13.850000000000001,14.275,35.616666666666674,48.645833333333336,6.0,40.0,40.0,59.0
2026-05-26 00:00:00,24.3,28,1018.1,8.6,12,0.0,10.7,25.0,113.0,0.1,0.3,62.0,60,Umerkot,2026-07-23 16:34:56.886994+00:00,0,1,5,58.0,54.0,54.0,59.666666666666664,58.166666666666664,55.958333333333336,12.649999999999999,14.283333333333333,30.21666666666668,48.18333333333333,6.0,39.0,41.0,59.0
2026-05-26 01:00:00,23.0,31,1017.8,7.4,13,0.0,10.4,24.7,112.0,0.1,0.3,59.0,60,Umerkot,2026-07-23 16:34:56.886994+00:00,1,1,5,59.0,55.0,53.0,59.833333333333336,58.583333333333336,56.25,11.733333333333334,14.262500000000001,26.966666666666672,47.54583333333333,7.0,38.0,43.0,59.0
2026-05-26 02:00:00,22.2,34,1017.4,6.5,13,0.0,10.0,24.0,112.0,0.1,0.2,55.0,60,Umerkot,2026-07-23 16:34:56.886994+00:00,2,1,5,59.0,56.0,53.0,60.0,58.916666666666664,56.541666666666664,11.066666666666668,14.208333333333334,25.316666666666677,46.76666666666667,7.0,36.0,45.0,59.0
2026-05-26 03:00:00,21.7,35,1016.7,7.4,3,0.0,9.7,23.7,112.0,0.1,0.2,53.0,60,Umerkot,2026-07-23 16:34:56.886994+00:00,3,1,5,60.0,56.0,53.0,60.0,59.25,56.833333333333336,10.616666666666667,14.137499999999998,24.68333333333334,45.92916666666667,7.0,35.0,47.0,59.0
2026-05-26 04:00:00,20.8,36,1016.5,9.5,358,0.0,9.5,24.2,112.0,0.1,0.2,53.0,60,Umerkot,2026-07-23 16:34:56.886994+00:00,4,1,5,60.0,57.0,54.0,60.0,59.5,57.083333333333336,10.266666666666666,14.0625,24.483333333333338,45.13750000000001,6.0,35.0,49.0,59.0
2026-05-26 05:00:00,19.7,38,1016.8,9.4,355,0.0,9.3,24.3,113.0,0.1,0.3,54.0,60,Umerkot,2026-07-23 16:34:56.886994+00:00,5,1,5,60.0,58.0,54.0,60.0,59.666666666666664,57.333333333333336,9.933333333333334,13.991666666666667,24.316666666666677,44.458333333333336,6.0,34.0,50.0,58.0
2026-05-26 06:00:00,18.9,39,1017.0,9.6,354,0.0,9.4,28.1,114.0,0.1,0.3,58.0,59,Umerkot,2026-07-23 16:34:56.886994+00:00,6,1,5,60.0,58.0,54.0,59.833333333333336,59.75,57.541666666666664,9.716666666666667,13.933333333333335,24.833333333333343,44.104166666666664,5.0,33.0,51.0,58.0
2026-05-26 07:00:00,18.3,39,1017.5,9.1,346,0.0,9.4,34.2,115.0,0.1,0.3,68.0,59,Umerkot,2026-07-23 16:34:56.886994+00:00,7,1,5,60.0,59.0,54.0,59.666666666666664,59.75,57.75,9.549999999999999,13.858333333333334,26.416666666666675,44.05416666666667,5.0,32.0,52.0,58.0
2026-05-26 08:00:00,20.3,34,1018.2,7.5,343,0.0,10.2,44.2,117.0,0.0,0.4,81.0,59,Umerkot,2026-07-23 16:34:56.886994+00:00,8,1,5,60.0,59.0,54.0,59.5,59.75,57.958333333333336,9.583333333333334,13.783333333333333,29.783333333333346,44.0625,5.0,32.0,52.0,58.0
2026-05-26 09:00:00,22.9,31,1018.5,10.7,347,0.0,10.4,44.7,118.0,0.0,0.4,91.0,59,Umerkot,2026-07-23 16:34:56.886994+00:00,9,1,5,60.0,60.0,54.0,59.333333333333336,59.666666666666664,58.166666666666664,9.7,13.666666666666666,33.28333333333334,43.645833333333336,5.0,31.0,52.0,58.0
2026-05-26 10:00:00,25.5,27,1018.5,15.7,5,0.0,10.2,42.1,118.0,0.0,0.4,94.0,59,Umerkot,2026-07-23 16:34:56.886994+00:00,10,1,5,60.0,60.0,54.0,59.166666666666664,59.583333333333336,58.375,9.816666666666668,13.508333333333333,36.26666666666668,42.9375,5.0,31.0,52.0,58.0
2026-05-26 11:00:00,27.4,23,1018.5,18.4,12,0.0,9.8,39.8,118.0,0.0,0.4,94.0,59,Umerkot,2026-07-23 16:34:56.886994+00:00,11,1,5,60.0,60.0,54.0,59.0,59.5,58.583333333333336,9.9,13.308333333333335,38.85000000000001,42.075,5.0,32.0,52.0,58.0
2026-05-26 12:00:00,28.5,21,1018.3,16.6,2,0.0,1.1,7.3,118.0,0.1,0.4,94.0,58,Umerkot,2026-07-23 16:34:56.886994+00:00,12,1,5,59.0,60.0,54.0,58.833333333333336,59.333333333333336,58.75,8.516666666666667,12.5625,35.38333333333335,39.42916666666667,4.0,34.0,53.0,58.0
2026-05-26 13:00:00,29.3,20,1017.6,16.3,355,0.0,1.8,12.0,118.0,0.1,0.4,94.0,57,Umerkot,2026-07-23 16:34:56.886994+00:00,13,1,5,59.0,60.0,55.0,58.5,59.083333333333336,58.833333333333336,7.25,11.820833333333333,31.683333333333348,37.00833333333333,2.0,37.0,52.0,58.0
2026-05-26 14:00:00,30.1,19,1017.1,16.4,351,0.0,2.6,15.7,118.0,0.1,0.4,94.0,55,Umerkot,2026-07-23 16:34:56.886994+00:00,14,1,5,59.0,60.0,56.0,57.833333333333336,58.666666666666664,58.791666666666664,5.983333333333333,11.104166666666666,26.93333333333334,34.770833333333336,-1.0,39.0,52.0,57.0
2026-05-26 15:00:00,30.5,18,1016.5,17.4,349,0.0,3.3,19.0,118.0,0.1,0.4,94.0,54,Umerkot,2026-07-23 16:34:56.886994+00:00,15,1,5,59.0,60.0,56.0,57.0,58.166666666666664,58.708333333333336,4.8,10.416666666666666,22.65000000000001,32.670833333333334,-2.0,41.0,52.0,57.0
2026-05-26 16:00:00,30.8,17,1015.8,17.5,341,0.0,4.0,21.9,118.0,0.1,0.4,93.0,53,Umerkot,2026-07-23 16:34:56.886994+00:00,16,1,5,59.0,60.0,57.0,56.0,57.583333333333336,58.541666666666664,3.766666666666667,9.762500000000001,19.283333333333342,30.691666666666666,-4.0,42.0,52.0,56.0
2026-05-26 17:00:00,30.7,17,1015.6,18.0,346,0.0,4.6,22.9,118.0,0.1,0.4,91.0,51,Umerkot,2026-07-23 16:34:56.886994+00:00,17,1,5,59.0,60.0,58.0,54.666666666666664,56.833333333333336,58.25,2.9,9.145833333333334,16.46666666666668,28.8125,-7.0,43.0,53.0,55.0
2026-05-26 18:00:00,30.1,18,1015.1,19.7,356,0.0,4.9,21.0,118.0,0.1,0.4,88.0,50,Umerkot,2026-07-23 16:34:56.886994+00:00,18,1,5,58.0,59.0,58.0,53.333333333333336,56.083333333333336,57.916666666666664,3.533333333333333,8.604166666666666,18.75000000000001,27.295833333333334,-8.0,43.0,54.0,54.0
2026-05-26 19:00:00,29.2,20,1015.1,20.5,360,0.0,4.8,16.2,118.0,0.1,0.4,83.0,48,Umerkot,2026-07-23 16:34:56.886994+00:00,19,1,5,57.0,59.0,59.0,51.833333333333336,55.166666666666664,57.458333333333336,4.033333333333334,8.141666666666666,19.450000000000006,26.129166666666666,-11.0,43.0,54.0,53.0
2026-05-26 20:00:00,28.3,21,1015.5,18.9,1,0.0,4.9,14.6,117.0,0.1,0.4,76.0,45,Umerkot,2026-07-23 16:34:56.886994+00:00,20,1,5,55.0,59.0,59.0,50.166666666666664,54.0,56.875,4.416666666666667,7.762499999999999,19.266666666666676,25.325,-14.0,42.0,55.0,52.0
2026-05-26 21:00:00,27.5,24,1015.9,17.1,15,0.0,5.1,14.7,117.0,0.1,0.4,71.0,43,Umerkot,2026-07-23 16:34:56.886994+00:00,21,1,5,54.0,59.0,60.0,48.333333333333336,52.666666666666664,56.166666666666664,4.716666666666666,7.458333333333333,18.550000000000008,24.791666666666668,-17.0,41.0,57.0,50.0
2026-05-26 22:00:00,26.5,26,1016.3,13.1,30,0.0,5.3,15.9,117.0,0.1,0.4,69.0,41,Umerkot,2026-07-23 16:34:56.886994+00:00,22,1,5,53.0,59.0,60.0,46.333333333333336,51.166666666666664,55.375,4.933333333333333,7.195833333333333,17.550000000000008,24.395833333333332,-19.0,40.0,58.0,47.0
2026-05-26 23:00:00,25.6,29,1016.9,12.0,40,0.0,5.6,18.2,116.0,0.1,0.3,68.0,40,Umerkot,2026-07-23 16:34:56.886994+00:00,23,1,5,51.0,59.0,60.0,44.5,49.583333333333336,54.541666666666664,5.1000000000000005,6.958333333333333,16.766666666666676,24.099999999999998,-20.0,40.0,59.0,44.0
2026-05-27 00:00:00,24.7,31,1016.9,12.1,38,0.0,5.8,18.6,116.0,0.1,0.3,62.0,39,Umerkot,2026-07-23 16:34:56.886994+00:00,0,2,5,50.0,58.0,60.0,42.666666666666664,48.0,53.666666666666664,5.25,6.754166666666666,16.366666666666674,23.833333333333332,-21.0,41.0,59.0,41.0
2026-05-27 01:00:00,23.6,34,1016.6,9.6,47,0.0,5.8,19.4,116.0,0.1,0.3,59.0,38,Umerkot,2026-07-23 16:34:56.886994+00:00,1,2,5,48.0,57.0,60.0,41.0,46.416666666666664,52.75,5.416666666666667,6.562499999999999,16.90000000000001,23.6125,-22.0,43.0,59.0,40.0
2026-05-27 02:00:00,22.5,37,1016.1,7.2,94,0.0,5.8,19.0,116.0,0.1,0.3,56.0,36,Umerkot,2026-07-23 16:34:56.886994+00:00,2,2,5,45.0,55.0,60.0,39.5,44.833333333333336,51.75,5.566666666666666,6.3875,17.633333333333344,23.40416666666667,-24.0,45.0,59.0,39.0
2026-05-27 03:00:00,22.0,38,1015.4,5.2,124,0.0,5.7,18.1,116.0,0.1,0.3,54.0,35,Umerkot,2026-07-23 16:34:56.886994+00:00,3,2,5,43.0,54.0,60.0,38.166666666666664,43.25,50.708333333333336,5.666666666666667,6.220833333333332,18.20000000000001,23.170833333333334,-25.0,47.0,59.0,38.0
2026-05-27 04:00:00,21.4,40,1015.1,1.8,114,0.0,5.6,17.3,116.0,0.1,0.3,54.0,35,Umerkot,2026-07-23 16:34:56.886994+00:00,4,2,5,41.0,53.0,60.0,37.166666666666664,41.75,49.666666666666664,5.716666666666666,6.058333333333334,18.43333333333334,22.883333333333336,-25.0,49.0,59.0,38.0
2026-05-27 05:00:00,20.1,43,1015.7,8.7,336,0.0,5.5,16.2,116.0,0.1,0.4,55.0,34,Umerkot,2026-07-23 16:34:56.886994+00:00,5,2,5,40.0,51.0,60.0,36.166666666666664,40.333333333333336,48.583333333333336,5.699999999999999,5.900000000000001,18.10000000000001,22.545833333333334,-26.0,50.0,58.0,39.0
2026-05-27 06:00:00,19.1,45,1016.2,11.2,4,0.0,6.1,23.0,116.0,0.1,0.4,59.0,33,Umerkot,2026-07-23 16:34:56.886994+00:00,6,2,5,39.0,50.0,59.0,35.166666666666664,38.916666666666664,47.5,5.75,5.7625,18.833333333333343,22.333333333333332,-26.0,51.0,58.0,39.0
2026-05-27 07:00:00,18.8,46,1016.7,11.4,39,0.0,8.3,43.1,117.0,0.1,0.4,68.0,32,Umerkot,2026-07-23 16:34:56.886994+00:00,7,2,5,38.0,48.0,59.0,34.166666666666664,37.583333333333336,46.375,6.166666666666667,5.716666666666666,22.783333333333342,22.70416666666667,-27.0,52.0,58.0,39.0
2026-05-27 08:00:00,20.6,41,1017.3,7.3,50,0.0,8.5,40.9,117.0,0.0,0.5,81.0,32,Umerkot,2026-07-23 16:34:56.886994+00:00,8,2,5,36.0,45.0,59.0,33.5,36.5,45.25,6.616666666666667,5.645833333333333,26.43333333333334,22.566666666666666,-27.0,52.0,58.0,39.0
2026-05-27 09:00:00,22.8,36,1018.1,6.1,50,0.0,8.7,36.9,118.0,0.0,0.5,90.0,31,Umerkot,2026-07-23 16:34:56.886994+00:00,9,2,5,35.0,43.0,59.0,32.833333333333336,35.5,44.083333333333336,7.116666666666666,5.574999999999999,29.566666666666677,22.241666666666664,-28.0,52.0,58.0,39.0
2026-05-27 10:00:00,25.2,32,1018.1,8.4,56,0.0,9.0,36.3,118.0,0.0,0.5,93.0,31,Umerkot,2026-07-23 16:34:56.886994+00:00,10,2,5,35.0,41.0,59.0,32.166666666666664,34.666666666666664,42.916666666666664,7.683333333333334,5.5249999999999995,32.73333333333334,22.0,-28.0,52.0,58.0,39.0
2026-05-27 11:00:00,27.0,29,1018.2,10.5,66,0.0,8.8,33.5,117.0,0.1,0.4,93.0,32,Umerkot,2026-07-23 16:34:56.886994+00:00,11,2,5,34.0,40.0,59.0,31.833333333333332,34.0,41.791666666666664,8.233333333333334,5.483333333333333,35.616666666666674,21.7375,-27.0,52.0,58.0,39.0
2026-05-27 12:00:00,28.2,26,1018.0,7.8,58,0.0,7.3,26.0,117.0,0.1,0.4,93.0,34,Umerkot,2026-07-23 16:34:56.886994+00:00,12,2,5,33.0,39.0,58.0,32.0,33.583333333333336,40.791666666666664,8.433333333333334,5.741666666666667,36.116666666666674,22.516666666666666,-24.0,53.0,58.0,39.0
2026-05-27 13:00:00,29.1,24,1017.7,4.9,8,0.0,7.2,25.0,117.0,0.1,0.4,93.0,37,Umerkot,2026-07-23 16:34:56.886994+00:00,13,2,5,32.0,38.0,57.0,32.833333333333336,33.5,39.958333333333336,8.25,5.966666666666666,33.1,23.058333333333334,-20.0,52.0,58.0,39.0
2026-05-27 14:00:00,29.9,22,1016.9,5.5,347,0.0,7.1,24.7,116.0,0.1,0.4,94.0,39,Umerkot,2026-07-23 16:34:56.886994+00:00,14,2,5,32.0,36.0,55.0,34.0,33.75,39.291666666666664,8.016666666666666,6.154166666666666,30.40000000000001,23.433333333333334,-16.0,52.0,57.0,41.0
2026-05-27 15:00:00,30.3,21,1016.3,8.2,341,0.0,7.1,24.4,116.0,0.1,0.4,94.0,41,Umerkot,2026-07-23 16:34:56.886994+00:00,15,2,5,31.0,35.0,54.0,35.666666666666664,34.25,38.75,7.75,6.3125,28.316666666666677,23.658333333333335,-13.0,52.0,57.0,42.0
2026-05-27 16:00:00,30.8,20,1015.5,10.0,334,0.0,7.1,24.9,116.0,0.1,0.4,93.0,42,Umerkot,2026-07-23 16:34:56.886994+00:00,16,2,5,31.0,35.0,53.0,37.5,34.833333333333336,38.291666666666664,7.433333333333334,6.441666666666667,26.416666666666675,23.783333333333335,-11.0,52.0,56.0,42.0
2026-05-27 17:00:00,30.8,20,1014.9,10.4,324,0.0,7.1,25.5,115.0,0.1,0.4,92.0,43,Umerkot,2026-07-23 16:34:56.886994+00:00,17,2,5,32.0,34.0,51.0,39.333333333333336,35.583333333333336,37.958333333333336,7.149999999999999,6.545833333333333,25.083333333333343,23.891666666666666,-8.0,53.0,55.0,43.0
2026-05-27 18:00:00,30.5,19,1014.5,8.8,316,0.0,7.2,26.9,115.0,0.1,0.4,89.0,43,Umerkot,2026-07-23 16:34:56.886994+00:00,18,2,5,34.0,33.0,50.0,40.833333333333336,36.416666666666664,37.666666666666664,7.133333333333333,6.641666666666667,25.233333333333345,24.1375,-7.0,54.0,54.0,43.0
2026-05-27 19:00:00,30.2,19,1014.4,5.9,337,0.0,7.3,27.0,115.0,0.1,0.4,82.0,43,Umerkot,2026-07-23 16:34:56.886994+00:00,19,2,5,37.0,32.0,48.0,41.833333333333336,37.333333333333336,37.458333333333336,7.149999999999999,6.745833333333334,25.566666666666677,24.587500000000002,-5.0,54.0,53.0,42.0
2026-05-27 20:00:00,29.8,19,1014.6,9.4,358,0.0,7.6,28.5,114.0,0.1,0.4,74.0,42,Umerkot,2026-07-23 16:34:56.886994+00:00,20,2,5,39.0,32.0,45.0,42.333333333333336,38.166666666666664,37.333333333333336,7.233333333333333,6.858333333333333,26.200000000000014,25.166666666666668,-3.0,55.0,52.0,42.0
2026-05-27 21:00:00,29.2,21,1014.8,12.5,349,0.0,8.3,32.4,114.0,0.1,0.4,67.0,41,Umerkot,2026-07-23 16:34:56.886994+00:00,21,2,5,41.0,31.0,43.0,42.333333333333336,39.0,37.25,7.433333333333334,6.991666666666667,27.533333333333342,25.904166666666665,-2.0,57.0,50.0,41.0
2026-05-27 22:00:00,28.3,23,1015.3,10.9,7,0.0,9.2,36.6,113.0,0.1,0.4,63.0,40,Umerkot,2026-07-23 16:34:56.886994+00:00,22,2,5,42.0,31.0,41.0,42.0,39.75,37.208333333333336,7.783333333333332,7.154166666666666,29.483333333333345,26.766666666666666,-1.0,58.0,47.0,40.0
2026-05-27 23:00:00,27.0,25,1015.9,13.4,36,0.0,9.9,39.7,112.0,0.1,0.3,62.0,40,Umerkot,2026-07-23 16:34:56.886994+00:00,23,2,5,43.0,32.0,40.0,41.5,40.416666666666664,37.208333333333336,8.25,7.333333333333333,31.85000000000001,27.662500000000005,0.0,59.0,44.0,38.0
2026-05-28 00:00:00,25.8,28,1016.3,10.7,36,0.0,13.9,55.8,111.0,0.1,0.3,65.0,41,Umerkot,2026-07-23 16:34:56.886994+00:00,0,3,5,43.0,34.0,39.0,41.166666666666664,41.0,37.291666666666664,9.366666666666667,7.670833333333334,36.66666666666668,29.212500000000002,2.0,59.0,41.0,37.0
2026-05-28 01:00:00,24.8,29,1016.3,9.5,2,0.0,14.6,58.7,110.0,0.1,0.3,65.0,43,Umerkot,2026-07-23 16:34:56.886994+00:00,1,3,5,43.0,37.0,38.0,41.166666666666664,41.5,37.5,10.583333333333334,8.0375,41.95000000000001,30.850000000000005,5.0,59.0,40.0,35.0
2026-05-28 02:00:00,23.8,29,1015.9,9.5,346,0.0,15.0,59.8,110.0,0.1,0.3,66.0,45,Umerkot,2026-07-23 16:34:56.886994+00:00,2,3,5,42.0,39.0,36.0,41.666666666666664,42.0,37.875,11.816666666666668,8.420833333333333,47.16666666666668,32.550000000000004,9.0,59.0,39.0,33.0
2026-05-28 03:00:00,23.1,28,1015.3,11.8,343,0.0,15.3,61.9,110.0,0.1,0.3,67.0,47,Umerkot,2026-07-23 16:34:56.886994+00:00,3,3,5,41.0,41.0,35.0,42.666666666666664,42.5,38.375,12.983333333333334,8.820833333333333,52.08333333333334,34.375,12.0,59.0,38.0,31.0
2026-05-28 04:00:00,22.1,29,1015.4,10.6,336,0.0,15.1,60.8,110.0,0.1,0.3,68.0,49,Umerkot,2026-07-23 16:34:56.886994+00:00,4,3,5,40.0,42.0,35.0,44.166666666666664,43.083333333333336,38.958333333333336,13.966666666666667,9.216666666666667,56.116666666666674,36.1875,14.0,59.0,38.0,30.0
2026-05-28 05:00:00,21.3,31,1015.4,10.4,326,0.0,14.1,51.7,111.0,0.1,0.3,68.0,50,Umerkot,2026-07-23 16:34:56.886994+00:00,5,3,5,40.0,43.0,34.0,45.833333333333336,43.666666666666664,39.625,14.666666666666666,9.575000000000001,58.116666666666674,37.666666666666664,16.0,58.0,39.0,29.0
2026-05-28 06:00:00,20.3,33,1015.7,9.0,313,0.0,12.8,46.6,111.0,0.1,0.3,71.0,51,Umerkot,2026-07-23 16:34:56.886994+00:00,6,3,5,41.0,43.0,33.0,47.5,44.333333333333336,40.375,14.483333333333334,9.854166666666666,56.58333333333334,38.65,18.0,58.0,39.0,28.0
2026-05-28 07:00:00,20.2,34,1016.1,7.1,297,0.0,11.1,39.6,112.0,0.1,0.4,77.0,52,Umerkot,2026-07-23 16:34:56.886994+00:00,7,3,5,43.0,43.0,32.0,49.0,45.083333333333336,41.208333333333336,13.9,9.970833333333333,53.40000000000001,38.50416666666667,20.0,58.0,39.0,28.0
2026-05-28 08:00:00,22.5,29,1017.0,5.4,307,0.0,11.3,44.6,112.0,0.1,0.4,86.0,52,Umerkot,2026-07-23 16:34:56.886994+00:00,8,3,5,45.0,42.0,32.0,50.166666666666664,45.916666666666664,42.041666666666664,13.283333333333333,10.0875,50.866666666666674,38.65833333333334,20.0,58.0,39.0,28.0
2026-05-28 09:00:00,24.8,25,1017.9,14.7,334,0.0,11.9,49.6,113.0,0.1,0.5,92.0,52,Umerkot,2026-07-23 16:34:56.886994+00:00,9,3,5,47.0,41.0,31.0,51.0,46.833333333333336,42.916666666666664,12.716666666666669,10.220833333333333,48.816666666666684,39.1875,21.0,58.0,39.0,29.0
2026-05-28 10:00:00,26.4,24,1018.0,16.4,339,0.0,10.8,46.9,113.0,0.1,0.5,94.0,52,Umerkot,2026-07-23 16:34:56.886994+00:00,10,3,5,49.0,40.0,31.0,51.5,47.833333333333336,43.791666666666664,12.0,10.295833333333334,46.50000000000001,39.62916666666667,21.0,58.0,39.0,31.0
2026-05-28 11:00:00,27.8,23,1018.4,16.9,343,0.0,9.5,43.3,113.0,0.1,0.4,95.0,52,Umerkot,2026-07-23 16:34:56.886994+00:00,11,3,5,50.0,40.0,32.0,51.833333333333336,48.833333333333336,44.625,11.233333333333334,10.325000000000001,45.100000000000016,40.0375,20.0,58.0,39.0,33.0
2026-05-28 12:00:00,29.0,21,1018.3,14.1,338,0.0,4.4,26.7,113.0,0.1,0.4,96.0,53,Umerkot,2026-07-23 16:34:56.886994+00:00,12,3,5,51.0,41.0,34.0,52.166666666666664,49.833333333333336,45.416666666666664,9.833333333333334,10.204166666666666,41.78333333333334,40.06666666666667,19.0,58.0,39.0,34.0
2026-05-28 13:00:00,30.1,19,1017.7,13.0,319,0.0,5.1,34.7,113.0,0.1,0.4,97.0,52,Umerkot,2026-07-23 16:34:56.886994+00:00,13,3,5,52.0,43.0,37.0,52.166666666666664,50.583333333333336,46.041666666666664,8.833333333333334,10.116666666666667,40.966666666666676,40.47083333333333,15.0,58.0,39.0,36.0
2026-05-28 14:00:00,31.1,18,1017.2,17.6,313,0.0,6.8,49.1,114.0,0.1,0.3,98.0,52,Umerkot,2026-07-23 16:34:56.886994+00:00,14,3,5,52.0,45.0,39.0,52.166666666666664,51.166666666666664,46.583333333333336,8.083333333333334,10.104166666666666,41.716666666666676,41.487500000000004,13.0,57.0,41.0,37.0
2026-05-28 15:00:00,31.5,17,1016.6,19.5,315,0.0,9.7,71.0,114.0,0.1,0.3,99.0,52,Umerkot,2026-07-23 16:34:56.886994+00:00,15,3,5,52.0,47.0,41.0,52.166666666666664,51.583333333333336,47.041666666666664,7.716666666666666,10.2125,45.28333333333334,43.42916666666667,11.0,57.0,42.0,38.0
2026-05-28 16:00:00,31.9,16,1016.0,20.2,309,0.0,13.3,95.0,113.0,0.1,0.3,98.0,52,Umerkot,2026-07-23 16:34:56.886994+00:00,16,3,5,52.0,49.0,42.0,52.166666666666664,51.833333333333336,47.458333333333336,8.133333333333333,10.470833333333333,53.30000000000001,46.35,10.0,56.0,42.0,38.0
2026-05-28 17:00:00,32.1,14,1015.4,21.6,306,0.0,16.6,112.0,112.0,0.1,0.3,97.0,53,Umerkot,2026-07-23 16:34:56.886994+00:00,17,3,5,52.0,50.0,43.0,52.333333333333336,52.083333333333336,47.875,9.316666666666668,10.866666666666667,64.75000000000001,49.95416666666667,10.0,55.0,43.0,38.0
2026-05-28 18:00:00,31.7,13,1015.2,23.9,304,0.0,18.7,111.3,111.0,0.1,0.3,95.0,54,Umerkot,2026-07-23 16:34:56.886994+00:00,18,3,5,53.0,51.0,43.0,52.5,52.333333333333336,48.333333333333336,11.700000000000001,11.345833333333333,78.85000000000001,53.47083333333334,11.0,54.0,43.0,43.0
2026-05-28 19:00:00,30.9,13,1015.3,23.3,309,0.0,20.4,109.7,111.0,0.1,0.3,92.0,54,Umerkot,2026-07-23 16:34:56.886994+00:00,19,3,5,52.0,52.0,43.0,52.833333333333336,52.5,48.791666666666664,14.25,11.891666666666666,91.35000000000002,56.916666666666664,11.0,53.0,42.0,48.0
2026-05-28 20:00:00,29.7,14,1015.9,20.7,315,0.0,21.6,107.6,111.0,0.1,0.2,88.0,55,Umerkot,2026-07-23 16:34:56.886994+00:00,20,3,5,52.0,52.0,42.0,53.333333333333336,52.75,49.333333333333336,16.716666666666665,12.475000000000001,101.10000000000001,60.212500000000006,13.0,52.0,42.0,51.0
2026-05-28 21:00:00,28.6,13,1016.5,19.1,329,0.0,21.7,101.3,111.0,0.1,0.2,85.0,57,Umerkot,2026-07-23 16:34:56.886994+00:00,21,3,5,52.0,52.0,41.0,54.166666666666664,53.166666666666664,50.0,18.716666666666665,13.033333333333333,106.15000000000002,63.083333333333336,16.0,50.0,41.0,54.0
2026-05-28 22:00:00,27.4,14,1017.2,16.8,332,0.0,20.7,90.8,112.0,0.1,0.2,82.0,58,Umerkot,2026-07-23 16:34:56.886994+00:00,22,3,5,52.0,52.0,40.0,55.166666666666664,53.666666666666664,50.75,19.95,13.512500000000001,105.45,65.34166666666667,18.0,47.0,40.0,56.0
2026-05-28 23:00:00,26.2,16,1017.8,16.0,329,0.0,18.9,76.1,112.0,0.1,0.2,80.0,59,Umerkot,2026-07-23 16:34:56.886994+00:00,23,3,5,53.0,52.0,40.0,56.166666666666664,54.25,51.541666666666664,20.333333333333332,13.887500000000001,99.46666666666668,66.85833333333333,19.0,44.0,38.0,58.0
2026-05-29 00:00:00,25.2,17,1017.8,17.3,333,0.0,16.2,54.5,113.0,0.1,0.2,78.0,59,Umerkot,2026-07-23 16:34:56.886994+00:00,0,4,5,54.0,53.0,41.0,57.0,54.75,52.291666666666664,19.916666666666668,13.983333333333334,90.0,66.80416666666667,18.0,41.0,37.0,60.0
2026-05-29 01:00:00,23.9,20,1017.5,15.5,333,0.0,13.8,38.0,113.0,0.1,0.3,76.0,59,Umerkot,2026-07-23 16:34:56.886994+00:00,1,4,5,54.0,52.0,43.0,57.833333333333336,55.333333333333336,52.958333333333336,18.816666666666666,13.950000000000001,78.05000000000001,65.94166666666668,16.0,40.0,35.0,63.0
2026-05-29 02:00:00,22.9,23,1017.5,14.7,332,0.0,11.8,24.7,113.0,0.1,0.3,74.0,59,Umerkot,2026-07-23 16:34:56.886994+00:00,2,4,5,55.0,52.0,45.0,58.5,55.916666666666664,53.541666666666664,17.183333333333334,13.816666666666668,64.23333333333333,64.47916666666667,14.0,39.0,33.0,65.0
2026-05-29 03:00:00,22.1,26,1017.0,15.9,332,0.0,10.5,18.5,113.0,0.1,0.4,72.0,59,Umerkot,2026-07-23 16:34:56.886994+00:00,3,4,5,57.0,52.0,47.0,58.833333333333336,56.5,54.041666666666664,15.316666666666665,13.616666666666665,50.433333333333344,62.67083333333333,12.0,38.0,31.0,67.0
2026-05-29 04:00:00,21.3,29,1017.0,15.8,337,0.0,9.9,16.6,113.0,0.1,0.4,72.0,59,Umerkot,2026-07-23 16:34:56.886994+00:00,4,4,5,58.0,52.0,49.0,59.0,57.083333333333336,54.458333333333336,13.516666666666666,13.4,38.06666666666668,60.82916666666667,10.0,38.0,30.0,69.0
2026-05-29 05:00:00,20.5,33,1017.3,15.0,341,0.0,9.7,16.6,113.0,0.1,0.5,72.0,58,Umerkot,2026-07-23 16:34:56.886994+00:00,5,4,5,59.0,53.0,50.0,58.833333333333336,57.5,54.791666666666664,11.983333333333334,13.216666666666667,28.15000000000001,59.36666666666667,8.0,39.0,29.0,72.0
2026-05-29 06:00:00,19.6,36,1017.4,12.3,342,0.0,10.2,20.1,113.0,0.1,0.5,75.0,58,Umerkot,2026-07-23 16:34:56.886994+00:00,6,4,5,59.0,54.0,51.0,58.666666666666664,57.833333333333336,55.083333333333336,10.983333333333333,13.108333333333333,22.416666666666675,58.26250000000001,7.0,39.0,28.0,74.0
2026-05-29 07:00:00,18.9,38,1017.9,9.0,340,0.0,11.3,27.1,114.0,0.1,0.5,83.0,58,Umerkot,2026-07-23 16:34:56.886994+00:00,7,4,5,59.0,54.0,52.0,58.5,58.166666666666664,55.333333333333336,10.566666666666666,13.116666666666667,20.600000000000012,57.74166666666667,6.0,39.0,28.0,76.0
2026-05-29 08:00:00,20.9,34,1018.6,5.9,337,0.0,11.7,29.4,116.0,0.0,0.5,93.0,58,Umerkot,2026-07-23 16:34:56.886994+00:00,8,4,5,59.0,55.0,52.0,58.333333333333336,58.416666666666664,55.583333333333336,10.549999999999999,13.133333333333333,21.383333333333344,57.10833333333334,6.0,39.0,28.0,78.0
2026-05-29 09:00:00,23.4,30,1019.2,7.0,328,0.0,11.3,29.3,117.0,0.0,0.5,100.0,58,Umerkot,2026-07-23 16:34:56.886994+00:00,9,4,5,59.0,57.0,52.0,58.166666666666664,58.5,55.833333333333336,10.683333333333332,13.108333333333333,23.18333333333334,56.262499999999996,6.0,39.0,29.0,79.0
2026-05-29 10:00:00,25.9,26,1019.3,9.9,348,0.0,10.9,29.6,117.0,0.0,0.5,101.0,58,Umerkot,2026-07-23 16:34:56.886994+00:00,10,4,5,59.0,58.0,52.0,58.0,58.5,56.083333333333336,10.85,13.112500000000002,25.350000000000012,55.541666666666664,6.0,39.0,31.0,81.0
2026-05-29 11:00:00,27.4,23,1019.6,12.2,8,0.0,10.5,30.0,117.0,0.0,0.4,100.0,58,Umerkot,2026-07-23 16:34:56.886994+00:00,11,4,5,58.0,59.0,52.0,58.0,58.416666666666664,56.333333333333336,10.983333333333334,13.154166666666669,27.583333333333343,54.987500000000004,6.0,39.0,33.0,83.0
2026-05-29 12:00:00,28.6,21,1019.5,10.6,10,0.0,0.4,2.9,116.0,0.1,0.4,99.0,58,Umerkot,2026-07-23 16:34:56.886994+00:00,12,4,5,58.0,59.0,53.0,58.0,58.333333333333336,56.541666666666664,9.35,12.987499999999999,24.716666666666672,53.99583333333334,5.0,39.0,34.0,85.0
2026-05-29 13:00:00,29.6,19,1019.0,9.4,4,0.0,0.8,6.2,115.0,0.1,0.4,99.0,58,Umerkot,2026-07-23 16:34:56.886994+00:00,13,4,5,58.0,59.0,52.0,58.0,58.25,56.791666666666664,7.6000000000000005,12.808333333333335,21.23333333333334,52.80833333333334,6.0,39.0,36.0,87.0
2026-05-29 14:00:00,30.6,17,1018.3,10.4,2,0.0,1.1,8.1,115.0,0.1,0.4,99.0,57,Umerkot,2026-07-23 16:34:56.886994+00:00,14,4,5,58.0,59.0,52.0,57.833333333333336,58.083333333333336,57.0,5.833333333333333,12.570833333333333,17.683333333333344,51.1,5.0,41.0,37.0,88.0
2026-05-29 15:00:00,30.9,17,1017.8,13.4,4,0.0,1.5,9.7,114.0,0.1,0.4,98.0,57,Umerkot,2026-07-23 16:34:56.886994+00:00,15,4,5,58.0,59.0,52.0,57.666666666666664,57.916666666666664,57.208333333333336,4.2,12.229166666666666,14.416666666666677,48.54583333333334,5.0,42.0,38.0,89.0
2026-05-29 16:00:00,31.3,16,1017.2,14.1,3,0.0,1.8,11.3,114.0,0.1,0.4,96.0,56,Umerkot,2026-07-23 16:34:56.886994+00:00,16,4,5,58.0,59.0,52.0,57.333333333333336,57.666666666666664,57.375,2.6833333333333336,11.75,11.366666666666676,45.05833333333333,4.0,42.0,38.0,90.0
2026-05-29 17:00:00,31.3,16,1017.0,14.9,360,0.0,2.2,12.7,113.0,0.1,0.4,94.0,55,Umerkot,2026-07-23 16:34:56.886994+00:00,17,4,5,58.0,58.0,53.0,56.833333333333336,57.416666666666664,57.458333333333336,1.3,11.149999999999999,8.483333333333343,40.920833333333334,2.0,43.0,38.0,91.0
2026-05-29 18:00:00,30.9,16,1016.6,15.7,359,0.0,2.8,13.6,113.0,0.1,0.4,90.0,54,Umerkot,2026-07-23 16:34:56.886994+00:00,18,4,5,58.0,58.0,54.0,56.166666666666664,57.083333333333336,57.458333333333336,1.7,10.487499999999999,10.266666666666676,36.85,0.0,43.0,43.0,91.0
2026-05-29 19:00:00,30.3,17,1016.6,16.8,4,0.0,3.8,16.4,113.0,0.1,0.4,85.0,53,Umerkot,2026-07-23 16:34:56.886994+00:00,19,4,5,58.0,58.0,54.0,55.333333333333336,56.666666666666664,57.416666666666664,2.2,9.795833333333333,11.966666666666676,32.9625,-1.0,42.0,48.0,91.0
2026-05-29 20:00:00,29.3,18,1016.6,16.7,14,0.0,4.9,20.3,112.0,0.1,0.4,79.0,52,Umerkot,2026-07-23 16:34:56.886994+00:00,20,4,5,57.0,58.0,55.0,54.5,56.166666666666664,57.291666666666664,2.8333333333333335,9.1,14.000000000000009,29.325,-3.0,42.0,51.0,91.0
2026-05-29 21:00:00,28.3,19,1017.0,14.3,35,0.0,6.1,24.6,112.0,0.1,0.4,74.0,50,Umerkot,2026-07-23 16:34:56.886994+00:00,21,4,5,57.0,58.0,57.0,53.333333333333336,55.5,57.0,3.6,8.450000000000001,16.483333333333345,26.129166666666666,-7.0,41.0,54.0,91.0
2026-05-29 22:00:00,27.3,20,1017.7,10.6,42,0.0,7.1,29.1,112.0,0.1,0.4,71.0,47,Umerkot,2026-07-23 16:34:56.886994+00:00,22,4,5,56.0,58.0,58.0,51.833333333333336,54.583333333333336,56.541666666666664,4.483333333333333,7.883333333333333,19.45000000000001,23.558333333333334,-11.0,40.0,56.0,90.0
2026-05-29 23:00:00,26.2,22,1017.9,9.9,46,0.0,7.9,33.4,111.0,0.1,0.4,69.0,44,Umerkot,2026-07-23 16:34:56.886994+00:00,23,4,5,55.0,58.0,59.0,50.0,53.416666666666664,55.916666666666664,5.433333333333334,7.425000000000001,22.90000000000001,21.77916666666667,-15.0,38.0,58.0,89.0
2026-05-30 00:00:00,25.1,23,1017.9,10.8,54,0.0,9.4,39.2,111.0,0.1,0.4,69.0,41,Umerkot,2026-07-23 16:34:56.886994+00:00,0,5,5,54.0,58.0,59.0,47.833333333333336,52.0,55.166666666666664,6.533333333333334,7.141666666666667,27.166666666666675,21.14166666666667,-18.0,37.0,60.0,89.0
2026-05-30 01:00:00,24.0,25,1017.5,9.2,48,0.0,9.9,42.7,111.0,0.1,0.4,69.0,40,Umerkot,2026-07-23 16:34:56.886994+00:00,1,5,5,53.0,58.0,59.0,45.666666666666664,50.5,54.375,7.550000000000001,6.979166666666667,31.55000000000001,21.337500000000002,-19.0,35.0,63.0,88.0
2026-05-30 02:00:00,23.1,26,1017.1,7.5,48,0.0,10.3,45.6,110.0,0.1,0.4,69.0,39,Umerkot,2026-07-23 16:34:56.886994+00:00,2,5,5,52.0,57.0,59.0,43.5,49.0,53.541666666666664,8.450000000000001,6.916666666666667,35.76666666666667,22.208333333333332,-20.0,33.0,65.0,87.0
2026-05-30 03:00:00,22.5,27,1016.2,8.4,34,0.0,10.6,46.6,110.0,0.1,0.4,70.0,38,Umerkot,2026-07-23 16:34:56.886994+00:00,3,5,5,50.0,57.0,59.0,41.5,47.416666666666664,52.666666666666664,9.200000000000001,6.920833333333333,39.433333333333344,23.379166666666666,-21.0,31.0,67.0,86.0
2026-05-30 04:00:00,21.8,28,1016.1,9.1,39,0.0,10.6,45.6,110.0,0.1,0.4,71.0,38,Umerkot,2026-07-23 16:34:56.886994+00:00,4,5,5,47.0,56.0,59.0,40.0,45.916666666666664,51.791666666666664,9.783333333333333,6.949999999999999,42.183333333333344,24.587500000000002,-21.0,30.0,69.0,85.0
2026-05-30 05:00:00,21.2,29,1016.0,10.5,38,0.0,10.2,39.7,111.0,0.1,0.4,72.0,39,Umerkot,2026-07-23 16:34:56.886994+00:00,5,5,5,44.0,55.0,58.0,39.166666666666664,44.583333333333336,51.0,10.166666666666666,6.970833333333334,43.23333333333335,25.55,-19.0,29.0,72.0,85.0
2026-05-30 06:00:00,20.4,30,1016.0,10.3,49,0.0,10.4,40.2,112.0,0.1,0.4,74.0,39,Umerkot,2026-07-23 16:34:56.886994+00:00,6,5,5,41.0,54.0,58.0,38.833333333333336,43.333333333333336,50.208333333333336,10.333333333333334,6.979166666666667,43.40000000000001,26.387500000000003,-19.0,28.0,74.0,84.0
2026-05-30 07:00:00,20.2,32,1016.5,10.0,83,0.0,11.0,49.4,112.0,0.1,0.4,80.0,39,Umerkot,2026-07-23 16:34:56.886994+00:00,7,5,5,40.0,53.0,58.0,38.666666666666664,42.166666666666664,49.416666666666664,10.516666666666666,6.966666666666668,44.51666666666668,27.316666666666666,-19.0,28.0,76.0,83.0
2026-05-30 08:00:00,22.7,27,1017.0,6.2,111,0.0,11.9,61.9,113.0,0.0,0.4,87.0,39,Umerkot,2026-07-23 16:34:56.886994+00:00,8,5,5,39.0,52.0,58.0,38.666666666666664,41.083333333333336,48.625,10.783333333333333,6.974999999999999,47.23333333333335,28.670833333333334,-19.0,28.0,78.0,82.0
2026-05-30 09:00:00,26.3,22,1017.4,5.2,106,0.0,11.8,62.9,113.0,0.0,0.4,92.0,39,Umerkot,2026-07-23 16:34:56.886994+00:00,9,5,5,38.0,50.0,58.0,38.833333333333336,40.166666666666664,47.833333333333336,10.983333333333334,6.995833333333334,49.95000000000001,30.07083333333333,-19.0,29.0,79.0,82.0
2026-05-30 10:00:00,29.0,20,1017.5,8.6,78,0.0,11.3,58.9,113.0,0.0,0.4,93.0,39,Umerkot,2026-07-23 16:34:56.886994+00:00,10,5,5,38.0,47.0,58.0,39.0,39.5,47.041666666666664,11.1,7.0125,52.16666666666668,31.291666666666668,-19.0,31.0,81.0,82.0
2026-05-30 11:00:00,30.1,20,1017.5,13.0,52,0.0,10.7,54.5,112.0,0.0,0.3,91.0,39,Umerkot,2026-07-23 16:34:56.886994+00:00,11,5,5,39.0,44.0,58.0,39.0,39.083333333333336,46.25,11.183333333333335,7.020833333333333,54.63333333333335,32.3125,-19.0,33.0,83.0,83.0
2026-05-30 12:00:00,31.1,18,1017.4,13.4,54,0.0,2.2,14.6,112.0,0.0,0.3,92.0,39,Umerkot,2026-07-23 16:34:56.886994+00:00,12,5,5,39.0,41.0,58.0,39.0,38.916666666666664,45.458333333333336,9.816666666666666,7.095833333333332,50.366666666666674,32.8,-19.0,34.0,85.0,83.0
2026-05-30 13:00:00,31.9,17,1016.6,12.2,49,0.0,1.9,12.5,112.0,0.0,0.3,92.0,39,Umerkot,2026-07-23 16:34:56.886994+00:00,13,5,5,39.0,40.0,58.0,39.0,38.833333333333336,44.666666666666664,8.3,7.141666666666667,44.21666666666667,33.0625,-19.0,36.0,87.0,84.0
2026-05-30 14:00:00,32.6,16,1015.8,11.7,46,0.0,1.8,11.1,111.0,0.1,0.3,92.0,41,Umerkot,2026-07-23 16:34:56.886994+00:00,14,5,5,39.0,39.0,57.0,39.333333333333336,39.0,44.0,6.616666666666666,7.170833333333333,35.75000000000001,33.1875,-16.0,37.0,88.0,84.0
2026-05-30 15:00:00,33.0,15,1014.9,12.2,36,0.0,1.7,10.2,111.0,0.1,0.3,92.0,42,Umerkot,2026-07-23 16:34:56.886994+00:00,15,5,5,39.0,38.0,57.0,39.833333333333336,39.333333333333336,43.375,4.933333333333334,7.179166666666666,26.96666666666668,33.208333333333336,-15.0,38.0,89.0,84.0
2026-05-30 16:00:00,33.4,14,1014.3,12.5,23,0.0,1.6,9.8,111.0,0.1,0.3,91.0,42,Umerkot,2026-07-23 16:34:56.886994+00:00,16,5,5,39.0,38.0,56.0,40.333333333333336,39.666666666666664,42.791666666666664,3.3166666666666664,7.170833333333333,18.783333333333342,33.145833333333336,-14.0,38.0,90.0,85.0
2026-05-30 17:00:00,33.4,13,1014.1,14.1,10,0.0,1.6,9.1,112.0,0.1,0.3,91.0,43,Umerkot,2026-07-23 16:34:56.886994+00:00,17,5,5,39.0,39.0,55.0,41.0,40.0,42.291666666666664,1.8,7.145833333333333,11.216666666666676,32.99583333333333,-12.0,38.0,91.0,85.0
2026-05-30 18:00:00,33.0,14,1013.9,14.5,6,0.0,1.5,7.7,112.0,0.1,0.3,88.0,43,Umerkot,2026-07-23 16:34:56.886994+00:00,18,5,5,39.0,39.0,54.0,41.666666666666664,40.333333333333336,41.833333333333336,1.6833333333333336,7.091666666666668,10.066666666666675,32.75000000000001,-11.0,43.0,91.0,86.0
2026-05-30 19:00:00,32.4,14,1013.9,14.6,10,0.0,1.4,5.8,112.0,0.1,0.3,83.0,42,Umerkot,2026-07-23 16:34:56.886994+00:00,19,5,5,39.0,39.0,53.0,42.166666666666664,40.583333333333336,41.375,1.6000000000000003,6.991666666666666,8.950000000000008,32.30833333333333,-11.0,48.0,91.0,86.0
2026-05-30 20:00:00,31.6,15,1014.1,17.3,8,0.0,1.5,5.4,112.0,0.1,0.3,76.0,42,Umerkot,2026-07-23 16:34:56.886994+00:00,20,5,5,41.0,39.0,52.0,42.333333333333336,40.833333333333336,40.958333333333336,1.55,6.849999999999999,8.000000000000009,31.6875,-10.0,51.0,91.0,86.0
2026-05-30 21:00:00,30.7,16,1014.5,17.1,15,0.0,1.6,5.7,112.0,0.1,0.3,70.0,41,Umerkot,2026-07-23 16:34:56.886994+00:00,21,5,5,42.0,39.0,50.0,42.166666666666664,41.0,40.583333333333336,1.5333333333333334,6.6625000000000005,7.25000000000001,30.900000000000002,-9.0,54.0,91.0,87.0
2026-05-30 22:00:00,29.6,17,1015.0,14.4,16,0.0,1.8,6.8,111.0,0.1,0.3,67.0,40,Umerkot,2026-07-23 16:34:56.886994+00:00,22,5,5,42.0,39.0,47.0,41.833333333333336,41.083333333333336,40.291666666666664,1.5666666666666667,6.441666666666666,6.75000000000001,29.97083333333333,-7.0,56.0,90.0,87.0
2026-05-30 23:00:00,28.6,19,1015.4,12.1,15,0.0,2.0,7.9,110.0,0.1,0.3,65.0,38,Umerkot,2026-07-23 16:34:56.886994+00:00,23,5,5,43.0,39.0,44.0,41.0,41.0,40.041666666666664,1.6333333333333335,6.195833333333333,6.5500000000000105,28.90833333333333,-6.0,58.0,89.0,87.0
2026-05-31 00:00:00,27.2,21,1015.7,10.2,21,0.0,3.0,11.0,109.0,0.1,0.4,64.0,37,Umerkot,2026-07-23 16:34:56.886994+00:00,0,6,5,43.0,39.0,41.0,40.0,40.833333333333336,39.875,1.8833333333333335,5.929166666666666,7.100000000000009,27.73333333333333,-4.0,60.0,89.0,87.0
2026-05-31 01:00:00,26.2,22,1015.1,9.1,34,0.0,3.2,11.4,108.0,0.1,0.4,61.0,35,Umerkot,2026-07-23 16:34:56.886994+00:00,1,6,5,42.0,39.0,40.0,38.833333333333336,40.5,39.666666666666664,2.1833333333333336,5.650000000000001,8.033333333333344,26.42916666666667,-5.0,63.0,88.0,87.0
2026-05-31 02:00:00,25.4,25,1014.5,5.7,81,0.0,3.2,11.0,108.0,0.1,0.3,56.0,33,Umerkot,2026-07-23 16:34:56.886994+00:00,2,6,5,42.0,41.0,39.0,37.333333333333336,39.833333333333336,39.416666666666664,2.466666666666667,5.354166666666667,8.966666666666676,24.9875,-6.0,65.0,87.0,87.0
2026-05-31 03:00:00,24.8,25,1013.4,10.6,101,0.0,3.3,11.4,108.0,0.1,0.3,54.0,31,Umerkot,2026-07-23 16:34:56.886994+00:00,3,6,5,41.0,42.0,38.0,35.666666666666664,38.916666666666664,39.125,2.75,5.05,9.916666666666677,23.520833333333332,-7.0,67.0,86.0,86.0
2026-05-31 04:00:00,23.9,27,1013.3,10.8,108,0.0,3.5,12.8,108.0,0.1,0.3,55.0,30,Umerkot,2026-07-23 16:34:56.886994+00:00,4,6,5,40.0,42.0,38.0,34.0,37.916666666666664,38.791666666666664,3.033333333333333,4.754166666666666,10.916666666666677,22.154166666666665,-8.0,69.0,85.0,86.0
2026-05-31 05:00:00,22.8,29,1013.6,10.8,123,0.0,4.0,16.9,108.0,0.1,0.4,59.0,29,Umerkot,2026-07-23 16:34:56.886994+00:00,5,6,5,38.0,43.0,39.0,32.5,36.75,38.375,3.3666666666666667,4.495833333333333,12.416666666666677,21.20416666666667,-10.0,72.0,85.0,86.0
2026-05-31 06:00:00,21.8,30,1014.2,10.0,139,0.0,5.7,30.0,109.0,0.1,0.4,64.0,28,Umerkot,2026-07-23 16:34:56.886994+00:00,6,6,5,37.0,43.0,39.0,31.0,35.5,37.916666666666664,3.8166666666666664,4.3,15.583333333333343,20.779166666666665,-11.0,74.0,84.0,86.0
2026-05-31 07:00:00,21.6,31,1015.0,9.4,150,0.0,10.7,65.7,110.0,0.1,0.4,72.0,28,Umerkot,2026-07-23 16:34:56.886994+00:00,7,6,5,35.0,42.0,39.0,29.833333333333332,34.333333333333336,37.458333333333336,5.066666666666666,4.2875000000000005,24.633333333333344,21.458333333333332,-11.0,76.0,83.0,86.0
2026-05-31 08:00:00,24.1,26,1015.3,8.5,142,0.0,10.5,61.0,111.0,0.0,0.4,82.0,28,Umerkot,2026-07-23 16:34:56.886994+00:00,8,6,5,33.0,42.0,39.0,29.0,33.166666666666664,37.0,6.283333333333332,4.229166666666667,32.966666666666676,21.420833333333334,-11.0,78.0,82.0,86.0
2026-05-31 09:00:00,27.8,20,1015.4,11.7,133,0.0,10.4,56.8,112.0,0.0,0.4,88.0,29,Umerkot,2026-07-23 16:34:56.886994+00:00,9,6,5,31.0,41.0,39.0,28.666666666666668,32.166666666666664,36.583333333333336,7.466666666666666,4.170833333333333,40.53333333333334,21.166666666666668,-10.0,79.0,82.0,85.0
2026-05-31 10:00:00,30.4,17,1015.4,17.5,127,0.0,12.2,64.7,112.0,0.0,0.4,87.0,31,Umerkot,2026-07-23 16:34:56.886994+00:00,10,6,5,30.0,40.0,39.0,28.833333333333332,31.416666666666668,36.25,8.916666666666666,4.208333333333333,49.183333333333344,21.40833333333333,-8.0,81.0,82.0,84.0
2026-05-31 11:00:00,32.3,16,1015.3,18.7,123,0.0,14.6,77.1,111.0,0.0,0.3,83.0,33,Umerkot,2026-07-23 16:34:56.886994+00:00,11,6,5,29.0,38.0,39.0,29.5,31.0,36.0,10.683333333333332,4.370833333333334,59.21666666666667,22.349999999999998,-6.0,83.0,83.0,82.0
2026-05-31 12:00:00,33.5,16,1015.1,16.4,111,0.0,10.0,54.0,111.0,0.0,0.4,81.0,34,Umerkot,2026-07-23 16:34:56.886994+00:00,12,6,5,28.0,37.0,39.0,30.5,30.75,35.791666666666664,11.399999999999999,4.695833333333334,63.216666666666676,23.991666666666664,-5.0,85.0,83.0,81.0
2026-05-31 13:00:00,34.3,15,1014.7,12.4,106,0.0,12.5,67.1,111.0,0.0,0.4,80.0,36,Umerkot,2026-07-23 16:34:56.886994+00:00,13,6,5,28.0,35.0,39.0,31.833333333333332,30.833333333333332,35.666666666666664,11.700000000000001,5.1375,63.45000000000001,26.266666666666666,-3.0,87.0,84.0,81.0
2026-05-31 14:00:00,35.0,15,1014.3,5.4,86,0.0,14.2,74.7,110.0,0.0,0.3,78.0,37,Umerkot,2026-07-23 16:34:56.886994+00:00,14,6,5,28.0,33.0,41.0,33.333333333333336,31.166666666666668,35.5,12.316666666666668,5.654166666666666,65.73333333333333,28.916666666666668,-4.0,88.0,84.0,81.0
2026-05-31 15:00:00,35.3,14,1014.2,9.9,29,0.0,15.4,80.1,110.0,0.0,0.3,76.0,38,Umerkot,2026-07-23 16:34:56.886994+00:00,15,6,5,29.0,31.0,42.0,34.833333333333336,31.75,35.333333333333336,13.149999999999999,6.2250000000000005,69.61666666666667,31.829166666666666,-4.0,89.0,84.0,81.0
2026-05-31 16:00:00,35.7,14,1013.7,13.9,3,0.0,17.6,91.0,110.0,0.0,0.3,75.0,38,Umerkot,2026-07-23 16:34:56.886994+00:00,16,6,5,31.0,30.0,42.0,36.0,32.416666666666664,35.166666666666664,14.049999999999999,6.891666666666667,74.0,35.2125,-4.0,90.0,85.0,82.0
2026-05-31 17:00:00,35.6,14,1013.6,15.6,354,0.0,21.0,108.3,110.0,0.0,0.4,73.0,38,Umerkot,2026-07-23 16:34:56.886994+00:00,17,6,5,33.0,29.0,43.0,36.833333333333336,33.166666666666664,34.958333333333336,15.116666666666667,7.699999999999999,79.2,39.34583333333334,-5.0,91.0,85.0,82.0
2026-05-31 18:00:00,35.2,15,1013.0,14.8,1,0.0,24.7,124.3,110.0,0.0,0.4,71.0,43,Umerkot,2026-07-23 16:34:56.886994+00:00,18,6,5,34.0,28.0,43.0,38.333333333333336,34.416666666666664,34.958333333333336,17.566666666666666,8.666666666666666,90.91666666666667,44.20416666666667,0.0,91.0,86.0,81.0
2026-05-31 19:00:00,35.4,15,1012.8,18.4,336,0.0,27.8,134.1,110.0,0.0,0.4,67.0,48,Umerkot,2026-07-23 16:34:56.886994+00:00,19,6,5,36.0,28.0,42.0,40.333333333333336,36.083333333333336,35.208333333333336,20.116666666666667,9.766666666666667,102.08333333333333,49.550000000000004,6.0,91.0,86.0,81.0
2026-05-31 20:00:00,33.2,18,1013.8,31.2,334,0.0,28.6,126.7,110.0,0.0,0.3,61.0,51,Umerkot,2026-07-23 16:34:56.886994+00:00,20,6,5,37.0,28.0,42.0,42.666666666666664,38.0,35.583333333333336,22.516666666666666,10.895833333333334,110.75,54.604166666666664,9.0,91.0,86.0,81.0
2026-05-31 21:00:00,32.7,19,1014.2,19.9,342,0.0,28.7,117.8,110.0,0.0,0.3,56.0,54,Umerkot,2026-07-23 16:34:56.886994+00:00,21,6,5,38.0,29.0,41.0,45.333333333333336,40.083333333333336,36.125,24.733333333333334,12.024999999999999,117.03333333333335,59.275,13.0,91.0,87.0,80.0
2026-05-31 22:00:00,31.8,21,1014.6,21.1,348,0.0,30.3,123.9,110.0,0.0,0.3,51.0,56,Umerkot,2026-07-23 16:34:56.886994+00:00,22,6,5,38.0,31.0,40.0,48.333333333333336,42.166666666666664,36.791666666666664,26.850000000000005,13.212499999999999,122.5166666666667,64.15416666666667,16.0,90.0,87.0,80.0
2026-05-31 23:00:00,30.3,24,1015.4,16.5,344,0.0,31.5,128.1,109.0,0.0,0.3,47.0,58,Umerkot,2026-07-23 16:34:56.886994+00:00,23,6,5,38.0,33.0,38.0,51.666666666666664,44.25,37.625,28.600000000000005,14.441666666666665,125.81666666666666,69.16250000000001,20.0,89.0,87.0,80.0
2026-06-01 00:00:00,29.3,26,1015.5,14.5,345,0.0,31.5,113.9,108.0,0.0,0.3,47.0,60,Umerkot,2026-07-23 16:34:56.886994+00:00,0,0,6,43.0,34.0,37.0,54.5,46.416666666666664,38.583333333333336,29.733333333333334,15.629166666666665,124.08333333333333,73.45,23.0,89.0,87.0,79.0
2026-06-01 01:00:00,28.1,29,1015.3,9.8,342,0.0,31.9,119.7,107.0,0.0,0.3,47.0,63,Umerkot,2026-07-23 16:34:56.886994+00:00,1,0,6,48.0,36.0,35.0,57.0,48.666666666666664,39.75,30.416666666666668,16.825,121.68333333333334,77.96249999999999,28.0,88.0,87.0,79.0
2026-06-01 02:00:00,27.1,31,1014.8,7.5,339,0.0,32.4,124.8,106.0,0.0,0.3,46.0,65,Umerkot,2026-07-23 16:34:56.886994+00:00,2,0,6,51.0,37.0,33.0,59.333333333333336,51.0,41.083333333333336,31.049999999999997,18.041666666666668,121.36666666666667,82.70416666666667,32.0,87.0,87.0,79.0
2026-06-01 03:00:00,25.8,34,1014.3,8.0,320,0.0,32.6,128.1,105.0,0.0,0.3,46.0,67,Umerkot,2026-07-23 16:34:56.886994+00:00,3,0,6,54.0,38.0,31.0,61.5,53.416666666666664,42.583333333333336,31.7,19.2625,123.08333333333333,87.56666666666666,36.0,86.0,86.0,79.0
2026-06-01 04:00:00,24.9,36,1014.3,6.4,317,0.0,32.5,129.0,105.0,0.0,0.3,47.0,69,Umerkot,2026-07-23 16:34:56.886994+00:00,4,0,6,56.0,38.0,30.0,63.666666666666664,56.0,44.208333333333336,32.06666666666666,20.470833333333335,123.93333333333334,92.40833333333335,39.0,85.0,86.0,80.0
2026-06-01 05:00:00,24.3,38,1014.3,5.2,356,0.0,31.7,120.6,106.0,0.0,0.3,49.0,72,Umerkot,2026-07-23 16:34:56.886994+00:00,5,0,6,58.0,38.0,29.0,66.0,58.833333333333336,46.0,32.1,21.625,122.68333333333334,96.72916666666667,43.0,85.0,86.0,79.0
2026-06-01 06:00:00,24.0,39,1014.4,4.4,12,0.0,32.1,127.1,107.0,0.0,0.3,51.0,74,Umerkot,2026-07-23 16:34:56.886994+00:00,6,0,6,60.0,43.0,28.0,68.33333333333333,61.416666666666664,47.916666666666664,32.199999999999996,22.724999999999998,124.88333333333334,100.77499999999999,46.0,84.0,86.0,79.0
2026-06-01 07:00:00,23.9,40,1014.8,1.9,68,0.0,31.9,136.4,108.0,0.0,0.3,55.0,76,Umerkot,2026-07-23 16:34:56.886994+00:00,7,0,6,63.0,48.0,28.0,70.5,63.75,49.916666666666664,32.2,23.608333333333334,127.66666666666667,103.72083333333332,48.0,83.0,86.0,78.0
2026-06-01 08:00:00,25.7,34,1015.3,2.0,297,0.0,32.9,154.6,109.0,0.0,0.2,60.0,78,Umerkot,2026-07-23 16:34:56.886994+00:00,8,0,6,65.0,51.0,28.0,72.66666666666667,66.0,52.0,32.28333333333333,24.541666666666668,132.63333333333335,107.62083333333332,50.0,82.0,86.0,77.0
2026-06-01 09:00:00,28.0,30,1016.1,2.6,326,0.0,34.9,170.4,109.0,0.0,0.2,63.0,79,Umerkot,2026-07-23 16:34:56.886994+00:00,9,0,6,67.0,54.0,29.0,74.66666666666667,68.08333333333333,54.083333333333336,32.666666666666664,25.5625,139.68333333333334,112.35416666666667,50.0,82.0,85.0,76.0
2026-06-01 10:00:00,30.0,26,1016.6,6.8,342,0.0,36.9,183.0,109.0,0.0,0.2,64.0,81,Umerkot,2026-07-23 16:34:56.886994+00:00,10,0,6,69.0,56.0,31.0,76.66666666666667,70.16666666666667,56.166666666666664,33.4,26.59166666666667,148.68333333333334,117.28333333333332,50.0,82.0,84.0,75.0
2026-06-01 11:00:00,31.5,23,1016.9,4.6,347,0.0,37.8,185.8,108.0,0.0,0.1,64.0,83,Umerkot,2026-07-23 16:34:56.886994+00:00,11,0,6,72.0,58.0,33.0,78.5,72.25,58.25,34.416666666666664,27.558333333333334,159.54999999999998,121.8125,50.0,83.0,82.0,74.0
2026-06-01 12:00:00,32.8,21,1016.9,4.3,298,0.0,31.4,149.5,107.0,0.0,0.1,66.0,85,Umerkot,2026-07-23 16:34:56.886994+00:00,12,0,6,74.0,60.0,34.0,80.33333333333333,74.33333333333333,60.375,34.3,28.45,163.28333333333333,125.79166666666667,51.0,83.0,81.0,72.0
2026-06-01 13:00:00,34.1,20,1016.4,7.6,301,0.0,29.8,140.2,107.0,0.0,0.1,66.0,87,Umerkot,2026-07-23 16:34:56.886994+00:00,13,0,6,76.0,63.0,36.0,82.16666666666667,76.33333333333333,62.5,33.949999999999996,29.17083333333333,163.91666666666666,128.8375,51.0,84.0,81.0,70.0
2026-06-01 14:00:00,34.8,19,1016.0,12.2,311,0.0,28.6,132.2,108.0,0.0,0.1,66.0,88,Umerkot,2026-07-23 16:34:56.886994+00:00,14,0,6,78.0,65.0,37.0,83.83333333333333,78.25,64.625,33.233333333333334,29.770833333333332,160.18333333333337,131.23333333333335,51.0,84.0,81.0,67.0
2026-06-01 15:00:00,35.1,18,1015.2,7.7,329,0.0,27.5,125.7,108.0,0.0,0.1,66.0,89,Umerkot,2026-07-23 16:34:56.886994+00:00,15,0,6,79.0,67.0,38.0,85.5,80.08333333333333,66.75,32.0,30.274999999999995,152.73333333333332,133.13333333333333,51.0,84.0,81.0,65.0
2026-06-01 16:00:00,35.5,17,1014.8,6.6,325,0.0,26.5,119.7,108.0,0.0,0.1,65.0,90,Umerkot,2026-07-23 16:34:56.886994+00:00,16,0,6,81.0,69.0,38.0,87.0,81.83333333333333,68.91666666666667,30.266666666666666,30.645833333333332,142.18333333333337,134.32916666666665,52.0,85.0,82.0,63.0
2026-06-01 17:00:00,35.6,17,1014.3,5.0,322,0.0,25.7,113.9,107.0,0.0,0.2,64.0,91,Umerkot,2026-07-23 16:34:56.886994+00:00,17,0,6,83.0,72.0,38.0,88.33333333333333,83.41666666666667,71.125,28.25,30.84166666666667,130.20000000000002,134.5625,53.0,85.0,82.0,61.0
2026-06-01 18:00:00,35.6,17,1013.5,8.4,349,0.0,24.9,105.2,107.0,0.0,0.2,62.0,91,Umerkot,2026-07-23 16:34:56.886994+00:00,18,0,6,85.0,74.0,43.0,89.33333333333333,84.83333333333333,73.125,27.166666666666668,30.849999999999998,122.81666666666668,133.76666666666668,48.0,86.0,81.0,59.0
2026-06-01 19:00:00,35.0,18,1013.7,13.8,344,0.0,24.2,94.5,106.0,0.0,0.2,57.0,91,Umerkot,2026-07-23 16:34:56.886994+00:00,19,0,6,87.0,76.0,48.0,90.0,86.08333333333333,74.91666666666667,26.233333333333334,30.700000000000003,115.2,132.11666666666667,43.0,86.0,81.0,58.0
2026-06-01 20:00:00,34.4,18,1013.9,11.2,303,0.0,23.3,83.4,106.0,0.0,0.2,52.0,91,Umerkot,2026-07-23 16:34:56.886994+00:00,20,0,6,88.0,78.0,51.0,90.5,87.16666666666667,76.58333333333333,25.349999999999998,30.479166666666668,107.06666666666668,130.3125,40.0,86.0,81.0,56.0
2026-06-01 21:00:00,34.0,19,1013.9,5.2,354,0.0,22.6,77.1,105.0,0.0,0.2,47.0,91,Umerkot,2026-07-23 16:34:56.886994+00:00,21,0,6,89.0,79.0,54.0,90.83333333333333,88.16666666666667,78.125,24.53333333333333,30.224999999999998,98.96666666666668,128.61666666666667,37.0,87.0,80.0,55.0
2026-06-01 22:00:00,33.1,20,1014.6,8.5,55,0.0,22.1,76.1,104.0,0.0,0.2,45.0,90,Umerkot,2026-07-23 16:34:56.886994+00:00,22,0,6,90.0,81.0,56.0,90.83333333333333,88.91666666666667,79.54166666666667,23.8,29.883333333333336,91.7,126.625,34.0,87.0,80.0,54.0
2026-06-01 23:00:00,31.9,22,1015.2,7.1,74,0.0,22.0,78.2,104.0,0.1,0.1,44.0,89,Umerkot,2026-07-23 16:34:56.886994+00:00,23,0,6,91.0,83.0,58.0,90.5,89.41666666666667,80.83333333333333,23.183333333333334,29.4875,85.75,124.54583333333333,31.0,87.0,80.0,53.0
2026-06-02 00:00:00,30.8,25,1015.6,4.5,43,0.0,21.8,77.8,103.0,0.0,0.1,42.0,89,Umerkot,2026-07-23 16:34:56.886994+00:00,0,1,6,91.0,85.0,60.0,90.16666666666667,89.75,82.04166666666667,22.666666666666668,29.083333333333332,81.18333333333335,123.04166666666667,29.0,87.0,79.0,51.0
2026-06-02 01:00:00,29.4,27,1016.0,8.3,48,0.0,21.7,78.7,103.0,0.0,0.1,40.0,88,Umerkot,2026-07-23 16:34:56.886994+00:00,1,1,6,91.0,87.0,63.0,89.66666666666667,89.83333333333333,83.08333333333333,22.25,28.658333333333335,78.55000000000001,121.33333333333333,25.0,87.0,79.0,50.0
2026-06-02 02:00:00,28.5,28,1015.6,8.8,94,0.0,21.7,80.1,102.0,0.1,0.1,38.0,87,Umerkot,2026-07-23 16:34:56.886994+00:00,2,1,6,91.0,88.0,65.0,89.0,89.75,84.0,21.983333333333334,28.212500000000002,78.0,119.47083333333332,22.0,87.0,79.0,48.0
2026-06-02 03:00:00,28.7,31,1015.4,5.1,356,0.0,21.7,80.6,102.0,0.1,0.1,37.0,86,Umerkot,2026-07-23 16:34:56.886994+00:00,3,1,6,91.0,89.0,67.0,88.16666666666667,89.5,84.79166666666667,21.833333333333332,27.758333333333336,78.58333333333334,117.49166666666667,19.0,86.0,79.0,45.0
2026-06-02 04:00:00,27.9,33,1015.4,4.7,18,0.0,21.2,76.1,102.0,0.1,0.1,37.0,85,Umerkot,2026-07-23 16:34:56.886994+00:00,4,1,6,90.0,90.0,69.0,87.33333333333333,89.08333333333333,85.45833333333333,21.683333333333334,27.287499999999998,78.58333333333333,115.28750000000001,16.0,86.0,80.0,42.0
2026-06-02 05:00:00,27.1,35,1015.6,4.7,353,0.0,20.4,66.8,102.0,0.0,0.1,38.0,85,Umerkot,2026-07-23 16:34:56.886994+00:00,5,1,6,89.0,91.0,72.0,86.66666666666667,88.58333333333333,86.0,21.416666666666668,26.816666666666666,76.68333333333334,113.04583333333333,13.0,86.0,79.0,40.0
2026-06-02 06:00:00,26.8,36,1015.5,3.2,308,0.0,22.6,84.8,103.0,0.0,0.1,41.0,84,Umerkot,2026-07-23 16:34:56.886994+00:00,6,1,6,89.0,91.0,74.0,85.83333333333333,88.0,86.41666666666667,21.549999999999997,26.42083333333333,77.85000000000001,111.28333333333335,10.0,86.0,79.0,39.0
2026-06-02 07:00:00,26.1,38,1016.2,3.3,202,0.0,24.7,105.7,104.0,0.0,0.1,47.0,83,Umerkot,2026-07-23 16:34:56.886994+00:00,7,1,6,88.0,91.0,76.0,85.0,87.33333333333333,86.70833333333333,22.05,26.120833333333334,82.35000000000001,110.00416666666666,7.0,86.0,78.0,38.0
2026-06-02 08:00:00,27.7,33,1016.4,5.2,207,0.0,31.8,155.1,105.0,0.0,0.1,54.0,82,Umerkot,2026-07-23 16:34:56.886994+00:00,8,1,6,87.0,91.0,78.0,84.16666666666667,86.58333333333333,86.875,23.733333333333334,26.075,94.85000000000001,110.02500000000002,4.0,86.0,77.0,40.0
2026-06-02 09:00:00,30.5,28,1016.3,2.3,225,0.0,37.3,185.8,106.0,0.0,0.1,59.0,82,Umerkot,2026-07-23 16:34:56.886994+00:00,9,1,6,86.0,91.0,79.0,83.5,85.83333333333333,87.0,26.333333333333332,26.175,112.38333333333334,110.66666666666667,3.0,85.0,76.0,41.0
2026-06-02 10:00:00,33.0,22,1016.6,2.8,35,0.0,41.7,206.8,106.0,0.0,0.1,60.0,82,Umerkot,2026-07-23 16:34:56.886994+00:00,10,1,6,85.0,90.0,81.0,83.0,85.16666666666667,87.04166666666667,29.75,26.375,134.16666666666666,111.65833333333335,1.0,84.0,75.0,41.0
2026-06-02 11:00:00,34.6,19,1016.8,3.1,13,0.0,45.1,221.7,105.0,0.0,0.1,59.0,83,Umerkot,2026-07-23 16:34:56.886994+00:00,11,1,6,85.0,89.0,83.0,82.66666666666667,84.66666666666667,87.04166666666667,33.86666666666667,26.679166666666664,159.98333333333335,113.15416666666665,0.0,82.0,74.0,41.0
2026-06-02 12:00:00,35.7,18,1016.5,1.5,234,0.0,35.6,174.2,105.0,0.0,0.1,58.0,83,Umerkot,2026-07-23 16:34:56.886994+00:00,12,1,6,84.0,89.0,85.0,82.5,84.16666666666667,86.95833333333333,36.03333333333334,26.854166666666668,174.88333333333335,114.18333333333332,-2.0,81.0,72.0,42.0
2026-06-02 13:00:00,36.7,16,1016.0,5.0,251,0.0,34.5,163.4,105.0,0.0,0.1,58.0,84,Umerkot,2026-07-23 16:34:56.886994+00:00,13,1,6,83.0,88.0,87.0,82.66666666666667,83.83333333333333,86.83333333333333,37.666666666666664,27.05,184.5,115.14999999999999,-3.0,81.0,70.0,41.0
2026-06-02 14:00:00,37.3,16,1015.3,6.9,279,0.0,33.5,156.0,105.0,0.0,0.1,58.0,84,Umerkot,2026-07-23 16:34:56.886994+00:00,14,1,6,82.0,87.0,88.0,83.0,83.58333333333333,86.66666666666667,37.95,27.254166666666666,184.65,116.14166666666665,-4.0,81.0,67.0,40.0
2026-06-02 15:00:00,37.9,15,1015.0,9.2,310,0.0,32.4,147.6,105.0,0.0,0.1,58.0,84,Umerkot,2026-07-23 16:34:56.886994+00:00,15,1,6,82.0,86.0,89.0,83.33333333333333,83.41666666666667,86.45833333333333,37.13333333333333,27.458333333333332,178.28333333333333,117.05416666666667,-5.0,81.0,65.0,39.0
2026-06-02 16:00:00,38.3,14,1014.5,11.6,314,0.0,31.1,138.8,105.0,0.0,0.1,58.0,85,Umerkot,2026-07-23 16:34:56.886994+00:00,16,1,6,82.0,85.0,90.0,83.83333333333333,83.41666666666667,86.25,35.36666666666667,27.650000000000002,166.95000000000002,117.85000000000001,-5.0,82.0,63.0,40.0
2026-06-02 17:00:00,37.9,14,1014.1,14.1,309,0.0,30.2,131.3,104.0,0.0,0.1,57.0,85,Umerkot,2026-07-23 16:34:56.886994+00:00,17,1,6,83.0,85.0,91.0,84.16666666666667,83.41666666666667,86.0,32.88333333333333,27.837500000000002,151.88333333333333,118.575,-6.0,82.0,61.0,40.0
2026-06-02 18:00:00,37.8,14,1013.3,17.7,311,0.0,29.3,120.6,104.0,0.0,0.1,56.0,86,Umerkot,2026-07-23 16:34:56.886994+00:00,18,1,6,83.0,84.0,91.0,84.66666666666667,83.58333333333333,85.79166666666667,31.833333333333332,28.020833333333332,142.95000000000002,119.21666666666665,-5.0,81.0,59.0,39.0
2026-06-02 19:00:00,37.0,14,1013.4,15.9,332,0.0,28.4,108.7,104.0,0.0,0.1,53.0,86,Umerkot,2026-07-23 16:34:56.886994+00:00,19,1,6,84.0,83.0,91.0,85.0,83.83333333333333,85.58333333333333,30.816666666666666,28.19583333333333,133.83333333333334,119.80833333333332,-5.0,81.0,58.0,39.0
2026-06-02 20:00:00,36.7,14,1013.6,12.4,324,0.0,27.4,96.9,103.0,0.0,0.1,49.0,86,Umerkot,2026-07-23 16:34:56.886994+00:00,20,1,6,84.0,82.0,91.0,85.33333333333333,84.16666666666667,85.375,29.8,28.366666666666664,123.98333333333335,120.37083333333334,-5.0,81.0,56.0,39.0
2026-06-02 21:00:00,36.4,15,1013.4,11.5,325,0.0,25.4,81.0,103.0,0.0,0.1,46.0,87,Umerkot,2026-07-23 16:34:56.886994+00:00,21,1,6,84.0,82.0,91.0,85.83333333333333,84.58333333333333,85.20833333333333,28.63333333333333,28.483333333333334,112.88333333333334,120.53333333333332,-4.0,80.0,55.0,38.0
2026-06-02 22:00:00,35.2,17,1013.9,20.8,338,0.0,23.5,70.1,103.0,0.0,0.1,45.0,87,Umerkot,2026-07-23 16:34:56.886994+00:00,22,1,6,85.0,82.0,90.0,86.16666666666667,85.0,85.08333333333333,27.366666666666664,28.541666666666668,101.43333333333334,120.28333333333332,-3.0,80.0,54.0,38.0
2026-06-02 23:00:00,33.0,22,1015.3,26.4,325,0.1,21.7,61.7,104.0,0.1,0.1,44.0,87,Umerkot,2026-07-23 16:34:56.886994+00:00,23,1,6,85.0,83.0,89.0,86.5,85.33333333333333,85.0,25.950000000000003,28.529166666666665,89.83333333333333,119.59583333333335,-2.0,80.0,53.0,37.0
2026-06-03 00:00:00,32.5,24,1015.6,25.2,328,0.0,22.0,65.9,104.0,0.1,0.1,44.0,87,Umerkot,2026-07-23 16:34:56.886994+00:00,0,2,6,86.0,83.0,89.0,86.66666666666667,85.66666666666667,84.91666666666667,24.733333333333334,28.537499999999998,80.71666666666668,119.10000000000001,-2.0,79.0,51.0,37.0
2026-06-03 01:00:00,31.2,28,1015.4,16.8,334,0.0,19.4,55.3,104.0,0.1,0.1,43.0,87,Umerkot,2026-07-23 16:34:56.886994+00:00,1,2,6,86.0,84.0,88.0,86.83333333333333,85.91666666666667,84.875,23.23333333333333,28.441666666666663,71.81666666666668,118.125,-1.0,79.0,50.0,37.0
2026-06-03 02:00:00,29.7,31,1014.9,7.6,14,0.0,17.9,48.7,104.0,0.0,0.1,41.0,87,Umerkot,2026-07-23 16:34:56.886994+00:00,2,2,6,86.0,84.0,87.0,87.0,86.16666666666667,84.875,21.650000000000002,28.283333333333335,63.78333333333334,116.81666666666668,0.0,79.0,48.0,37.0
2026-06-03 03:00:00,27.5,40,1015.0,12.1,337,0.0,17.4,43.5,104.0,0.0,0.2,43.0,86,Umerkot,2026-07-23 16:34:56.886994+00:00,3,2,6,87.0,84.0,86.0,86.83333333333333,86.33333333333333,84.875,20.316666666666666,28.104166666666668,57.53333333333334,115.27083333333333,0.0,79.0,45.0,36.0
2026-06-03 04:00:00,27.2,36,1014.9,20.0,357,0.0,19.2,46.3,105.0,0.0,0.4,51.0,86,Umerkot,2026-07-23 16:34:56.886994+00:00,4,2,6,87.0,85.0,85.0,86.66666666666667,86.41666666666667,84.91666666666667,19.599999999999998,28.020833333333332,53.56666666666667,114.02916666666665,1.0,80.0,42.0,36.0
2026-06-03 05:00:00,26.8,36,1015.2,19.9,12,0.0,21.9,61.2,106.0,0.0,0.7,63.0,86,Umerkot,2026-07-23 16:34:56.886994+00:00,5,2,6,87.0,85.0,85.0,86.5,86.5,84.95833333333333,19.633333333333333,28.083333333333332,53.48333333333335,113.79583333333335,1.0,79.0,40.0,35.0
2026-06-03 06:00:00,26.4,35,1015.8,9.4,7,0.0,21.5,65.7,106.0,0.0,0.8,72.0,86,Umerkot,2026-07-23 16:34:56.886994+00:00,6,2,6,87.0,86.0,84.0,86.33333333333333,86.5,85.04166666666667,19.55,28.037500000000005,53.45000000000001,113.0,2.0,79.0,39.0,34.0
2026-06-03 07:00:00,25.8,38,1016.3,10.6,326,0.0,22.2,77.8,106.0,0.0,0.7,77.0,86,Umerkot,2026-07-23 16:34:56.886994+00:00,7,2,6,87.0,86.0,83.0,86.16666666666667,86.5,85.16666666666667,20.016666666666666,27.933333333333334,57.20000000000001,111.83750000000002,3.0,78.0,38.0,33.0
2026-06-03 08:00:00,26.5,39,1017.5,17.0,339,0.0,21.5,93.4,105.0,0.1,0.4,81.0,86,Umerkot,2026-07-23 16:34:56.886994+00:00,8,2,6,87.0,86.0,82.0,86.0,86.5,85.33333333333333,20.616666666666667,27.504166666666666,64.65000000000002,109.26666666666665,4.0,77.0,40.0,32.0
2026-06-03 09:00:00,27.9,27,1018.3,24.7,350,0.0,21.0,95.0,104.0,0.1,0.2,81.0,85,Umerkot,2026-07-23 16:34:56.886994+00:00,9,2,6,86.0,87.0,82.0,85.83333333333333,86.33333333333333,85.45833333333333,21.216666666666665,26.825,73.23333333333335,105.48333333333333,3.0,76.0,41.0,33.0
2026-06-03 10:00:00,29.8,26,1018.0,30.1,349,0.0,23.0,104.5,104.0,0.1,0.2,77.0,84,Umerkot,2026-07-23 16:34:56.886994+00:00,10,2,6,86.0,87.0,82.0,85.5,86.08333333333333,85.54166666666667,21.849999999999998,26.04583333333333,82.93333333333334,101.22083333333332,2.0,75.0,41.0,35.0
2026-06-03 11:00:00,30.9,24,1018.0,34.9,338,0.0,27.5,124.8,105.0,0.0,0.2,70.0,82,Umerkot,2026-07-23 16:34:56.886994+00:00,11,2,6,86.0,87.0,83.0,84.83333333333333,85.66666666666667,85.5,22.78333333333333,25.3125,93.53333333333335,97.18333333333334,-1.0,74.0,41.0,37.0
2026-06-03 12:00:00,30.9,25,1018.2,34.3,343,0.0,37.5,166.2,105.0,0.0,0.1,63.0,81,Umerkot,2026-07-23 16:34:56.886994+00:00,12,2,6,86.0,87.0,83.0,84.0,85.16666666666667,85.41666666666667,25.45,25.391666666666666,110.28333333333335,96.84999999999998,-2.0,72.0,42.0,39.0
2026-06-03 13:00:00,29.7,29,1018.1,26.9,340,0.0,38.3,169.0,105.0,0.0,0.1,62.0,81,Umerkot,2026-07-23 16:34:56.886994+00:00,13,2,6,86.0,87.0,84.0,83.16666666666667,84.66666666666667,85.29166666666667,28.133333333333336,25.55,125.48333333333335,97.08333333333333,-3.0,70.0,41.0,40.0
2026-06-03 14:00:00,30.6,28,1017.2,18.6,354,0.0,36.9,161.6,105.0,0.0,0.1,60.0,81,Umerkot,2026-07-23 16:34:56.886994+00:00,14,2,6,86.0,87.0,84.0,82.33333333333333,84.16666666666667,85.16666666666667,30.700000000000003,25.691666666666666,136.85,97.31666666666668,-3.0,67.0,40.0,42.0
2026-06-03 15:00:00,32.2,24,1016.7,14.1,350,0.0,33.8,146.7,105.0,0.0,0.1,58.0,81,Umerkot,2026-07-23 16:34:56.886994+00:00,15,2,6,85.0,86.0,84.0,81.66666666666667,83.75,85.04166666666667,32.833333333333336,25.75,145.46666666666667,97.27916666666665,-3.0,65.0,39.0,44.0
2026-06-03 16:00:00,34.0,21,1015.5,11.6,345,0.0,31.1,134.1,105.0,0.0,0.1,55.0,82,Umerkot,2026-07-23 16:34:56.886994+00:00,16,2,6,84.0,86.0,85.0,81.33333333333333,83.41666666666667,84.91666666666667,34.18333333333334,25.75,150.4,97.08333333333333,-3.0,63.0,40.0,45.0
2026-06-03 17:00:00,34.5,22,1015.3,13.5,314,0.0,28.5,119.0,104.0,0.0,0.1,51.0,82,Umerkot,2026-07-23 16:34:56.886994+00:00,17,2,6,82.0,86.0,85.0,81.33333333333333,83.08333333333333,84.79166666666667,34.35,25.679166666666664,149.43333333333334,96.57083333333333,-3.0,61.0,40.0,45.0
2026-06-03 18:00:00,34.1,22,1014.6,11.1,301,0.0,25.4,92.9,104.0,0.0,0.1,48.0,81,Umerkot,2026-07-23 16:34:56.886994+00:00,18,2,6,81.0,86.0,86.0,81.33333333333333,82.66666666666667,84.58333333333333,32.333333333333336,25.516666666666666,137.21666666666667,95.41666666666667,-5.0,59.0,39.0,45.0
2026-06-03 19:00:00,33.9,22,1014.4,10.3,305,0.0,23.3,78.7,103.0,0.0,0.1,47.0,81,Umerkot,2026-07-23 16:34:56.886994+00:00,19,2,6,81.0,86.0,86.0,81.33333333333333,82.25,84.375,29.833333333333332,25.30416666666667,122.16666666666667,94.16666666666667,-5.0,58.0,39.0,44.0
2026-06-03 20:00:00,33.1,23,1014.4,12.9,306,0.0,21.6,68.5,103.0,0.0,0.2,48.0,81,Umerkot,2026-07-23 16:34:56.886994+00:00,20,2,6,81.0,86.0,86.0,81.33333333333333,81.83333333333333,84.16666666666667,27.28333333333333,25.0625,106.65000000000002,92.98333333333333,-5.0,56.0,39.0,43.0
2026-06-03 21:00:00,32.8,25,1014.5,12.0,332,0.0,20.6,62.2,102.0,0.0,0.2,49.0,80,Umerkot,2026-07-23 16:34:56.886994+00:00,21,2,6,81.0,85.0,87.0,81.16666666666667,81.41666666666667,83.875,25.083333333333332,24.862499999999997,92.56666666666668,92.2,-7.0,55.0,38.0,42.0
2026-06-03 22:00:00,31.5,28,1015.0,14.3,346,0.0,20.0,58.7,102.0,0.0,0.3,50.0,80,Umerkot,2026-07-23 16:34:56.886994+00:00,22,2,6,82.0,84.0,87.0,80.83333333333333,81.08333333333333,83.58333333333333,23.233333333333334,24.716666666666665,80.00000000000001,91.72500000000001,-7.0,54.0,38.0,41.0
2026-06-03 23:00:00,30.4,26,1015.5,17.7,27,0.0,19.5,57.3,102.0,0.0,0.3,51.0,80,Umerkot,2026-07-23 16:34:56.886994+00:00,23,2,6,82.0,82.0,87.0,80.5,80.91666666666667,83.29166666666667,21.733333333333334,24.625,69.71666666666668,91.54166666666667,-7.0,53.0,37.0,39.0
2026-06-04 00:00:00,29.5,26,1015.5,13.4,51,0.0,19.8,60.1,102.0,0.0,0.4,52.0,79,Umerkot,2026-07-23 16:34:56.886994+00:00,0,3,6,81.0,81.0,87.0,80.16666666666667,80.75,82.95833333333333,20.8,24.533333333333335,64.25000000000001,91.3,-8.0,51.0,37.0,38.0
2026-06-04 01:00:00,28.5,27,1015.0,11.3,65,0.0,19.8,61.7,102.0,0.0,0.4,51.0,79,Umerkot,2026-07-23 16:34:56.886994+00:00,1,3,6,81.0,81.0,87.0,79.83333333333333,80.58333333333333,82.625,20.216666666666665,24.55,61.41666666666668,91.56666666666666,-8.0,50.0,37.0,36.0
2026-06-04 02:00:00,27.4,30,1014.8,9.7,94,0.0,19.6,60.5,101.0,0.0,0.4,50.0,79,Umerkot,2026-07-23 16:34:56.886994+00:00,2,3,6,81.0,81.0,87.0,79.5,80.41666666666667,82.29166666666667,19.883333333333336,24.620833333333334,60.08333333333334,92.05833333333332,-8.0,48.0,37.0,35.0
2026-06-04 03:00:00,26.3,32,1014.7,9.1,108,0.0,18.7,57.7,101.0,0.0,0.4,50.0,79,Umerkot,2026-07-23 16:34:56.886994+00:00,3,3,6,80.0,81.0,86.0,79.33333333333333,80.25,82.0,19.566666666666666,24.674999999999997,59.33333333333334,92.64999999999999,-7.0,45.0,36.0,36.0
2026-06-04 04:00:00,25.4,34,1014.7,9.1,98,0.0,17.2,51.9,102.0,0.0,0.5,51.0,80,Umerkot,2026-07-23 16:34:56.886994+00:00,4,3,6,80.0,82.0,86.0,79.33333333333333,80.08333333333333,81.75,19.099999999999998,24.59166666666667,58.20000000000001,92.88333333333334,-6.0,42.0,36.0,37.0
2026-06-04 05:00:00,24.5,35,1015.1,7.8,103,0.0,14.7,40.7,103.0,0.0,0.5,54.0,79,Umerkot,2026-07-23 16:34:56.886994+00:00,5,3,6,80.0,82.0,86.0,79.16666666666667,79.83333333333333,81.45833333333333,18.3,24.291666666666668,55.433333333333344,92.02916666666665,-7.0,40.0,35.0,38.0
2026-06-04 06:00:00,23.9,36,1015.2,7.9,93,0.0,12.3,34.2,104.0,0.0,0.6,60.0,79,Umerkot,2026-07-23 16:34:56.886994+00:00,6,3,6,79.0,81.0,86.0,79.16666666666667,79.66666666666667,81.16666666666667,17.05,23.90833333333333,51.116666666666674,90.71666666666665,-7.0,39.0,34.0,39.0
2026-06-04 07:00:00,24.1,35,1015.6,11.2,84,0.0,9.4,25.3,106.0,0.0,0.7,72.0,78,Umerkot,2026-07-23 16:34:56.886994+00:00,7,3,6,79.0,81.0,86.0,79.0,79.41666666666667,80.83333333333333,15.316666666666668,23.375,45.05000000000001,88.52916666666665,-8.0,38.0,33.0,40.0
2026-06-04 08:00:00,26.0,30,1016.4,9.6,70,0.0,7.6,21.1,107.0,0.0,0.7,87.0,77,Umerkot,2026-07-23 16:34:56.886994+00:00,8,3,6,79.0,81.0,86.0,78.66666666666667,79.08333333333333,80.45833333333333,13.316666666666665,22.795833333333334,38.48333333333334,85.51666666666667,-9.0,40.0,32.0,42.0
2026-06-04 09:00:00,28.1,25,1017.0,12.7,60,0.0,7.3,21.0,108.0,0.0,0.7,97.0,76,Umerkot,2026-07-23 16:34:56.886994+00:00,9,3,6,79.0,80.0,85.0,78.16666666666667,78.75,80.08333333333333,11.416666666666666,22.224999999999998,32.36666666666668,82.43333333333332,-9.0,41.0,33.0,46.0
2026-06-04 10:00:00,30.0,20,1016.9,15.6,59,0.0,8.3,27.1,107.0,0.0,0.6,98.0,75,Umerkot,2026-07-23 16:34:56.886994+00:00,10,3,6,80.0,80.0,84.0,77.33333333333333,78.33333333333333,79.70833333333333,9.933333333333332,21.6125,28.233333333333345,79.20833333333333,-9.0,41.0,35.0,48.0
2026-06-04 11:00:00,32.3,17,1016.9,16.7,68,0.0,9.0,31.7,106.0,0.0,0.5,94.0,74,Umerkot,2026-07-23 16:34:56.886994+00:00,11,3,6,79.0,80.0,82.0,76.5,77.83333333333333,79.375,8.983333333333334,20.84166666666667,26.733333333333338,75.32916666666667,-8.0,41.0,37.0,50.0
2026-06-04 12:00:00,33.8,16,1016.4,15.5,64,0.0,6.2,22.8,105.0,0.1,0.4,94.0,72,Umerkot,2026-07-23 16:34:56.886994+00:00,12,3,6,79.0,79.0,81.0,75.33333333333333,77.25,79.0,7.966666666666668,19.5375,24.833333333333343,69.35416666666667,-9.0,42.0,39.0,50.0
2026-06-04 13:00:00,34.8,16,1015.7,10.6,44,0.0,6.0,22.4,105.0,0.1,0.4,94.0,70,Umerkot,2026-07-23 16:34:56.886994+00:00,13,3,6,78.0,79.0,81.0,74.0,76.5,78.54166666666667,7.3999999999999995,18.191666666666666,24.35000000000001,63.24583333333333,-11.0,41.0,40.0,51.0
2026-06-04 14:00:00,35.7,14,1014.9,10.2,18,0.0,6.1,22.8,106.0,0.1,0.3,93.0,67,Umerkot,2026-07-23 16:34:56.886994+00:00,14,3,6,77.0,79.0,81.0,72.33333333333333,75.5,77.95833333333333,7.1499999999999995,16.90833333333333,24.633333333333344,57.462500000000006,-14.0,40.0,42.0,51.0
2026-06-04 15:00:00,35.9,13,1014.4,6.7,46,0.0,6.4,24.0,107.0,0.1,0.3,92.0,65,Umerkot,2026-07-23 16:34:56.886994+00:00,15,3,6,76.0,79.0,81.0,70.5,74.33333333333333,77.29166666666667,7.0,15.766666666666667,25.133333333333344,52.35,-16.0,39.0,44.0,51.0
2026-06-04 16:00:00,36.5,12,1013.6,8.7,32,0.0,6.5,24.4,107.0,0.1,0.3,91.0,63,Umerkot,2026-07-23 16:34:56.886994+00:00,16,3,6,75.0,80.0,82.0,68.5,72.91666666666667,76.5,6.7,14.741666666666667,24.68333333333334,47.77916666666667,-19.0,40.0,45.0,51.0
2026-06-04 17:00:00,36.6,12,1013.1,9.3,15,0.0,6.4,24.1,106.0,0.1,0.3,89.0,61,Umerkot,2026-07-23 16:34:56.886994+00:00,17,3,6,74.0,79.0,82.0,66.33333333333333,71.41666666666667,75.625,6.266666666666667,13.820833333333333,23.416666666666675,43.82500000000001,-21.0,40.0,45.0,52.0
2026-06-04 18:00:00,36.4,12,1012.6,12.0,7,0.0,6.2,21.9,106.0,0.1,0.3,86.0,59,Umerkot,2026-07-23 16:34:56.886994+00:00,18,3,6,72.0,79.0,81.0,64.16666666666667,69.75,74.70833333333333,6.266666666666667,13.020833333333334,23.266666666666676,40.86666666666667,-22.0,39.0,45.0,52.0
2026-06-04 19:00:00,35.9,12,1012.8,13.0,359,0.0,5.9,19.6,106.0,0.1,0.3,79.0,58,Umerkot,2026-07-23 16:34:56.886994+00:00,19,3,6,70.0,78.0,81.0,62.166666666666664,68.08333333333333,73.75,6.25,12.295833333333334,22.80000000000001,38.40416666666667,-23.0,39.0,44.0,52.0
2026-06-04 20:00:00,35.3,13,1013.0,11.9,6,0.0,5.6,16.5,105.0,0.1,0.3,70.0,56,Umerkot,2026-07-23 16:34:56.886994+00:00,20,3,6,67.0,77.0,81.0,60.333333333333336,66.33333333333333,72.70833333333333,6.166666666666667,11.629166666666668,21.75000000000001,36.237500000000004,-25.0,39.0,43.0,52.0
2026-06-04 21:00:00,33.9,14,1013.4,18.9,50,0.0,5.4,14.1,105.0,0.1,0.3,64.0,55,Umerkot,2026-07-23 16:34:56.886994+00:00,21,3,6,65.0,76.0,80.0,58.666666666666664,64.58333333333333,71.66666666666667,6.0,10.995833333333335,20.10000000000001,34.233333333333334,-25.0,38.0,42.0,53.0
2026-06-04 22:00:00,33.4,14,1013.9,18.6,49,0.0,5.0,11.7,106.0,0.1,0.3,62.0,54,Umerkot,2026-07-23 16:34:56.886994+00:00,22,3,6,63.0,75.0,80.0,57.166666666666664,62.833333333333336,70.58333333333333,5.75,10.370833333333334,17.98333333333334,32.275,-26.0,38.0,41.0,53.0
2026-06-04 23:00:00,32.1,16,1014.4,16.3,32,0.0,4.9,12.0,107.0,0.0,0.4,62.0,53,Umerkot,2026-07-23 16:34:56.886994+00:00,23,3,6,61.0,74.0,80.0,55.833333333333336,61.083333333333336,69.45833333333333,5.5,9.762500000000001,15.966666666666676,30.387500000000003,-27.0,37.0,39.0,53.0
2026-06-05 00:00:00,30.8,18,1014.6,12.8,64,0.0,5.7,16.1,107.0,0.0,0.4,63.0,51,Umerkot,2026-07-23 16:34:56.886994+00:00,0,4,6,59.0,72.0,79.0,54.5,59.333333333333336,68.29166666666667,5.416666666666667,9.174999999999999,15.000000000000009,28.554166666666664,-28.0,37.0,38.0,53.0
2026-06-05 01:00:00,29.7,19,1014.1,13.6,98,0.0,6.0,16.6,107.0,0.0,0.4,61.0,50,Umerkot,2026-07-23 16:34:56.886994+00:00,1,4,6,58.0,70.0,79.0,53.166666666666664,57.666666666666664,67.08333333333333,5.433333333333334,8.6,14.500000000000009,26.675,-29.0,37.0,36.0,53.0
2026-06-05 02:00:00,28.6,20,1013.7,13.8,97,0.0,6.4,17.8,106.0,0.0,0.5,58.0,48,Umerkot,2026-07-23 16:34:56.886994+00:00,2,4,6,56.0,67.0,79.0,51.833333333333336,56.083333333333336,65.79166666666667,5.566666666666666,8.05,14.716666666666676,24.89583333333334,-31.0,37.0,35.0,53.0
2026-06-05 03:00:00,27.3,23,1013.3,13.1,89,0.0,7.0,20.8,105.0,0.0,0.5,56.0,45,Umerkot,2026-07-23 16:34:56.886994+00:00,3,4,6,55.0,65.0,79.0,50.166666666666664,54.416666666666664,64.375,5.833333333333333,7.5625,15.833333333333343,23.358333333333334,-34.0,36.0,36.0,53.0
2026-06-05 04:00:00,26.3,24,1013.8,13.7,81,0.0,7.9,25.5,105.0,0.0,0.5,56.0,42,Umerkot,2026-07-23 16:34:56.886994+00:00,4,4,6,54.0,63.0,80.0,48.166666666666664,52.666666666666664,62.791666666666664,6.316666666666667,7.175000000000001,18.133333333333344,22.258333333333336,-38.0,36.0,37.0,53.0
2026-06-05 05:00:00,25.4,25,1014.3,13.7,85,0.0,9.0,30.2,105.0,0.1,0.6,56.0,40,Umerkot,2026-07-23 16:34:56.886994+00:00,5,4,6,53.0,61.0,79.0,46.0,50.916666666666664,61.166666666666664,7.0,6.9375,21.166666666666675,21.820833333333336,-39.0,35.0,38.0,53.0
2026-06-05 06:00:00,24.5,27,1014.7,12.8,112,0.0,11.6,48.4,106.0,0.1,0.6,60.0,39,Umerkot,2026-07-23 16:34:56.886994+00:00,6,4,6,51.0,59.0,79.0,44.0,49.25,59.5,7.983333333333333,6.908333333333334,26.55000000000001,22.412499999999998,-40.0,34.0,39.0,55.0
2026-06-05 07:00:00,24.0,27,1015.4,12.1,136,0.0,14.4,66.6,107.0,0.1,0.6,69.0,38,Umerkot,2026-07-23 16:34:56.886994+00:00,7,4,6,50.0,58.0,78.0,42.0,47.583333333333336,57.833333333333336,9.383333333333333,7.116666666666667,34.88333333333334,24.133333333333336,-40.0,33.0,40.0,57.0
2026-06-05 08:00:00,26.3,24,1015.8,12.8,141,0.0,12.5,54.1,108.0,0.0,0.6,80.0,40,Umerkot,2026-07-23 16:34:56.886994+00:00,8,4,6,48.0,56.0,77.0,40.666666666666664,46.25,56.291666666666664,10.4,7.320833333333334,40.933333333333344,25.508333333333336,-37.0,32.0,42.0,59.0
2026-06-05 09:00:00,29.3,20,1016.0,14.0,136,0.0,9.6,39.1,108.0,0.0,0.6,88.0,41,Umerkot,2026-07-23 16:34:56.886994+00:00,9,4,6,45.0,55.0,76.0,40.0,45.083333333333336,54.833333333333336,10.833333333333334,7.416666666666667,43.98333333333334,26.262500000000003,-35.0,33.0,46.0,60.0
2026-06-05 10:00:00,31.7,18,1015.7,17.2,124,0.0,9.0,36.1,108.0,0.0,0.5,89.0,41,Umerkot,2026-07-23 16:34:56.886994+00:00,10,4,6,42.0,54.0,75.0,39.833333333333336,44.0,53.416666666666664,11.016666666666666,7.445833333333334,45.75000000000001,26.6375,-34.0,35.0,48.0,62.0
2026-06-05 11:00:00,33.8,16,1015.4,17.7,121,0.0,9.7,39.6,107.0,0.0,0.5,86.0,41,Umerkot,2026-07-23 16:34:56.886994+00:00,11,4,6,40.0,53.0,74.0,40.0,43.0,52.041666666666664,11.133333333333333,7.4750000000000005,47.316666666666684,26.966666666666665,-33.0,37.0,50.0,64.0
2026-06-05 12:00:00,35.3,14,1015.1,12.3,121,0.0,2.8,12.7,107.0,0.0,0.4,85.0,42,Umerkot,2026-07-23 16:34:56.886994+00:00,12,4,6,39.0,51.0,72.0,40.5,42.25,50.791666666666664,9.666666666666666,7.333333333333333,41.366666666666674,26.545833333333334,-30.0,39.0,50.0,66.0
2026-06-05 13:00:00,36.3,13,1014.5,4.7,88,0.0,2.9,13.2,107.0,0.0,0.4,85.0,41,Umerkot,2026-07-23 16:34:56.886994+00:00,13,4,6,38.0,50.0,70.0,41.0,41.5,49.583333333333336,7.749999999999999,7.204166666666667,32.466666666666676,26.162499999999998,-29.0,40.0,51.0,67.0
2026-06-05 14:00:00,37.2,13,1013.9,6.7,9,0.0,3.2,14.3,107.0,0.1,0.4,85.0,40,Umerkot,2026-07-23 16:34:56.886994+00:00,14,4,6,40.0,48.0,67.0,41.0,40.833333333333336,48.458333333333336,6.2,7.083333333333333,25.833333333333343,25.808333333333334,-27.0,42.0,51.0,69.0
2026-06-05 15:00:00,37.6,12,1013.1,11.7,21,0.0,3.6,15.7,107.0,0.1,0.4,85.0,39,Umerkot,2026-07-23 16:34:56.886994+00:00,15,4,6,41.0,45.0,65.0,40.666666666666664,40.333333333333336,47.375,5.2,6.966666666666666,21.93333333333334,25.462499999999995,-26.0,44.0,51.0,71.0
2026-06-05 16:00:00,37.9,12,1012.7,13.1,13,0.0,4.0,17.3,107.0,0.1,0.5,84.0,40,Umerkot,2026-07-23 16:34:56.886994+00:00,16,4,6,41.0,42.0,63.0,40.5,40.166666666666664,46.416666666666664,4.366666666666667,6.8625,18.80000000000001,25.166666666666668,-23.0,45.0,51.0,74.0
2026-06-05 17:00:00,37.8,12,1012.6,15.2,14,0.0,4.5,19.0,107.0,0.1,0.5,82.0,40,Umerkot,2026-07-23 16:34:56.886994+00:00,17,4,6,41.0,40.0,61.0,40.333333333333336,40.166666666666664,45.541666666666664,3.5,6.783333333333332,15.366666666666676,24.954166666666666,-21.0,45.0,52.0,77.0
2026-06-05 18:00:00,37.3,12,1012.3,21.2,22,0.0,5.1,19.7,107.0,0.1,0.6,81.0,39,Umerkot,2026-07-23 16:34:56.886994+00:00,18,4,6,42.0,39.0,59.0,39.833333333333336,40.166666666666664,44.708333333333336,3.8833333333333333,6.7375,16.533333333333342,24.862499999999997,-20.0,45.0,52.0,81.0
2026-06-05 19:00:00,36.3,12,1012.5,24.2,21,0.0,5.8,22.4,107.0,0.1,0.7,80.0,39,Umerkot,2026-07-23 16:34:56.886994+00:00,19,4,6,41.0,38.0,58.0,39.5,40.25,43.916666666666664,4.366666666666666,6.733333333333333,18.066666666666677,24.979166666666668,-19.0,44.0,52.0,85.0
2026-06-05 20:00:00,35.5,13,1013.3,18.4,18,0.0,5.7,21.7,107.0,0.1,0.7,79.0,39,Umerkot,2026-07-23 16:34:56.886994+00:00,20,4,6,40.0,40.0,56.0,39.333333333333336,40.166666666666664,43.208333333333336,4.783333333333333,6.7375,19.300000000000008,25.19583333333333,-17.0,43.0,52.0,89.0
2026-06-05 21:00:00,34.2,13,1013.8,19.9,38,0.0,5.3,18.0,107.0,0.1,0.8,78.0,38,Umerkot,2026-07-23 16:34:56.886994+00:00,21,4,6,39.0,41.0,55.0,39.166666666666664,39.916666666666664,42.5,5.066666666666667,6.733333333333333,19.68333333333334,25.358333333333334,-17.0,42.0,53.0,92.0
2026-06-05 22:00:00,33.3,14,1014.2,19.7,36,0.0,4.9,13.9,106.0,0.1,0.8,76.0,38,Umerkot,2026-07-23 16:34:56.886994+00:00,22,4,6,40.0,41.0,54.0,38.833333333333336,39.666666666666664,41.833333333333336,5.216666666666666,6.729166666666667,19.116666666666674,25.45,-16.0,41.0,53.0,95.0
2026-06-05 23:00:00,31.9,14,1015.0,20.2,41,0.0,4.7,11.5,105.0,0.1,0.9,73.0,37,Umerkot,2026-07-23 16:34:56.886994+00:00,23,4,6,40.0,41.0,53.0,38.333333333333336,39.333333333333336,41.166666666666664,5.25,6.720833333333332,17.866666666666674,25.429166666666664,-16.0,39.0,53.0,98.0
2026-06-06 00:00:00,30.6,14,1015.1,16.6,56,0.0,4.8,12.0,104.0,0.1,1.0,73.0,37,Umerkot,2026-07-23 16:34:56.886994+00:00,0,5,6,39.0,42.0,51.0,38.0,38.916666666666664,40.583333333333336,5.2,6.683333333333334,16.583333333333343,25.25833333333333,-14.0,38.0,53.0,100.0
2026-06-06 01:00:00,29.4,15,1015.3,16.5,70,0.0,4.7,11.2,103.0,0.1,1.0,70.0,37,Umerkot,2026-07-23 16:34:56.886994+00:00,1,5,6,39.0,41.0,50.0,37.666666666666664,38.583333333333336,40.041666666666664,5.016666666666667,6.629166666666666,14.716666666666676,25.03333333333333,-13.0,36.0,53.0,103.0
2026-06-06 02:00:00,28.4,15,1015.0,16.6,75,0.0,4.7,11.7,103.0,0.0,1.0,67.0,37,Umerkot,2026-07-23 16:34:56.886994+00:00,2,5,6,39.0,40.0,48.0,37.333333333333336,38.333333333333336,39.583333333333336,4.8500000000000005,6.558333333333334,13.05000000000001,24.77916666666667,-11.0,35.0,53.0,105.0
2026-06-06 03:00:00,27.7,16,1014.7,15.2,85,0.0,4.8,13.3,103.0,0.0,1.0,65.0,36,Umerkot,2026-07-23 16:34:56.886994+00:00,3,5,6,38.0,39.0,45.0,37.0,38.083333333333336,39.208333333333336,4.766666666666667,6.466666666666666,12.266666666666675,24.46666666666667,-9.0,36.0,53.0,107.0
2026-06-06 04:00:00,26.7,18,1014.7,14.1,85,0.0,4.9,15.0,103.0,0.0,1.0,64.0,36,Umerkot,2026-07-23 16:34:56.886994+00:00,4,5,6,38.0,40.0,42.0,36.666666666666664,37.75,38.958333333333336,4.766666666666667,6.341666666666666,12.45000000000001,24.02916666666667,-6.0,37.0,53.0,109.0
2026-06-06 05:00:00,25.6,19,1015.0,12.4,103,0.0,5.2,16.9,103.0,0.1,1.1,65.0,35,Umerkot,2026-07-23 16:34:56.886994+00:00,5,5,6,37.0,40.0,40.0,36.333333333333336,37.333333333333336,38.75,4.85,6.183333333333333,13.350000000000009,23.474999999999998,-5.0,38.0,53.0,110.0
2026-06-06 06:00:00,24.4,21,1015.4,11.1,126,0.0,5.7,21.1,103.0,0.1,1.1,69.0,34,Umerkot,2026-07-23 16:34:56.886994+00:00,6,5,6,37.0,39.0,39.0,35.833333333333336,36.916666666666664,38.541666666666664,5.0,5.9375,14.866666666666674,22.337500000000002,-5.0,39.0,55.0,110.0
2026-06-06 07:00:00,24.4,21,1015.8,12.5,131,0.0,7.4,33.6,104.0,0.1,1.1,79.0,33,Umerkot,2026-07-23 16:34:56.886994+00:00,7,5,6,37.0,39.0,38.0,35.166666666666664,36.416666666666664,38.333333333333336,5.45,5.645833333333333,18.60000000000001,20.962500000000002,-5.0,40.0,57.0,110.0
2026-06-06 08:00:00,26.4,19,1016.7,12.3,143,0.0,8.0,36.0,105.0,0.1,1.0,91.0,32,Umerkot,2026-07-23 16:34:56.886994+00:00,8,5,6,37.0,39.0,40.0,34.333333333333336,35.833333333333336,38.0,6.0,5.458333333333333,22.65000000000001,20.208333333333332,-8.0,42.0,59.0,110.0
2026-06-06 09:00:00,29.8,15,1016.6,13.5,144,0.0,7.6,31.7,106.0,0.1,0.9,100.0,33,Umerkot,2026-07-23 16:34:56.886994+00:00,9,5,6,36.0,38.0,41.0,33.833333333333336,35.416666666666664,37.666666666666664,6.466666666666668,5.375,25.716666666666672,19.900000000000002,-8.0,46.0,60.0,111.0
2026-06-06 10:00:00,32.9,13,1016.3,18.5,145,0.0,7.4,30.5,107.0,0.1,0.8,101.0,35,Umerkot,2026-07-23 16:34:56.886994+00:00,10,5,6,36.0,38.0,41.0,33.666666666666664,35.166666666666664,37.416666666666664,6.883333333333334,5.308333333333333,28.300000000000008,19.666666666666668,-6.0,48.0,62.0,112.0
2026-06-06 11:00:00,34.8,12,1016.1,19.5,142,0.0,7.3,30.4,107.0,0.1,0.7,97.0,37,Umerkot,2026-07-23 16:34:56.886994+00:00,11,5,6,35.0,37.0,41.0,34.0,35.166666666666664,37.25,7.233333333333333,5.208333333333333,30.550000000000008,19.28333333333333,-4.0,50.0,64.0,114.0
2026-06-06 12:00:00,36.2,11,1015.8,14.1,138,0.0,6.1,23.0,107.0,0.1,0.6,96.0,39,Umerkot,2026-07-23 16:34:56.886994+00:00,12,5,6,34.0,37.0,42.0,34.833333333333336,35.333333333333336,37.125,7.3,5.345833333333332,30.866666666666674,19.7125,-3.0,50.0,66.0,115.0
2026-06-06 13:00:00,36.9,10,1015.3,6.1,109,0.0,5.5,20.8,107.0,0.1,0.6,97.0,40,Umerkot,2026-07-23 16:34:56.886994+00:00,13,5,6,33.0,37.0,41.0,36.0,35.583333333333336,37.083333333333336,6.983333333333333,5.454166666666667,28.733333333333345,20.029166666666665,-1.0,51.0,67.0,116.0
2026-06-06 14:00:00,37.6,10,1014.6,5.7,24,0.0,5.5,20.8,107.0,0.1,0.6,97.0,42,Umerkot,2026-07-23 16:34:56.886994+00:00,14,5,6,32.0,37.0,40.0,37.666666666666664,36.0,37.166666666666664,6.566666666666666,5.55,26.200000000000006,20.3,2.0,51.0,69.0,116.0
2026-06-06 15:00:00,38.2,9,1014.1,11.4,16,0.0,5.5,20.8,107.0,0.1,0.6,97.0,44,Umerkot,2026-07-23 16:34:56.886994+00:00,15,5,6,33.0,36.0,39.0,39.5,36.666666666666664,37.375,6.216666666666666,5.629166666666666,24.383333333333344,20.5125,5.0,51.0,71.0,116.0
2026-06-06 16:00:00,38.5,9,1013.6,14.9,15,0.0,5.5,21.0,107.0,0.1,0.6,95.0,45,Umerkot,2026-07-23 16:34:56.886994+00:00,16,5,6,35.0,36.0,40.0,41.166666666666664,37.416666666666664,37.583333333333336,5.8999999999999995,5.691666666666666,22.80000000000001,20.666666666666668,5.0,51.0,74.0,115.0
2026-06-06 17:00:00,38.3,9,1013.4,18.4,18,0.0,5.6,20.3,106.0,0.1,0.5,91.0,45,Umerkot,2026-07-23 16:34:56.886994+00:00,17,5,6,37.0,35.0,40.0,42.5,38.25,37.791666666666664,5.616666666666666,5.737500000000001,21.116666666666678,20.72083333333333,5.0,52.0,77.0,113.0
2026-06-06 18:00:00,37.7,9,1013.0,19.4,18,0.0,5.7,18.9,106.0,0.1,0.5,87.0,45,Umerkot,2026-07-23 16:34:56.886994+00:00,18,5,6,39.0,34.0,39.0,43.5,39.166666666666664,38.041666666666664,5.55,5.7625,20.433333333333344,20.6875,6.0,52.0,81.0,109.0
2026-06-06 19:00:00,36.9,9,1013.2,17.3,24,0.0,6.1,19.7,105.0,0.1,0.5,82.0,44,Umerkot,2026-07-23 16:34:56.886994+00:00,19,5,6,40.0,33.0,39.0,44.166666666666664,40.083333333333336,38.25,5.6499999999999995,5.7749999999999995,20.25000000000001,20.575,5.0,52.0,85.0,106.0
2026-06-06 20:00:00,35.8,10,1013.7,17.3,42,0.0,6.4,20.7,105.0,0.1,0.5,77.0,43,Umerkot,2026-07-23 16:34:56.886994+00:00,20,5,6,42.0,32.0,39.0,44.333333333333336,41.0,38.416666666666664,5.8,5.804166666666667,20.23333333333334,20.533333333333335,4.0,52.0,89.0,102.0
2026-06-06 21:00:00,34.5,10,1014.1,17.3,51,0.0,6.6,21.5,104.0,0.1,0.5,73.0,42,Umerkot,2026-07-23 16:34:56.886994+00:00,21,5,6,44.0,33.0,38.0,44.0,41.75,38.583333333333336,5.983333333333333,5.858333333333333,20.35000000000001,20.679166666666667,4.0,53.0,92.0,99.0
2026-06-06 22:00:00,33.3,12,1014.9,14.3,62,0.0,7.1,24.6,103.0,0.1,0.5,71.0,41,Umerkot,2026-07-23 16:34:56.886994+00:00,22,5,6,45.0,35.0,38.0,43.333333333333336,42.25,38.708333333333336,6.25,5.949999999999999,20.95000000000001,21.125,3.0,53.0,95.0,96.0
2026-06-06 23:00:00,32.1,13,1015.3,15.5,70,0.0,7.5,27.8,103.0,0.1,0.4,71.0,39,Umerkot,2026-07-23 16:34:56.886994+00:00,23,5,6,45.0,37.0,37.0,42.333333333333336,42.416666666666664,38.791666666666664,6.566666666666666,6.066666666666666,22.200000000000006,21.804166666666664,2.0,53.0,98.0,94.0
2026-06-07 00:00:00,31.2,14,1015.5,13.0,64,0.0,8.4,34.2,102.0,0.1,0.4,71.0,38,Umerkot,2026-07-23 16:34:56.886994+00:00,0,6,6,45.0,39.0,37.0,41.166666666666664,42.333333333333336,38.833333333333336,7.016666666666667,6.216666666666666,24.75000000000001,22.729166666666668,1.0,53.0,100.0,92.0
2026-06-07 01:00:00,29.6,15,1015.3,11.1,83,0.0,8.7,36.8,102.0,0.1,0.4,71.0,36,Umerkot,2026-07-23 16:34:56.886994+00:00,1,6,6,44.0,40.0,37.0,39.833333333333336,42.0,38.791666666666664,7.45,6.383333333333334,27.600000000000012,23.79583333333333,-1.0,53.0,103.0,90.0
2026-06-07 02:00:00,28.3,17,1015.2,7.9,77,0.0,9.0,38.9,102.0,0.1,0.4,71.0,35,Umerkot,2026-07-23 16:34:56.886994+00:00,2,6,6,43.0,42.0,37.0,38.5,41.416666666666664,38.708333333333336,7.883333333333333,6.5625,30.63333333333334,24.929166666666664,-2.0,53.0,105.0,88.0
2026-06-07 03:00:00,27.4,18,1014.7,9.7,79,0.0,9.0,38.3,102.0,0.1,0.4,71.0,36,Umerkot,2026-07-23 16:34:56.886994+00:00,3,6,6,42.0,44.0,36.0,37.5,40.75,38.708333333333336,8.283333333333333,6.737500000000001,33.433333333333344,25.97083333333333,0.0,53.0,107.0,87.0
2026-06-07 04:00:00,26.8,19,1014.7,11.8,99,0.0,8.7,35.5,102.0,0.1,0.4,69.0,37,Umerkot,2026-07-23 16:34:56.886994+00:00,4,6,6,41.0,45.0,36.0,36.833333333333336,40.083333333333336,38.75,8.549999999999999,6.895833333333333,35.25000000000001,26.825,1.0,53.0,109.0,85.0
2026-06-07 05:00:00,26.2,19,1014.9,13.3,106,0.0,8.5,33.4,102.0,0.1,0.4,67.0,38,Umerkot,2026-07-23 16:34:56.886994+00:00,5,6,6,39.0,45.0,35.0,36.666666666666664,39.5,38.875,8.716666666666667,7.033333333333334,36.18333333333334,27.5125,3.0,53.0,110.0,84.0
2026-06-07 06:00:00,25.7,20,1015.1,14.9,99,0.0,9.9,45.1,102.0,0.1,0.5,68.0,39,Umerkot,2026-07-23 16:34:56.886994+00:00,6,6,6,38.0,45.0,34.0,36.833333333333336,39.0,39.083333333333336,8.966666666666667,7.208333333333333,38.00000000000001,28.512500000000003,5.0,55.0,110.0,83.0
2026-06-07 07:00:00,24.9,21,1015.5,13.1,115,0.0,17.6,101.0,103.0,0.1,0.7,74.0,40,Umerkot,2026-07-23 16:34:56.886994+00:00,7,6,6,36.0,44.0,33.0,37.5,38.666666666666664,39.375,10.450000000000001,7.633333333333333,48.70000000000001,31.320833333333336,7.0,57.0,110.0,82.0
2026-06-07 08:00:00,26.9,19,1015.9,13.1,137,0.0,22.4,128.5,104.0,0.0,0.9,83.0,42,Umerkot,2026-07-23 16:34:56.886994+00:00,8,6,6,35.0,43.0,32.0,38.666666666666664,38.583333333333336,39.791666666666664,12.683333333333332,8.233333333333333,63.63333333333335,35.175000000000004,10.0,59.0,110.0,80.0
2026-06-07 09:00:00,30.4,15,1016.4,10.8,134,0.0,16.8,89.2,105.0,0.0,1.0,89.0,46,Umerkot,2026-07-23 16:34:56.886994+00:00,9,6,6,36.0,42.0,33.0,40.333333333333336,38.916666666666664,40.333333333333336,13.983333333333334,8.616666666666665,72.11666666666667,37.57083333333333,13.0,60.0,111.0,77.0
2026-06-07 10:00:00,33.7,13,1016.4,14.5,135,0.0,14.5,76.1,105.0,0.0,1.0,91.0,48,Umerkot,2026-07-23 16:34:56.886994+00:00,10,6,6,37.0,41.0,35.0,42.166666666666664,39.5,40.875,14.949999999999998,8.9125,78.88333333333334,39.47083333333333,13.0,62.0,112.0,75.0
2026-06-07 11:00:00,36.1,11,1016.3,17.4,137,0.0,13.6,71.7,104.0,0.1,0.9,91.0,50,Umerkot,2026-07-23 16:34:56.886994+00:00,11,6,6,38.0,39.0,37.0,44.166666666666664,40.416666666666664,41.416666666666664,15.799999999999999,9.175,85.26666666666668,41.19166666666667,13.0,64.0,114.0,73.0
2026-06-07 12:00:00,37.3,10,1016.0,12.6,144,0.0,9.5,51.5,104.0,0.1,0.8,91.0,50,Umerkot,2026-07-23 16:34:56.886994+00:00,12,6,6,39.0,38.0,39.0,46.0,41.416666666666664,41.875,15.733333333333334,9.316666666666668,86.33333333333333,42.37916666666667,11.0,66.0,115.0,71.0
2026-06-07 13:00:00,38.1,9,1015.5,10.1,153,0.0,9.3,49.9,104.0,0.1,0.7,92.0,51,Umerkot,2026-07-23 16:34:56.886994+00:00,13,6,6,40.0,36.0,40.0,47.833333333333336,42.666666666666664,42.333333333333336,14.35,9.475,77.81666666666668,43.59166666666667,11.0,67.0,116.0,69.0
2026-06-07 14:00:00,38.7,8,1014.8,7.6,162,0.0,9.2,49.9,104.0,0.1,0.7,92.0,51,Umerkot,2026-07-23 16:34:56.886994+00:00,14,6,6,42.0,35.0,42.0,49.333333333333336,44.0,42.708333333333336,12.15,9.629166666666668,64.71666666666668,44.80416666666667,9.0,69.0,116.0,68.0
2026-06-07 15:00:00,39.1,8,1014.0,5.6,163,0.0,9.1,50.4,104.0,0.1,0.6,91.0,51,Umerkot,2026-07-23 16:34:56.886994+00:00,15,6,6,46.0,36.0,44.0,50.166666666666664,45.25,43.0,10.866666666666667,9.779166666666667,58.25000000000001,46.0375,7.0,71.0,116.0,66.0
2026-06-07 16:00:00,39.4,8,1013.3,3.2,161,0.0,9.1,50.5,104.0,0.1,0.6,87.0,51,Umerkot,2026-07-23 16:34:56.886994+00:00,16,6,6,48.0,37.0,45.0,50.666666666666664,46.416666666666664,43.25,9.966666666666667,9.929166666666667,53.98333333333334,47.26666666666667,6.0,74.0,115.0,64.0
2026-06-07 17:00:00,39.4,8,1012.9,1.4,220,0.0,9.0,49.7,103.0,0.1,0.5,82.0,52,Umerkot,2026-07-23 16:34:56.886994+00:00,17,6,6,50.0,38.0,45.0,51.0,47.583333333333336,43.541666666666664,9.2,10.070833333333333,50.31666666666667,48.491666666666674,7.0,77.0,113.0,63.0
2026-06-07 18:00:00,39.2,8,1012.3,3.7,256,0.0,8.5,40.9,103.0,0.1,0.5,76.0,52,Umerkot,2026-07-23 16:34:56.886994+00:00,18,6,6,50.0,39.0,45.0,51.333333333333336,48.666666666666664,43.833333333333336,9.033333333333333,10.1875,48.55000000000001,49.40833333333333,7.0,81.0,109.0,61.0
2026-06-07 19:00:00,38.9,8,1012.3,6.5,242,0.0,8.5,39.6,103.0,0.1,0.5,70.0,52,Umerkot,2026-07-23 16:34:56.886994+00:00,19,6,6,51.0,40.0,44.0,51.5,49.666666666666664,44.166666666666664,8.9,10.2875,46.83333333333334,50.237500000000004,8.0,85.0,106.0,60.0
2026-06-07 20:00:00,38.1,9,1012.2,6.2,249,0.0,8.4,36.3,102.0,0.1,0.5,65.0,52,Umerkot,2026-07-23 16:34:56.886994+00:00,20,6,6,51.0,42.0,43.0,51.666666666666664,50.5,44.541666666666664,8.766666666666666,10.370833333333334,44.566666666666684,50.887499999999996,9.0,89.0,102.0,59.0
2026-06-07 21:00:00,36.4,17,1012.4,4.6,72,0.0,8.2,33.3,102.0,0.1,0.5,61.0,53,Umerkot,2026-07-23 16:34:56.886994+00:00,21,6,6,51.0,46.0,42.0,52.0,51.083333333333336,45.0,8.616666666666667,10.4375,41.716666666666676,51.37916666666666,11.0,92.0,99.0,58.0
2026-06-07 22:00:00,34.8,15,1012.8,6.7,90,0.0,8.1,31.5,102.0,0.1,0.5,62.0,53,Umerkot,2026-07-23 16:34:56.886994+00:00,22,6,6,51.0,48.0,41.0,52.333333333333336,51.5,45.5,8.450000000000001,10.479166666666666,38.55000000000001,51.666666666666664,12.0,95.0,96.0,57.0
2026-06-07 23:00:00,33.9,13,1012.8,11.9,138,0.0,8.5,34.0,102.0,0.1,0.5,65.0,53,Umerkot,2026-07-23 16:34:56.886994+00:00,23,6,6,52.0,50.0,39.0,52.5,51.75,46.083333333333336,8.366666666666667,10.520833333333334,35.933333333333344,51.925000000000004,14.0,98.0,94.0,56.0
2026-06-08 00:00:00,32.9,13,1012.5,14.7,163,0.0,8.9,36.9,102.0,0.1,0.5,68.0,53,Umerkot,2026-07-23 16:34:56.886994+00:00,0,0,6,52.0,50.0,38.0,52.666666666666664,52.0,46.708333333333336,8.433333333333334,10.541666666666666,35.26666666666667,52.0375,15.0,100.0,92.0,55.0
2026-06-08 01:00:00,31.6,14,1012.0,14.7,172,0.0,8.9,36.8,102.0,0.1,0.5,64.0,53,Umerkot,2026-07-23 16:34:56.886994+00:00,1,0,6,52.0,51.0,36.0,52.833333333333336,52.166666666666664,47.416666666666664,8.5,10.549999999999999,34.800000000000004,52.0375,17.0,103.0,90.0,55.0
2026-06-08 02:00:00,30.9,14,1011.6,15.7,182,0.0,8.7,35.2,101.0,0.1,0.5,59.0,53,Umerkot,2026-07-23 16:34:56.886994+00:00,2,0,6,52.0,51.0,35.0,53.0,52.333333333333336,48.166666666666664,8.549999999999999,10.5375,34.616666666666674,51.88333333333333,18.0,105.0,88.0,54.0
2026-06-08 03:00:00,30.6,13,1010.9,17.0,189,0.0,9.5,37.3,101.0,0.1,0.5,55.0,53,Umerkot,2026-07-23 16:34:56.886994+00:00,3,0,6,53.0,51.0,36.0,53.0,52.5,48.875,8.766666666666667,10.558333333333332,35.28333333333334,51.84166666666667,17.0,107.0,87.0,54.0
2026-06-08 04:00:00,29.3,14,1010.9,12.5,225,0.0,15.7,60.8,102.0,0.1,0.7,53.0,53,Umerkot,2026-07-23 16:34:56.886994+00:00,4,0,6,53.0,51.0,37.0,53.0,52.666666666666664,49.541666666666664,10.033333333333333,10.85,40.16666666666668,52.895833333333336,16.0,109.0,85.0,53.0
2026-06-08 05:00:00,28.1,18,1011.6,13.3,291,0.0,24.9,95.0,103.0,0.1,0.9,53.0,53,Umerkot,2026-07-23 16:34:56.886994+00:00,5,0,6,53.0,52.0,38.0,53.0,52.75,50.166666666666664,12.766666666666666,11.533333333333333,50.33333333333334,55.4625,15.0,110.0,84.0,53.0
2026-06-08 06:00:00,26.8,21,1011.6,10.8,285,0.0,34.5,129.9,104.0,0.1,1.1,55.0,55,Umerkot,2026-07-23 16:34:56.886994+00:00,6,0,6,53.0,52.0,39.0,53.333333333333336,53.0,50.833333333333336,17.03333333333333,12.558333333333335,65.83333333333334,58.99583333333334,16.0,110.0,83.0,53.0
2026-06-08 07:00:00,25.9,23,1012.3,10.5,277,0.0,40.6,153.7,105.0,0.1,1.2,62.0,57,Umerkot,2026-07-23 16:34:56.886994+00:00,7,0,6,53.0,52.0,40.0,54.0,53.416666666666664,51.541666666666664,22.316666666666666,13.516666666666666,85.31666666666668,61.19166666666666,17.0,110.0,82.0,52.0
2026-06-08 08:00:00,27.9,23,1012.7,8.9,279,0.0,41.9,162.1,106.0,0.1,1.1,71.0,59,Umerkot,2026-07-23 16:34:56.886994+00:00,8,0,6,53.0,52.0,42.0,55.0,54.0,52.25,27.849999999999998,14.329166666666667,106.46666666666668,62.59166666666667,17.0,110.0,80.0,51.0
2026-06-08 09:00:00,30.8,22,1012.9,9.1,292,0.0,40.4,158.3,107.0,0.1,1.1,78.0,60,Umerkot,2026-07-23 16:34:56.886994+00:00,9,0,6,53.0,53.0,46.0,56.166666666666664,54.583333333333336,52.833333333333336,33.0,15.3125,126.63333333333333,65.47083333333333,14.0,111.0,77.0,48.0
2026-06-08 10:00:00,33.1,21,1012.8,11.4,297,0.0,38.6,155.1,107.0,0.1,1.0,81.0,62,Umerkot,2026-07-23 16:34:56.886994+00:00,10,0,6,53.0,53.0,48.0,57.666666666666664,55.333333333333336,53.416666666666664,36.81666666666667,16.316666666666666,142.35,68.7625,14.0,112.0,75.0,45.0
2026-06-08 11:00:00,35.0,18,1012.8,13.4,287,0.0,36.4,151.3,106.0,0.0,0.9,81.0,64,Umerkot,2026-07-23 16:34:56.886994+00:00,11,0,6,53.0,53.0,50.0,59.5,56.25,54.0,38.733333333333334,17.266666666666666,151.73333333333335,72.07916666666667,14.0,114.0,73.0,42.0
2026-06-08 12:00:00,36.8,15,1012.6,16.5,264,0.0,30.6,128.5,106.0,0.0,1.0,82.0,66,Umerkot,2026-07-23 16:34:56.886994+00:00,12,0,6,55.0,53.0,50.0,61.333333333333336,57.333333333333336,54.666666666666664,38.083333333333336,18.145833333333332,151.5,75.28750000000001,16.0,115.0,71.0,38.0
2026-06-08 13:00:00,38.6,12,1011.8,22.9,248,0.0,32.1,142.5,106.0,0.0,1.3,84.0,67,Umerkot,2026-07-23 16:34:56.886994+00:00,13,0,6,57.0,53.0,51.0,63.0,58.5,55.333333333333336,36.666666666666664,19.09583333333333,149.63333333333333,79.14583333333333,16.0,116.0,69.0,36.0
2026-06-08 14:00:00,39.4,11,1011.1,26.9,244,0.0,36.7,165.3,105.0,0.0,1.6,87.0,69,Umerkot,2026-07-23 16:34:56.886994+00:00,14,0,6,59.0,53.0,51.0,64.66666666666667,59.833333333333336,56.083333333333336,35.800000000000004,20.241666666666667,150.16666666666669,83.95416666666667,18.0,116.0,68.0,35.0
2026-06-08 15:00:00,39.5,11,1010.5,25.1,252,0.0,43.9,198.8,105.0,0.0,1.9,88.0,71,Umerkot,2026-07-23 16:34:56.886994+00:00,15,0,6,60.0,53.0,51.0,66.5,61.333333333333336,56.916666666666664,36.38333333333333,21.691666666666666,156.91666666666666,90.1375,20.0,116.0,66.0,36.0
2026-06-08 16:00:00,39.4,11,1009.8,26.9,258,0.0,53.0,237.0,105.0,0.0,2.1,87.0,74,Umerkot,2026-07-23 16:34:56.886994+00:00,16,0,6,62.0,53.0,51.0,68.5,63.083333333333336,57.875,38.78333333333333,23.520833333333332,170.5666666666667,97.90833333333335,23.0,115.0,64.0,36.0
2026-06-08 17:00:00,39.2,10,1009.5,28.6,259,0.0,59.5,253.3,106.0,0.1,2.2,85.0,77,Umerkot,2026-07-23 16:34:56.886994+00:00,17,0,6,64.0,53.0,52.0,70.66666666666667,65.08333333333333,58.916666666666664,42.63333333333333,25.625,187.5666666666667,106.39166666666667,25.0,113.0,63.0,36.0
2026-06-08 18:00:00,38.5,9,1009.2,29.1,261,0.0,59.8,223.5,106.0,0.1,2.2,81.0,81,Umerkot,2026-07-23 16:34:56.886994+00:00,18,0,6,66.0,55.0,52.0,73.16666666666667,67.25,60.125,47.5,27.7625,203.4,114.0,29.0,109.0,61.0,36.0
2026-06-08 19:00:00,37.4,9,1009.4,26.4,275,0.0,56.5,197.0,106.0,0.1,1.9,76.0,85,Umerkot,2026-07-23 16:34:56.886994+00:00,19,0,6,67.0,57.0,52.0,76.16666666666667,69.58333333333333,61.5,51.56666666666666,29.7625,212.48333333333335,120.55833333333334,33.0,106.0,60.0,35.0
2026-06-08 20:00:00,36.0,11,1009.9,21.9,284,0.0,50.5,173.2,106.0,0.0,1.4,70.0,89,Umerkot,2026-07-23 16:34:56.886994+00:00,20,0,6,69.0,59.0,52.0,79.5,72.08333333333333,63.041666666666664,53.866666666666674,31.516666666666666,213.80000000000004,126.2625,37.0,102.0,59.0,34.0
2026-06-08 21:00:00,34.7,13,1010.0,17.1,282,0.0,44.6,153.2,106.0,0.0,1.1,64.0,92,Umerkot,2026-07-23 16:34:56.886994+00:00,21,0,6,71.0,60.0,53.0,83.0,74.75,64.66666666666667,53.98333333333333,33.03333333333333,206.19999999999996,131.25833333333335,39.0,99.0,58.0,34.0
2026-06-08 22:00:00,33.3,15,1010.6,14.5,289,0.0,39.9,138.3,106.0,0.0,1.0,59.0,95,Umerkot,2026-07-23 16:34:56.886994+00:00,22,0,6,74.0,62.0,53.0,86.5,77.5,66.41666666666667,51.79999999999999,34.35833333333333,189.75,135.70833333333334,42.0,96.0,57.0,33.0
2026-06-08 23:00:00,31.9,18,1011.1,15.2,304,0.0,36.7,127.1,105.0,0.0,1.0,55.0,98,Umerkot,2026-07-23 16:34:56.886994+00:00,23,0,6,77.0,64.0,53.0,90.0,80.33333333333333,68.29166666666667,48.0,35.53333333333333,168.71666666666667,139.5875,45.0,94.0,56.0,34.0
2026-06-09 00:00:00,30.5,20,1011.1,13.6,301,0.0,34.7,119.7,105.0,0.0,1.0,51.0,100,Umerkot,2026-07-23 16:34:56.886994+00:00,0,1,6,81.0,66.0,53.0,93.16666666666667,83.16666666666667,70.25,43.81666666666666,36.608333333333334,151.41666666666666,143.0375,47.0,92.0,55.0,35.0
2026-06-09 01:00:00,29.4,21,1010.8,13.7,288,0.0,31.9,104.3,104.0,0.0,0.9,49.0,103,Umerkot,2026-07-23 16:34:56.886994+00:00,1,1,6,85.0,67.0,53.0,96.16666666666667,86.16666666666667,72.33333333333333,39.71666666666667,37.56666666666667,135.96666666666667,145.85,50.0,90.0,55.0,36.0
2026-06-09 02:00:00,28.6,23,1010.6,15.8,296,0.0,28.8,87.8,103.0,0.0,0.8,47.0,105,Umerkot,2026-07-23 16:34:56.886994+00:00,2,1,6,89.0,69.0,53.0,98.83333333333333,89.16666666666667,74.5,36.1,38.40416666666666,121.73333333333335,148.04166666666666,52.0,88.0,54.0,37.0
2026-06-09 03:00:00,27.7,25,1009.7,14.4,303,0.0,26.0,73.8,103.0,0.0,0.8,47.0,107,Umerkot,2026-07-23 16:34:56.886994+00:00,3,1,6,92.0,71.0,53.0,101.33333333333333,92.16666666666667,76.75,33.0,39.09166666666666,108.5,149.5625,54.0,87.0,54.0,38.0
2026-06-09 04:00:00,26.7,26,1009.8,13.7,300,0.0,24.2,66.4,103.0,0.0,1.0,49.0,109,Umerkot,2026-07-23 16:34:56.886994+00:00,4,1,6,95.0,74.0,53.0,103.66666666666667,95.08333333333333,79.08333333333333,30.383333333333336,39.44583333333333,96.51666666666667,149.79583333333335,56.0,85.0,53.0,39.0
2026-06-09 05:00:00,25.7,28,1010.0,13.2,300,0.0,24.9,70.1,103.0,0.1,1.3,53.0,110,Umerkot,2026-07-23 16:34:56.886994+00:00,5,1,6,98.0,77.0,53.0,105.66666666666667,97.83333333333333,81.45833333333333,28.416666666666668,39.44583333333333,87.01666666666667,148.75833333333335,57.0,84.0,53.0,40.0
2026-06-09 06:00:00,24.6,31,1010.1,11.8,287,0.0,32.8,106.4,104.0,0.1,1.6,59.0,110,Umerkot,2026-07-23 16:34:56.886994+00:00,6,1,6,100.0,81.0,55.0,107.33333333333333,100.25,83.75,28.099999999999998,39.375,84.80000000000001,147.77916666666667,55.0,83.0,53.0,41.0
2026-06-09 07:00:00,24.1,34,1010.7,12.2,313,0.0,44.2,145.8,105.0,0.1,1.8,67.0,110,Umerkot,2026-07-23 16:34:56.886994+00:00,7,1,6,103.0,85.0,57.0,108.5,102.33333333333333,85.95833333333333,30.149999999999995,39.525,91.71666666666668,147.45,53.0,82.0,52.0,41.0
2026-06-09 08:00:00,25.3,31,1011.2,10.1,325,0.0,51.7,175.6,106.0,0.1,1.9,76.0,110,Umerkot,2026-07-23 16:34:56.886994+00:00,8,1,6,105.0,89.0,59.0,109.33333333333333,104.08333333333333,88.08333333333333,33.96666666666667,39.93333333333334,106.35000000000002,148.01250000000002,51.0,80.0,51.0,42.0
2026-06-09 09:00:00,27.3,27,1011.6,13.9,331,0.0,53.1,188.6,107.0,0.1,2.0,84.0,111,Umerkot,2026-07-23 16:34:56.886994+00:00,9,1,6,107.0,92.0,60.0,110.0,105.66666666666667,90.20833333333333,38.483333333333334,40.4625,125.48333333333335,149.275,51.0,77.0,48.0,42.0
2026-06-09 10:00:00,29.2,25,1011.8,15.1,332,0.0,49.9,185.8,108.0,0.1,2.1,89.0,112,Umerkot,2026-07-23 16:34:56.886994+00:00,10,1,6,109.0,95.0,62.0,110.5,107.08333333333333,92.29166666666667,42.76666666666667,40.93333333333334,145.38333333333335,150.55416666666665,50.0,75.0,45.0,42.0
2026-06-09 11:00:00,31.1,24,1011.9,16.9,332,0.0,45.6,170.9,108.0,0.1,2.2,92.0,114,Umerkot,2026-07-23 16:34:56.886994+00:00,11,1,6,110.0,98.0,64.0,111.16666666666667,108.41666666666667,94.375,46.21666666666667,41.31666666666666,162.18333333333334,151.37083333333334,50.0,73.0,42.0,41.0
2026-06-09 12:00:00,32.9,21,1011.9,18.6,332,0.0,41.4,152.3,108.0,0.1,2.4,94.0,115,Umerkot,2026-07-23 16:34:56.886994+00:00,12,1,6,110.0,100.0,66.0,112.0,109.66666666666667,96.41666666666667,47.65,41.76666666666667,169.83333333333334,152.3625,49.0,71.0,38.0,40.0
2026-06-09 13:00:00,34.3,18,1011.5,20.0,331,0.0,38.6,138.8,108.0,0.1,2.5,96.0,116,Umerkot,2026-07-23 16:34:56.886994+00:00,13,1,6,110.0,103.0,67.0,113.0,110.75,98.45833333333333,46.71666666666667,42.0375,168.66666666666669,152.20833333333334,49.0,69.0,36.0,39.0
2026-06-09 14:00:00,35.2,16,1011.0,23.5,336,0.0,35.9,125.7,108.0,0.1,2.6,99.0,116,Umerkot,2026-07-23 16:34:56.886994+00:00,14,1,6,110.0,105.0,69.0,114.0,111.66666666666667,100.41666666666667,44.083333333333336,42.00416666666667,160.35000000000002,150.55833333333334,47.0,68.0,35.0,38.0
2026-06-09 15:00:00,35.3,16,1010.3,25.5,347,0.0,33.1,114.1,108.0,0.1,2.7,101.0,116,Umerkot,2026-07-23 16:34:56.886994+00:00,15,1,6,111.0,107.0,71.0,114.83333333333333,112.41666666666667,102.29166666666667,40.75,41.55416666666667,147.93333333333334,147.02916666666667,45.0,66.0,36.0,40.0
2026-06-09 16:00:00,35.6,16,1009.8,25.0,354,0.0,30.2,103.4,107.0,0.1,2.6,100.0,115,Umerkot,2026-07-23 16:34:56.886994+00:00,16,1,6,112.0,109.0,74.0,115.33333333333333,112.91666666666667,104.0,37.46666666666667,40.604166666666664,134.20000000000002,141.4625,41.0,64.0,36.0,41.0
2026-06-09 17:00:00,35.7,16,1009.6,24.3,357,0.0,27.1,90.1,107.0,0.1,2.5,98.0,113,Umerkot,2026-07-23 16:34:56.886994+00:00,17,1,6,114.0,110.0,77.0,115.16666666666667,113.16666666666667,105.5,34.38333333333333,39.25416666666667,120.73333333333335,134.6625,36.0,63.0,36.0,42.0
2026-06-09 18:00:00,35.4,16,1009.2,25.9,359,0.0,23.8,74.5,106.0,0.1,2.3,94.0,109,Umerkot,2026-07-23 16:34:56.886994+00:00,18,1,6,115.0,110.0,81.0,114.16666666666667,113.08333333333333,106.66666666666667,31.45,37.75416666666667,107.76666666666667,128.45416666666668,28.0,61.0,36.0,43.0
2026-06-09 19:00:00,34.7,16,1009.5,26.8,358,0.0,20.4,60.8,106.0,0.1,2.0,88.0,106,Umerkot,2026-07-23 16:34:56.886994+00:00,19,1,6,116.0,110.0,85.0,112.5,112.75,107.54166666666667,28.416666666666668,36.25,94.76666666666667,122.77916666666668,21.0,60.0,35.0,42.0
2026-06-09 20:00:00,33.6,17,1010.1,23.4,358,0.0,17.2,50.6,105.0,0.1,1.6,81.0,102,Umerkot,2026-07-23 16:34:56.886994+00:00,20,1,6,116.0,110.0,89.0,110.16666666666667,112.08333333333333,108.08333333333333,25.3,34.862500000000004,82.25000000000001,117.67083333333333,13.0,59.0,34.0,42.0
2026-06-09 21:00:00,32.4,18,1010.4,21.1,357,0.0,14.4,43.4,105.0,0.1,1.3,75.0,99,Umerkot,2026-07-23 16:34:56.886994+00:00,21,1,6,116.0,111.0,92.0,107.33333333333333,111.08333333333333,108.375,22.183333333333334,33.604166666666664,70.46666666666668,113.09583333333335,7.0,58.0,34.0,41.0
2026-06-09 22:00:00,31.4,20,1011.0,18.4,355,0.0,12.2,37.8,104.0,0.1,1.1,71.0,96,Umerkot,2026-07-23 16:34:56.886994+00:00,22,1,6,115.0,112.0,95.0,104.16666666666667,109.75,108.41666666666667,19.183333333333334,32.45,59.53333333333334,108.90833333333332,1.0,57.0,33.0,40.0
2026-06-09 23:00:00,30.4,21,1011.5,17.0,5,0.0,10.7,33.9,103.0,0.0,0.9,69.0,94,Umerkot,2026-07-23 16:34:56.886994+00:00,23,1,6,113.0,114.0,98.0,101.0,108.08333333333333,108.25,16.45,31.366666666666664,50.16666666666668,105.02499999999999,-4.0,56.0,34.0,38.0
2026-06-10 00:00:00,29.5,23,1011.3,16.0,14,0.0,9.0,28.8,102.0,0.0,0.7,64.0,92,Umerkot,2026-07-23 16:34:56.886994+00:00,0,2,6,109.0,115.0,100.0,98.16666666666667,106.16666666666667,107.91666666666667,13.983333333333333,30.29583333333333,42.550000000000004,101.23750000000001,-8.0,55.0,35.0,37.0
2026-06-10 01:00:00,28.5,24,1011.1,15.8,19,0.0,8.8,29.9,101.0,0.0,0.7,62.0,90,Umerkot,2026-07-23 16:34:56.886994+00:00,1,2,6,106.0,116.0,103.0,95.5,104.0,107.375,12.049999999999999,29.333333333333332,37.40000000000001,98.13749999999999,-13.0,55.0,36.0,35.0
2026-06-10 02:00:00,27.4,25,1011.2,15.2,7,0.0,8.7,31.8,101.0,0.0,0.7,60.0,88,Umerkot,2026-07-23 16:34:56.886994+00:00,2,2,6,102.0,116.0,105.0,93.16666666666667,101.66666666666667,106.66666666666667,10.633333333333333,28.495833333333334,34.26666666666667,95.80416666666667,-17.0,54.0,37.0,34.0
2026-06-10 03:00:00,26.6,25,1010.9,16.2,2,0.0,8.9,34.6,101.0,0.0,0.7,58.0,87,Umerkot,2026-07-23 16:34:56.886994+00:00,3,2,6,99.0,116.0,107.0,91.16666666666667,99.25,105.83333333333333,9.716666666666667,27.783333333333335,32.80000000000001,94.17083333333333,-20.0,54.0,38.0,33.0
2026-06-10 04:00:00,25.4,26,1011.2,13.7,5,0.0,9.3,38.9,101.0,0.0,0.7,57.0,85,Umerkot,2026-07-23 16:34:56.886994+00:00,4,2,6,96.0,115.0,109.0,89.33333333333333,96.75,104.83333333333333,9.233333333333334,27.162499999999998,32.98333333333334,93.02499999999999,-24.0,53.0,39.0,33.0
2026-06-10 05:00:00,24.4,27,1011.4,12.4,359,0.0,10.0,44.4,102.0,0.1,0.7,58.0,84,Umerkot,2026-07-23 16:34:56.886994+00:00,5,2,6,94.0,113.0,110.0,87.66666666666667,94.33333333333333,103.75,9.116666666666667,26.541666666666668,34.73333333333334,91.95416666666667,-26.0,53.0,40.0,33.0
2026-06-10 06:00:00,23.2,30,1011.8,9.4,348,0.0,12.8,65.9,102.0,0.1,0.7,61.0,83,Umerkot,2026-07-23 16:34:56.886994+00:00,6,2,6,92.0,109.0,110.0,86.16666666666667,92.16666666666667,102.625,9.75,25.708333333333332,40.91666666666668,90.26666666666667,-27.0,53.0,41.0,32.0
2026-06-10 07:00:00,22.8,31,1012.5,7.2,346,0.0,20.1,110.1,103.0,0.1,0.8,70.0,82,Umerkot,2026-07-23 16:34:56.886994+00:00,7,2,6,90.0,106.0,110.0,84.83333333333333,90.16666666666667,101.45833333333333,11.633333333333335,24.704166666666666,54.28333333333334,88.77916666666665,-28.0,52.0,41.0,32.0
2026-06-10 08:00:00,24.7,27,1013.4,4.5,2,0.0,24.0,129.9,103.0,0.0,0.9,81.0,80,Umerkot,2026-07-23 16:34:56.886994+00:00,8,2,6,88.0,102.0,110.0,83.5,88.33333333333333,100.20833333333333,14.183333333333332,23.549999999999997,70.63333333333334,86.875,-30.0,51.0,42.0,32.0
2026-06-10 09:00:00,27.1,24,1014.0,6.8,25,0.0,23.2,126.2,104.0,0.0,1.0,90.0,77,Umerkot,2026-07-23 16:34:56.886994+00:00,9,2,6,87.0,99.0,111.0,81.83333333333333,86.5,98.79166666666667,16.566666666666666,22.30416666666667,85.90000000000002,84.275,-34.0,48.0,42.0,32.0
2026-06-10 10:00:00,29.5,23,1014.0,9.6,43,0.0,23.1,121.5,104.0,0.0,1.1,92.0,75,Umerkot,2026-07-23 16:34:56.886994+00:00,10,2,6,85.0,96.0,112.0,80.16666666666667,84.75,97.25,18.866666666666667,21.1875,99.66666666666667,81.59583333333333,-37.0,45.0,42.0,33.0
2026-06-10 11:00:00,31.8,21,1013.9,13.8,49,0.0,24.3,123.4,104.0,0.0,1.2,92.0,73,Umerkot,2026-07-23 16:34:56.886994+00:00,11,2,6,84.0,94.0,114.0,78.33333333333333,83.0,95.54166666666667,21.25,20.3,112.83333333333336,79.61666666666667,-41.0,42.0,41.0,35.0
2026-06-10 12:00:00,33.4,19,1013.7,17.1,50,0.0,16.1,75.2,104.0,0.0,1.2,92.0,71,Umerkot,2026-07-23 16:34:56.886994+00:00,12,2,6,83.0,92.0,115.0,76.33333333333333,81.25,93.70833333333333,21.8,19.245833333333334,114.38333333333334,76.40416666666665,-44.0,38.0,40.0,36.0
2026-06-10 13:00:00,34.5,17,1013.1,17.4,45,0.0,15.5,70.1,104.0,0.0,1.1,92.0,69,Umerkot,2026-07-23 16:34:56.886994+00:00,13,2,6,82.0,90.0,116.0,74.16666666666667,79.5,91.75,21.033333333333335,18.283333333333335,107.71666666666668,73.54166666666667,-47.0,36.0,39.0,37.0
2026-06-10 14:00:00,35.3,16,1012.3,17.7,35,0.0,14.5,62.6,104.0,0.0,1.1,93.0,68,Umerkot,2026-07-23 16:34:56.886994+00:00,14,2,6,80.0,88.0,116.0,72.16666666666667,77.83333333333333,89.75,19.450000000000003,17.39166666666667,96.50000000000001,70.9125,-48.0,35.0,38.0,38.0
2026-06-10 15:00:00,35.8,15,1011.8,18.9,27,0.0,12.9,53.1,104.0,0.0,1.0,92.0,66,Umerkot,2026-07-23 16:34:56.886994+00:00,15,2,6,77.0,87.0,116.0,70.33333333333333,76.08333333333333,87.66666666666667,17.733333333333334,16.55,84.31666666666668,68.37083333333334,-50.0,36.0,40.0,39.0
2026-06-10 16:00:00,36.1,15,1011.5,18.6,20,0.0,11.1,43.3,104.0,0.0,1.0,90.0,64,Umerkot,2026-07-23 16:34:56.886994+00:00,16,2,6,75.0,85.0,115.0,68.5,74.33333333333333,85.54166666666667,15.733333333333334,15.754166666666668,71.28333333333335,65.86666666666666,-51.0,36.0,41.0,39.0
2026-06-10 17:00:00,36.0,15,1011.4,19.4,15,0.0,9.2,33.4,104.0,0.1,1.0,88.0,63,Umerkot,2026-07-23 16:34:56.886994+00:00,17,2,6,73.0,84.0,113.0,66.83333333333333,72.58333333333333,83.45833333333333,13.216666666666667,15.008333333333333,56.28333333333334,63.50416666666666,-50.0,36.0,42.0,38.0
2026-06-10 18:00:00,35.5,15,1011.1,19.9,14,0.0,7.1,22.4,104.0,0.1,1.0,85.0,61,Umerkot,2026-07-23 16:34:56.886994+00:00,18,2,6,71.0,83.0,109.0,65.16666666666667,70.75,81.45833333333333,11.716666666666667,14.3125,47.48333333333334,61.333333333333336,-48.0,36.0,43.0,37.0
2026-06-10 19:00:00,34.8,15,1011.5,20.3,18,0.0,5.2,14.1,104.0,0.1,1.0,80.0,60,Umerkot,2026-07-23 16:34:56.886994+00:00,19,2,6,69.0,82.0,106.0,63.666666666666664,68.91666666666667,79.54166666666667,10.0,13.679166666666667,38.15000000000001,59.387499999999996,-46.0,35.0,42.0,36.0
2026-06-10 20:00:00,33.8,16,1011.9,20.1,24,0.0,3.6,8.5,103.0,0.0,1.0,75.0,59,Umerkot,2026-07-23 16:34:56.886994+00:00,20,2,6,68.0,80.0,102.0,62.166666666666664,67.16666666666667,77.75,8.183333333333334,13.112499999999999,29.133333333333344,57.633333333333326,-43.0,34.0,42.0,34.0
2026-06-10 21:00:00,32.8,19,1012.6,15.9,29,0.0,2.6,5.7,103.0,0.0,1.0,70.0,58,Umerkot,2026-07-23 16:34:56.886994+00:00,21,2,6,66.0,77.0,99.0,60.833333333333336,65.58333333333333,76.04166666666667,6.466666666666666,12.620833333333335,21.23333333333334,56.0625,-41.0,34.0,41.0,33.0
2026-06-10 22:00:00,31.6,21,1013.2,14.3,28,0.0,2.1,4.7,103.0,0.0,0.9,66.0,57,Umerkot,2026-07-23 16:34:56.886994+00:00,22,2,6,64.0,75.0,96.0,59.666666666666664,64.08333333333333,74.41666666666667,4.966666666666667,12.200000000000001,14.80000000000001,54.68333333333334,-39.0,33.0,40.0,31.0
2026-06-10 23:00:00,30.4,23,1013.8,12.7,33,0.0,2.0,4.8,103.0,0.0,0.9,63.0,56,Umerkot,2026-07-23 16:34:56.886994+00:00,23,2,6,63.0,73.0,94.0,58.5,62.666666666666664,72.83333333333333,3.766666666666667,11.8375,10.033333333333342,53.47083333333333,-38.0,34.0,38.0,29.0
2026-06-11 00:00:00,29.3,25,1013.8,11.9,38,0.0,2.3,5.7,103.0,0.0,0.8,62.0,55,Umerkot,2026-07-23 16:34:56.886994+00:00,0,3,6,61.0,71.0,92.0,57.5,61.333333333333336,71.29166666666667,2.966666666666667,11.558333333333332,7.25000000000001,52.50833333333333,-37.0,35.0,37.0,28.0
2026-06-11 01:00:00,28.3,27,1013.9,12.5,36,0.0,2.6,7.1,103.0,0.0,0.7,60.0,55,Umerkot,2026-07-23 16:34:56.886994+00:00,1,3,6,60.0,69.0,90.0,56.666666666666664,60.166666666666664,69.83333333333333,2.5333333333333337,11.299999999999999,6.083333333333343,51.55833333333333,-35.0,36.0,35.0,26.0
2026-06-11 02:00:00,27.6,28,1013.5,13.5,33,0.0,3.0,9.7,102.0,0.0,0.6,58.0,54,Umerkot,2026-07-23 16:34:56.886994+00:00,2,3,6,59.0,68.0,88.0,55.833333333333336,59.0,68.41666666666667,2.433333333333333,11.0625,6.283333333333342,50.637499999999996,-34.0,37.0,34.0,25.0
2026-06-11 03:00:00,26.9,30,1013.1,13.2,52,0.0,3.4,13.0,102.0,0.0,0.5,57.0,54,Umerkot,2026-07-23 16:34:56.886994+00:00,3,3,6,58.0,66.0,87.0,55.166666666666664,58.0,67.04166666666667,2.566666666666667,10.833333333333334,7.50000000000001,49.737500000000004,-33.0,38.0,33.0,25.0
2026-06-11 04:00:00,26.2,31,1012.9,12.7,57,0.0,3.8,16.4,102.0,0.0,0.5,57.0,53,Umerkot,2026-07-23 16:34:56.886994+00:00,4,3,6,57.0,64.0,85.0,54.5,57.083333333333336,65.70833333333333,2.85,10.604166666666666,9.450000000000008,48.800000000000004,-32.0,39.0,33.0,25.0
2026-06-11 05:00:00,25.4,33,1012.8,12.2,56,0.0,4.2,19.4,103.0,0.0,0.5,59.0,53,Umerkot,2026-07-23 16:34:56.886994+00:00,5,3,6,56.0,63.0,84.0,54.0,56.25,64.41666666666667,3.216666666666667,10.3625,11.883333333333342,47.75833333333333,-31.0,40.0,33.0,26.0
2026-06-11 06:00:00,24.5,35,1013.0,11.1,53,0.0,5.0,25.3,103.0,0.0,0.5,62.0,53,Umerkot,2026-07-23 16:34:56.886994+00:00,6,3,6,55.0,61.0,83.0,53.666666666666664,55.583333333333336,63.166666666666664,3.6666666666666665,10.0375,15.150000000000007,46.06666666666667,-30.0,41.0,32.0,27.0
2026-06-11 07:00:00,24.1,37,1013.8,9.7,48,0.0,5.6,29.2,104.0,0.0,0.5,68.0,52,Umerkot,2026-07-23 16:34:56.886994+00:00,7,3,6,55.0,60.0,82.0,53.166666666666664,54.916666666666664,61.916666666666664,4.166666666666667,9.433333333333334,18.833333333333343,42.69583333333333,-30.0,41.0,32.0,29.0
2026-06-11 08:00:00,25.8,33,1014.6,6.1,56,0.0,6.0,26.6,104.0,0.0,0.5,77.0,51,Umerkot,2026-07-23 16:34:56.886994+00:00,8,3,6,54.0,59.0,80.0,52.666666666666664,54.25,60.708333333333336,4.666666666666667,8.683333333333334,21.65000000000001,38.391666666666666,-29.0,42.0,32.0,31.0
2026-06-11 09:00:00,28.4,28,1014.9,4.3,68,0.0,7.9,32.0,105.0,0.0,0.5,82.0,48,Umerkot,2026-07-23 16:34:56.886994+00:00,9,3,6,54.0,58.0,77.0,51.666666666666664,53.416666666666664,59.5,5.416666666666667,8.045833333333334,24.816666666666677,34.46666666666666,-29.0,42.0,32.0,33.0
2026-06-11 10:00:00,31.2,23,1014.8,6.8,61,0.0,9.7,39.3,105.0,0.0,0.5,82.0,45,Umerkot,2026-07-23 16:34:56.886994+00:00,10,3,6,53.0,57.0,75.0,50.333333333333336,52.416666666666664,58.25,6.3999999999999995,7.4875,28.63333333333334,31.041666666666668,-30.0,42.0,33.0,34.0
2026-06-11 11:00:00,33.2,21,1014.8,10.3,40,0.0,10.4,41.0,105.0,0.0,0.5,80.0,42,Umerkot,2026-07-23 16:34:56.886994+00:00,11,3,6,53.0,56.0,73.0,48.5,51.25,56.958333333333336,7.433333333333334,6.908333333333334,32.23333333333334,27.608333333333334,-31.0,41.0,35.0,36.0
2026-06-11 12:00:00,34.5,19,1014.8,12.4,16,0.0,6.4,26.3,105.0,0.0,0.5,78.0,38,Umerkot,2026-07-23 16:34:56.886994+00:00,12,3,6,53.0,55.0,71.0,46.0,49.833333333333336,55.583333333333336,7.666666666666667,6.504166666666666,32.40000000000001,25.57083333333333,-33.0,40.0,36.0,37.0
2026-06-11 13:00:00,35.6,18,1014.4,15.5,2,0.0,6.8,28.2,104.0,0.0,0.5,77.0,36,Umerkot,2026-07-23 16:34:56.886994+00:00,13,3,6,52.0,55.0,69.0,43.333333333333336,48.25,54.208333333333336,7.866666666666667,6.141666666666667,32.23333333333334,23.825,-33.0,39.0,37.0,40.0
2026-06-11 14:00:00,36.4,17,1014.0,18.8,357,0.0,7.3,31.1,104.0,0.0,0.5,76.0,35,Umerkot,2026-07-23 16:34:56.886994+00:00,14,3,6,51.0,54.0,68.0,40.666666666666664,46.666666666666664,52.833333333333336,8.083333333333334,5.841666666666666,32.98333333333334,22.5125,-33.0,38.0,38.0,44.0
2026-06-11 15:00:00,36.7,16,1013.7,20.2,1,0.0,7.8,34.1,103.0,0.0,0.5,75.0,36,Umerkot,2026-07-23 16:34:56.886994+00:00,15,3,6,48.0,54.0,66.0,38.666666666666664,45.166666666666664,51.583333333333336,8.066666666666666,5.629166666666666,33.33333333333334,21.72083333333333,-30.0,40.0,39.0,48.0
2026-06-11 16:00:00,36.8,16,1013.2,20.7,360,0.0,8.1,36.4,102.0,0.0,0.5,74.0,36,Umerkot,2026-07-23 16:34:56.886994+00:00,16,3,6,45.0,53.0,64.0,37.166666666666664,43.75,50.416666666666664,7.8,5.504166666666666,32.850000000000016,21.433333333333334,-28.0,41.0,39.0,51.0
2026-06-11 17:00:00,36.5,15,1012.9,20.7,360,0.0,8.2,37.0,102.0,0.0,0.4,73.0,36,Umerkot,2026-07-23 16:34:56.886994+00:00,17,3,6,42.0,53.0,63.0,36.166666666666664,42.333333333333336,49.291666666666664,7.433333333333334,5.4624999999999995,32.183333333333344,21.583333333333332,-27.0,42.0,38.0,53.0
2026-06-11 18:00:00,36.0,15,1012.7,20.0,2,0.0,7.7,30.7,101.0,0.0,0.4,71.0,36,Umerkot,2026-07-23 16:34:56.886994+00:00,18,3,6,38.0,53.0,61.0,35.833333333333336,40.916666666666664,48.25,7.650000000000001,5.4875,32.91666666666668,21.929166666666664,-25.0,43.0,37.0,54.0
2026-06-11 19:00:00,35.2,16,1012.9,19.1,4,0.0,7.1,23.5,100.0,0.0,0.4,68.0,35,Umerkot,2026-07-23 16:34:56.886994+00:00,19,3,6,36.0,52.0,60.0,35.666666666666664,39.5,47.208333333333336,7.699999999999999,5.566666666666666,32.13333333333335,22.32083333333333,-25.0,42.0,36.0,56.0
2026-06-11 20:00:00,34.3,17,1013.4,18.6,12,0.0,6.7,19.4,99.0,0.0,0.4,64.0,34,Umerkot,2026-07-23 16:34:56.886994+00:00,20,3,6,35.0,51.0,59.0,35.5,38.083333333333336,46.166666666666664,7.6000000000000005,5.695833333333333,30.18333333333334,22.774999999999995,-25.0,42.0,34.0,58.0
2026-06-11 21:00:00,33.3,18,1013.7,16.9,28,0.0,6.8,18.9,99.0,0.0,0.4,61.0,34,Umerkot,2026-07-23 16:34:56.886994+00:00,21,3,6,36.0,48.0,58.0,35.166666666666664,36.916666666666664,45.166666666666664,7.433333333333333,5.870833333333334,27.650000000000006,23.325000000000003,-24.0,41.0,33.0,60.0
2026-06-11 22:00:00,32.1,19,1014.2,14.1,38,0.0,7.0,19.8,99.0,0.0,0.4,58.0,33,Umerkot,2026-07-23 16:34:56.886994+00:00,22,3,6,36.0,45.0,57.0,34.666666666666664,35.916666666666664,44.166666666666664,7.25,6.074999999999999,24.883333333333344,23.954166666666666,-24.0,40.0,31.0,62.0
2026-06-11 23:00:00,31.0,21,1014.9,11.2,40,0.0,7.2,21.5,100.0,0.0,0.4,56.0,34,Umerkot,2026-07-23 16:34:56.886994+00:00,23,3,6,36.0,42.0,56.0,34.333333333333336,35.25,43.25,7.083333333333333,6.291666666666667,22.30000000000001,24.650000000000002,-22.0,38.0,29.0,63.0
2026-06-12 00:00:00,29.8,22,1015.0,11.0,21,0.0,7.5,22.9,100.0,0.0,0.4,54.0,35,Umerkot,2026-07-23 16:34:56.886994+00:00,0,4,6,36.0,38.0,55.0,34.166666666666664,35.0,42.416666666666664,7.05,6.508333333333333,21.00000000000001,25.366666666666664,-20.0,37.0,28.0,65.0
2026-06-12 01:00:00,28.7,24,1014.8,12.1,27,0.0,7.5,24.2,100.0,0.0,0.4,53.0,36,Umerkot,2026-07-23 16:34:56.886994+00:00,1,4,6,35.0,36.0,55.0,34.333333333333336,35.0,41.625,7.116666666666667,6.712500000000001,21.116666666666674,26.079166666666666,-19.0,35.0,26.0,66.0
2026-06-12 02:00:00,27.7,24,1014.4,12.2,37,0.0,7.5,24.7,99.0,0.0,0.3,51.0,37,Umerkot,2026-07-23 16:34:56.886994+00:00,2,4,6,34.0,35.0,54.0,34.833333333333336,35.166666666666664,40.916666666666664,7.25,6.900000000000001,22.00000000000001,26.704166666666666,-17.0,34.0,25.0,67.0
2026-06-12 03:00:00,26.9,24,1014.0,12.3,38,0.0,7.4,24.6,99.0,0.0,0.3,51.0,38,Umerkot,2026-07-23 16:34:56.886994+00:00,3,4,6,34.0,36.0,54.0,35.5,35.333333333333336,40.25,7.3500000000000005,7.066666666666666,22.950000000000006,27.1875,-16.0,33.0,25.0,67.0
2026-06-12 04:00:00,26.1,25,1013.7,11.9,39,0.0,7.3,24.4,99.0,0.0,0.3,52.0,39,Umerkot,2026-07-23 16:34:56.886994+00:00,4,4,6,33.0,36.0,53.0,36.5,35.583333333333336,39.666666666666664,7.400000000000001,7.2124999999999995,23.71666666666668,27.520833333333332,-14.0,33.0,25.0,68.0
2026-06-12 05:00:00,25.0,27,1014.0,11.0,25,0.0,7.1,22.9,100.0,0.0,0.4,53.0,40,Umerkot,2026-07-23 16:34:56.886994+00:00,5,4,6,34.0,36.0,53.0,37.5,35.916666666666664,39.125,7.383333333333333,7.333333333333333,23.950000000000006,27.666666666666668,-13.0,33.0,26.0,68.0
2026-06-12 06:00:00,24.0,30,1014.3,8.4,34,0.0,7.0,22.8,100.0,0.0,0.4,57.0,41,Umerkot,2026-07-23 16:34:56.886994+00:00,6,4,6,35.0,36.0,53.0,38.5,36.333333333333336,38.625,7.3,7.416666666666667,23.93333333333334,27.5625,-12.0,32.0,27.0,68.0
2026-06-12 07:00:00,23.7,31,1015.0,6.0,74,0.0,7.1,24.3,101.0,0.0,0.4,65.0,41,Umerkot,2026-07-23 16:34:56.886994+00:00,7,4,6,36.0,35.0,52.0,39.333333333333336,36.833333333333336,38.166666666666664,7.233333333333333,7.479166666666667,23.950000000000006,27.35833333333333,-11.0,32.0,29.0,69.0
2026-06-12 08:00:00,25.7,27,1015.6,5.7,139,0.0,7.6,27.1,102.0,0.0,0.4,76.0,42,Umerkot,2026-07-23 16:34:56.886994+00:00,8,4,6,37.0,34.0,51.0,40.166666666666664,37.5,37.791666666666664,7.25,7.545833333333333,24.35000000000001,27.379166666666666,-9.0,32.0,31.0,69.0
2026-06-12 09:00:00,28.2,23,1016.0,5.2,151,0.0,7.3,26.4,102.0,0.0,0.5,85.0,42,Umerkot,2026-07-23 16:34:56.886994+00:00,9,4,6,38.0,34.0,48.0,40.833333333333336,38.166666666666664,37.541666666666664,7.233333333333333,7.520833333333333,24.65000000000001,27.145833333333332,-6.0,32.0,33.0,70.0
2026-06-12 10:00:00,30.9,20,1015.8,7.1,150,0.0,6.9,23.7,102.0,0.0,0.8,90.0,42,Umerkot,2026-07-23 16:34:56.886994+00:00,10,4,6,39.0,33.0,45.0,41.333333333333336,38.916666666666664,37.416666666666664,7.166666666666667,7.404166666666666,24.533333333333342,26.495833333333334,-3.0,33.0,34.0,70.0
2026-06-12 11:00:00,33.1,16,1015.6,1.5,104,0.0,6.6,21.5,101.0,0.1,1.1,93.0,41,Umerkot,2026-07-23 16:34:56.886994+00:00,11,4,6,40.0,34.0,42.0,41.5,39.5,37.375,7.083333333333333,7.245833333333334,24.300000000000008,25.683333333333334,-1.0,35.0,36.0,71.0
2026-06-12 12:00:00,34.5,14,1015.6,10.1,329,0.0,1.9,6.9,101.0,0.1,1.4,93.0,40,Umerkot,2026-07-23 16:34:56.886994+00:00,12,4,6,41.0,35.0,38.0,41.333333333333336,39.916666666666664,37.458333333333336,6.233333333333333,7.058333333333334,21.65000000000001,24.875,2.0,36.0,37.0,71.0
2026-06-12 13:00:00,35.5,13,1015.2,13.9,333,0.0,2.0,7.4,101.0,0.1,1.5,93.0,39,Umerkot,2026-07-23 16:34:56.886994+00:00,13,4,6,41.0,36.0,36.0,41.0,40.166666666666664,37.583333333333336,5.383333333333333,6.858333333333333,18.833333333333343,24.00833333333333,3.0,37.0,40.0,71.0
2026-06-12 14:00:00,36.2,11,1014.5,17.8,340,0.0,2.2,8.4,101.0,0.1,1.6,93.0,38,Umerkot,2026-07-23 16:34:56.886994+00:00,14,4,6,42.0,37.0,35.0,40.333333333333336,40.25,37.708333333333336,4.483333333333333,6.645833333333333,15.716666666666677,23.0625,3.0,38.0,44.0,70.0
2026-06-12 15:00:00,36.2,11,1014.3,19.7,347,0.0,2.6,10.1,101.0,0.1,1.7,92.0,40,Umerkot,2026-07-23 16:34:56.886994+00:00,15,4,6,42.0,38.0,36.0,40.0,40.416666666666664,37.875,3.7000000000000006,6.429166666666666,13.000000000000009,22.0625,4.0,39.0,48.0,68.0
2026-06-12 16:00:00,36.3,11,1013.9,17.6,352,0.0,3.3,12.0,101.0,0.1,1.7,91.0,41,Umerkot,2026-07-23 16:34:56.886994+00:00,16,4,6,42.0,39.0,36.0,39.833333333333336,40.583333333333336,38.083333333333336,3.1,6.229166666666667,11.05000000000001,21.045833333333334,5.0,39.0,51.0,67.0
2026-06-12 17:00:00,36.1,11,1013.5,15.7,4,0.0,4.2,14.2,101.0,0.1,1.6,90.0,42,Umerkot,2026-07-23 16:34:56.886994+00:00,17,4,6,41.0,40.0,36.0,40.0,40.75,38.333333333333336,2.6999999999999997,6.0625,9.833333333333343,20.095833333333335,6.0,38.0,53.0,65.0
2026-06-12 18:00:00,35.6,12,1013.1,18.3,18,0.0,5.1,15.3,101.0,0.1,1.5,87.0,43,Umerkot,2026-07-23 16:34:56.886994+00:00,18,4,6,40.0,41.0,36.0,40.5,40.916666666666664,38.625,3.233333333333333,5.954166666666667,11.233333333333343,19.45416666666667,7.0,37.0,54.0,64.0
2026-06-12 19:00:00,34.6,13,1013.4,21.3,14,0.0,5.9,15.7,101.0,0.1,1.4,82.0,42,Umerkot,2026-07-23 16:34:56.886994+00:00,19,4,6,39.0,41.0,35.0,41.0,41.0,38.916666666666664,3.8833333333333333,5.904166666666666,12.616666666666676,19.129166666666666,7.0,36.0,56.0,62.0
2026-06-12 20:00:00,33.4,14,1014.0,20.8,9,0.0,6.5,16.2,100.0,0.1,1.3,77.0,42,Umerkot,2026-07-23 16:34:56.886994+00:00,20,4,6,38.0,42.0,34.0,41.666666666666664,41.0,39.25,4.6000000000000005,5.895833333333333,13.916666666666677,18.995833333333334,8.0,34.0,58.0,60.0
2026-06-12 21:00:00,32.4,16,1014.5,18.1,24,0.0,7.0,16.8,100.0,0.1,1.2,72.0,41,Umerkot,2026-07-23 16:34:56.886994+00:00,21,4,6,40.0,42.0,34.0,41.833333333333336,40.916666666666664,39.541666666666664,5.333333333333333,5.904166666666666,15.033333333333344,18.908333333333335,7.0,33.0,60.0,59.0
2026-06-12 22:00:00,31.4,17,1015.1,14.0,41,0.0,7.3,17.9,100.0,0.1,1.1,69.0,40,Umerkot,2026-07-23 16:34:56.886994+00:00,22,4,6,41.0,42.0,33.0,41.666666666666664,40.75,39.833333333333336,6.0,5.916666666666667,16.016666666666676,18.829166666666666,7.0,31.0,62.0,57.0
2026-06-12 23:00:00,30.3,19,1015.5,10.8,46,0.0,7.6,19.2,99.0,0.1,1.0,66.0,38,Umerkot,2026-07-23 16:34:56.886994+00:00,23,4,6,42.0,41.0,34.0,41.0,40.5,40.0,6.566666666666666,5.933333333333334,16.85000000000001,18.733333333333334,4.0,29.0,63.0,56.0
2026-06-13 00:00:00,29.1,21,1015.5,10.7,42,0.0,7.5,17.9,99.0,0.0,0.8,65.0,37,Umerkot,2026-07-23 16:34:56.886994+00:00,0,5,6,43.0,40.0,35.0,40.0,40.25,40.083333333333336,6.966666666666666,5.933333333333333,17.283333333333342,18.525000000000002,2.0,28.0,65.0,55.0
2026-06-13 01:00:00,28.1,23,1015.3,12.6,36,0.0,7.3,17.5,99.0,0.0,0.7,65.0,35,Umerkot,2026-07-23 16:34:56.886994+00:00,1,5,6,42.0,39.0,36.0,38.833333333333336,39.916666666666664,40.041666666666664,7.199999999999999,5.925,17.583333333333343,18.245833333333334,-1.0,26.0,66.0,54.0
2026-06-13 02:00:00,27.1,24,1015.2,12.6,31,0.0,7.1,16.6,98.0,0.0,0.7,65.0,34,Umerkot,2026-07-23 16:34:56.886994+00:00,2,5,6,42.0,38.0,37.0,37.5,39.583333333333336,39.916666666666664,7.3,5.908333333333332,17.65000000000001,17.90833333333333,-3.0,25.0,67.0,53.0
2026-06-13 03:00:00,26.1,26,1014.9,11.4,27,0.0,6.8,15.9,98.0,0.0,0.6,65.0,33,Umerkot,2026-07-23 16:34:56.886994+00:00,3,5,6,41.0,40.0,38.0,36.166666666666664,39.0,39.708333333333336,7.266666666666666,5.883333333333334,17.50000000000001,17.545833333333334,-5.0,25.0,67.0,52.0
2026-06-13 04:00:00,25.1,27,1014.6,11.0,32,0.0,6.6,15.8,98.0,0.0,0.5,65.0,33,Umerkot,2026-07-23 16:34:56.886994+00:00,4,5,6,40.0,41.0,39.0,35.0,38.333333333333336,39.458333333333336,7.1499999999999995,5.854166666666667,17.15000000000001,17.1875,-6.0,25.0,68.0,51.0
2026-06-13 05:00:00,24.3,29,1014.3,9.9,53,0.0,6.2,14.2,98.0,0.1,0.5,65.0,33,Umerkot,2026-07-23 16:34:56.886994+00:00,5,5,6,38.0,42.0,40.0,34.166666666666664,37.583333333333336,39.166666666666664,6.916666666666667,5.816666666666666,16.316666666666677,16.825,-7.0,26.0,68.0,51.0
2026-06-13 06:00:00,23.5,30,1014.2,9.4,83,0.0,6.3,16.4,99.0,0.1,0.5,68.0,32,Umerkot,2026-07-23 16:34:56.886994+00:00,6,5,6,37.0,43.0,41.0,33.333333333333336,36.666666666666664,38.791666666666664,6.716666666666666,5.7875000000000005,16.066666666666674,16.558333333333334,-9.0,27.0,68.0,50.0
2026-06-13 07:00:00,23.1,31,1014.7,9.6,118,0.0,6.6,19.8,100.0,0.1,0.6,75.0,32,Umerkot,2026-07-23 16:34:56.886994+00:00,7,5,6,35.0,42.0,41.0,32.833333333333336,35.833333333333336,38.416666666666664,6.6000000000000005,5.766666666666667,16.45000000000001,16.370833333333334,-9.0,29.0,69.0,48.0
2026-06-13 08:00:00,25.2,27,1015.2,8.5,148,0.0,6.5,20.1,101.0,0.0,0.7,84.0,32,Umerkot,2026-07-23 16:34:56.886994+00:00,8,5,6,34.0,42.0,42.0,32.5,35.0,38.0,6.5,5.720833333333334,17.033333333333342,16.07916666666667,-10.0,31.0,69.0,46.0
2026-06-13 09:00:00,28.7,22,1015.8,8.5,156,0.0,7.2,24.4,102.0,0.0,0.8,90.0,32,Umerkot,2026-07-23 16:34:56.886994+00:00,9,5,6,33.0,41.0,42.0,32.333333333333336,34.25,37.583333333333336,6.566666666666667,5.716666666666666,18.450000000000006,15.995833333333332,-10.0,33.0,70.0,44.0
2026-06-13 10:00:00,31.6,17,1015.7,7.9,141,0.0,8.4,30.9,102.0,0.0,0.7,90.0,33,Umerkot,2026-07-23 16:34:56.886994+00:00,10,5,6,33.0,40.0,42.0,32.333333333333336,33.666666666666664,37.208333333333336,6.866666666666667,5.779166666666666,20.966666666666676,16.29583333333333,-9.0,34.0,70.0,41.0
2026-06-13 11:00:00,33.2,16,1015.9,3.9,68,0.0,9.5,36.1,101.0,0.0,0.6,87.0,35,Umerkot,2026-07-23 16:34:56.886994+00:00,11,5,6,33.0,38.0,41.0,32.666666666666664,33.416666666666664,36.958333333333336,7.416666666666667,5.8999999999999995,24.616666666666674,16.904166666666665,-6.0,36.0,71.0,39.0
2026-06-13 12:00:00,34.7,15,1015.6,8.4,25,0.0,1.4,6.3,100.0,0.0,0.5,84.0,36,Umerkot,2026-07-23 16:34:56.886994+00:00,12,5,6,32.0,37.0,40.0,33.333333333333336,33.333333333333336,36.791666666666664,6.6000000000000005,5.879166666666666,22.933333333333348,16.879166666666666,-4.0,37.0,71.0,36.0
2026-06-13 13:00:00,36.0,14,1014.7,10.0,23,0.0,2.0,10.8,100.0,0.0,0.5,82.0,37,Umerkot,2026-07-23 16:34:56.886994+00:00,13,5,6,32.0,35.0,39.0,34.166666666666664,33.5,36.708333333333336,5.833333333333333,5.879166666666666,21.43333333333334,17.020833333333332,-2.0,40.0,71.0,35.0
2026-06-13 14:00:00,37.1,13,1013.9,13.7,25,0.0,2.4,12.9,101.0,0.0,0.4,79.0,38,Umerkot,2026-07-23 16:34:56.886994+00:00,14,5,6,32.0,34.0,38.0,35.166666666666664,33.833333333333336,36.708333333333336,5.15,5.8875,20.23333333333334,17.208333333333332,0.0,44.0,70.0,34.0
2026-06-13 15:00:00,37.2,14,1013.6,13.8,36,0.0,2.5,13.9,101.0,0.0,0.4,76.0,39,Umerkot,2026-07-23 16:34:56.886994+00:00,15,5,6,32.0,33.0,40.0,36.333333333333336,34.333333333333336,36.666666666666664,4.366666666666667,5.883333333333334,18.483333333333345,17.366666666666664,-1.0,48.0,68.0,34.0
2026-06-13 16:00:00,37.7,14,1013.2,17.1,22,0.0,2.5,14.1,101.0,0.0,0.4,73.0,39,Umerkot,2026-07-23 16:34:56.886994+00:00,16,5,6,33.0,33.0,41.0,37.333333333333336,34.833333333333336,36.583333333333336,3.3833333333333333,5.8500000000000005,15.683333333333342,17.454166666666666,-2.0,51.0,67.0,34.0
2026-06-13 17:00:00,37.5,14,1012.7,18.7,16,0.0,2.4,13.3,102.0,0.0,0.5,70.0,38,Umerkot,2026-07-23 16:34:56.886994+00:00,17,5,6,35.0,33.0,42.0,37.833333333333336,35.25,36.416666666666664,2.1999999999999997,5.775000000000001,11.883333333333342,17.416666666666668,-4.0,53.0,65.0,35.0
2026-06-13 18:00:00,37.2,14,1012.3,18.7,18,0.0,2.0,9.5,102.0,0.0,0.5,67.0,37,Umerkot,2026-07-23 16:34:56.886994+00:00,18,5,6,36.0,32.0,43.0,38.0,35.666666666666664,36.166666666666664,2.3,5.645833333333333,12.416666666666677,17.175,-6.0,54.0,64.0,35.0
2026-06-13 19:00:00,36.7,14,1012.3,19.4,20,0.0,1.5,5.6,102.0,0.0,0.5,62.0,36,Umerkot,2026-07-23 16:34:56.886994+00:00,19,5,6,37.0,32.0,42.0,37.833333333333336,36.0,35.916666666666664,2.2166666666666663,5.462500000000001,11.55000000000001,16.754166666666666,-6.0,56.0,62.0,35.0
2026-06-13 20:00:00,35.8,15,1012.5,20.6,20,0.0,1.2,3.6,101.0,0.0,0.4,57.0,34,Umerkot,2026-07-23 16:34:56.886994+00:00,20,5,6,38.0,32.0,42.0,37.166666666666664,36.166666666666664,35.583333333333336,2.0166666666666666,5.241666666666666,10.000000000000009,16.229166666666668,-8.0,58.0,60.0,34.0
2026-06-13 21:00:00,34.7,17,1012.9,17.0,39,0.0,1.0,3.0,101.0,0.0,0.4,52.0,33,Umerkot,2026-07-23 16:34:56.886994+00:00,21,5,6,39.0,32.0,41.0,36.166666666666664,36.25,35.25,1.7666666666666668,4.991666666666666,8.183333333333342,15.654166666666667,-8.0,60.0,59.0,34.0
2026-06-13 22:00:00,33.4,18,1013.3,11.5,63,0.0,1.0,3.0,101.0,0.0,0.4,49.0,31,Umerkot,2026-07-23 16:34:56.886994+00:00,22,5,6,39.0,33.0,40.0,34.833333333333336,36.083333333333336,34.875,1.5166666666666668,4.729166666666667,6.333333333333343,15.033333333333333,-9.0,62.0,57.0,34.0
2026-06-13 23:00:00,32.1,20,1013.7,8.9,71,0.0,1.1,3.6,100.0,0.1,0.4,47.0,29,Umerkot,2026-07-23 16:34:56.886994+00:00,23,5,6,38.0,35.0,38.0,33.333333333333336,35.583333333333336,34.5,1.3,4.458333333333333,4.716666666666676,14.383333333333335,-9.0,63.0,56.0,35.0
2026-06-14 00:00:00,30.9,22,1013.7,7.6,76,0.0,4.4,13.6,100.0,0.0,0.4,45.0,28,Umerkot,2026-07-23 16:34:56.886994+00:00,0,6,6,37.0,36.0,37.0,31.833333333333332,34.916666666666664,34.125,1.7000000000000002,4.329166666666667,5.400000000000009,14.204166666666666,-9.0,65.0,55.0,36.0
2026-06-14 01:00:00,29.8,24,1013.6,5.6,2,0.0,7.2,21.1,100.0,0.0,0.4,45.0,26,Umerkot,2026-07-23 16:34:56.886994+00:00,1,6,6,36.0,37.0,35.0,30.166666666666668,34.0,33.75,2.6500000000000004,4.325,7.983333333333344,14.354166666666666,-9.0,66.0,54.0,37.0
2026-06-14 02:00:00,28.8,25,1013.6,8.8,355,0.0,9.3,25.1,99.0,0.0,0.5,45.0,25,Umerkot,2026-07-23 16:34:56.886994+00:00,2,6,6,34.0,38.0,34.0,28.666666666666668,32.916666666666664,33.375,4.0,4.416666666666667,11.566666666666677,14.708333333333334,-9.0,67.0,53.0,38.0
2026-06-14 03:00:00,28.2,24,1013.1,11.4,356,0.0,10.3,26.4,99.0,0.0,0.5,46.0,25,Umerkot,2026-07-23 16:34:56.886994+00:00,3,6,6,33.0,39.0,33.0,27.333333333333332,31.75,33.041666666666664,5.550000000000001,4.5625,15.466666666666676,15.145833333333334,-8.0,67.0,52.0,39.0
2026-06-14 04:00:00,26.9,27,1013.0,9.4,348,0.0,10.8,28.3,99.0,0.0,0.5,50.0,25,Umerkot,2026-07-23 16:34:56.886994+00:00,4,6,6,31.0,39.0,33.0,26.333333333333332,30.583333333333332,32.708333333333336,7.183333333333334,4.7375,19.68333333333334,15.666666666666666,-8.0,68.0,51.0,40.0
2026-06-14 05:00:00,26.1,29,1013.0,10.0,346,0.0,11.1,30.4,100.0,0.0,0.5,55.0,26,Umerkot,2026-07-23 16:34:56.886994+00:00,5,6,6,29.0,38.0,33.0,25.833333333333332,29.583333333333332,32.416666666666664,8.85,4.941666666666667,24.15000000000001,16.341666666666665,-7.0,68.0,51.0,41.0
2026-06-14 06:00:00,25.3,31,1013.2,10.9,338,0.0,12.6,48.5,100.0,0.0,0.5,60.0,27,Umerkot,2026-07-23 16:34:56.886994+00:00,6,6,6,28.0,37.0,32.0,25.666666666666668,28.75,32.208333333333336,10.216666666666667,5.204166666666667,29.96666666666668,17.679166666666667,-5.0,68.0,50.0,42.0
2026-06-14 07:00:00,24.9,33,1013.4,9.5,346,0.0,13.6,69.6,101.0,0.0,0.5,66.0,29,Umerkot,2026-07-23 16:34:56.886994+00:00,7,6,6,26.0,36.0,32.0,26.166666666666668,28.166666666666668,32.083333333333336,11.283333333333333,5.495833333333334,38.050000000000004,19.754166666666666,-3.0,69.0,48.0,42.0
2026-06-14 08:00:00,26.9,30,1013.8,9.2,340,0.0,15.0,79.2,101.0,0.0,0.5,72.0,31,Umerkot,2026-07-23 16:34:56.886994+00:00,8,6,6,25.0,34.0,32.0,27.166666666666668,27.916666666666668,32.041666666666664,12.233333333333334,5.8500000000000005,47.06666666666667,22.216666666666665,-1.0,69.0,46.0,43.0
2026-06-14 09:00:00,29.2,27,1014.3,12.7,344,0.0,15.0,75.0,102.0,0.0,0.5,76.0,33,Umerkot,2026-07-23 16:34:56.886994+00:00,9,6,6,25.0,33.0,32.0,28.5,27.916666666666668,32.083333333333336,13.016666666666667,6.175000000000001,55.16666666666668,24.325,1.0,70.0,44.0,44.0
2026-06-14 10:00:00,30.8,24,1014.5,17.3,357,0.0,14.3,68.7,102.0,0.0,0.5,76.0,34,Umerkot,2026-07-23 16:34:56.886994+00:00,10,6,6,25.0,31.0,33.0,30.0,28.166666666666668,32.125,13.600000000000001,6.420833333333334,61.90000000000001,25.900000000000002,1.0,70.0,41.0,45.0
2026-06-14 11:00:00,32.2,22,1014.5,14.9,360,0.0,14.1,67.5,102.0,0.0,0.4,74.0,36,Umerkot,2026-07-23 16:34:56.886994+00:00,11,6,6,26.0,29.0,35.0,31.666666666666668,28.75,32.166666666666664,14.1,6.612500000000001,68.08333333333336,27.208333333333332,1.0,71.0,39.0,46.0
2026-06-14 12:00:00,33.7,20,1014.1,10.5,353,0.0,15.4,77.8,102.0,0.0,0.4,74.0,37,Umerkot,2026-07-23 16:34:56.886994+00:00,12,6,6,27.0,28.0,36.0,33.333333333333336,29.5,32.208333333333336,14.566666666666668,7.195833333333334,72.96666666666668,30.1875,1.0,71.0,36.0,47.0
2026-06-14 13:00:00,35.2,19,1013.3,10.7,324,0.0,17.6,90.3,102.0,0.0,0.4,75.0,40,Umerkot,2026-07-23 16:34:56.886994+00:00,13,6,6,29.0,26.0,37.0,35.166666666666664,30.666666666666668,32.333333333333336,15.233333333333334,7.845833333333334,76.41666666666667,33.5,3.0,71.0,35.0,48.0
2026-06-14 14:00:00,36.3,17,1012.5,16.7,312,0.0,20.4,105.7,102.0,0.0,0.4,78.0,44,Umerkot,2026-07-23 16:34:56.886994+00:00,14,6,6,31.0,25.0,38.0,37.333333333333336,32.25,32.583333333333336,16.133333333333333,8.595833333333333,80.83333333333334,37.36666666666667,6.0,70.0,34.0,49.0
2026-06-14 15:00:00,36.6,17,1011.9,19.6,314,0.0,23.3,122.0,102.0,0.0,0.4,79.0,48,Umerkot,2026-07-23 16:34:56.886994+00:00,15,6,6,33.0,25.0,39.0,39.833333333333336,34.166666666666664,32.958333333333336,17.516666666666666,9.4625,88.66666666666669,41.87083333333333,9.0,68.0,34.0,50.0
2026-06-14 16:00:00,37.0,16,1011.2,22.8,311,0.0,25.0,132.2,102.0,0.0,0.4,80.0,51,Umerkot,2026-07-23 16:34:56.886994+00:00,16,6,6,34.0,25.0,39.0,42.666666666666664,36.333333333333336,33.458333333333336,19.3,10.4,99.25,46.791666666666664,12.0,67.0,34.0,51.0
2026-06-14 17:00:00,36.7,16,1010.9,23.8,320,0.0,25.7,134.6,101.0,0.0,0.4,81.0,53,Umerkot,2026-07-23 16:34:56.886994+00:00,17,6,6,36.0,26.0,38.0,45.5,38.583333333333336,34.083333333333336,21.233333333333334,11.370833333333332,110.43333333333334,51.84583333333333,15.0,65.0,35.0,51.0
2026-06-14 18:00:00,36.2,17,1010.5,22.6,329,0.0,25.1,114.6,101.0,0.0,0.4,79.0,54,Umerkot,2026-07-23 16:34:56.886994+00:00,18,6,6,37.0,27.0,37.0,48.333333333333336,40.833333333333336,34.791666666666664,22.849999999999998,12.333333333333334,116.56666666666668,56.225,17.0,64.0,35.0,51.0
2026-06-14 19:00:00,35.5,17,1010.4,23.2,333,0.0,24.4,96.2,101.0,0.0,0.4,74.0,56,Umerkot,2026-07-23 16:34:56.886994+00:00,19,6,6,40.0,29.0,36.0,51.0,43.083333333333336,35.625,23.983333333333334,13.2875,117.55000000000001,60.0,20.0,62.0,35.0,51.0
2026-06-14 20:00:00,34.4,17,1010.9,20.7,342,0.0,23.7,80.1,100.0,0.0,0.4,67.0,58,Umerkot,2026-07-23 16:34:56.886994+00:00,20,6,6,44.0,31.0,34.0,53.333333333333336,45.333333333333336,36.625,24.53333333333333,14.225,113.28333333333335,63.1875,24.0,60.0,34.0,52.0
2026-06-14 21:00:00,32.7,20,1011.4,20.4,16,0.0,22.8,65.7,100.0,0.0,0.4,61.0,60,Umerkot,2026-07-23 16:34:56.886994+00:00,21,6,6,48.0,33.0,33.0,55.333333333333336,47.583333333333336,37.75,24.45,15.133333333333333,103.90000000000002,65.8,27.0,59.0,34.0,52.0
2026-06-14 22:00:00,31.4,21,1012.1,17.6,26,0.0,21.8,57.3,99.0,0.0,0.4,58.0,62,Umerkot,2026-07-23 16:34:56.886994+00:00,22,6,6,51.0,34.0,31.0,57.166666666666664,49.916666666666664,39.041666666666664,23.916666666666668,16.0,91.41666666666667,68.0625,31.0,57.0,34.0,52.0
2026-06-14 23:00:00,30.2,23,1012.9,14.5,30,0.0,20.5,53.8,99.0,0.0,0.5,57.0,63,Umerkot,2026-07-23 16:34:56.886994+00:00,23,6,6,53.0,36.0,29.0,58.833333333333336,52.166666666666664,40.458333333333336,23.05,16.808333333333334,77.95,70.15416666666667,34.0,56.0,35.0,51.0
2026-06-15 00:00:00,28.9,25,1013.4,12.1,33,0.0,18.6,51.3,98.0,0.0,0.5,57.0,65,Umerkot,2026-07-23 16:34:56.886994+00:00,0,0,6,54.0,37.0,28.0,60.666666666666664,54.5,42.0,21.96666666666667,17.400000000000002,67.4,71.725,37.0,55.0,36.0,51.0
2026-06-15 01:00:00,27.8,27,1013.4,11.3,36,0.0,17.5,49.8,98.0,0.0,0.5,55.0,66,Umerkot,2026-07-23 16:34:56.886994+00:00,1,0,6,56.0,40.0,26.0,62.333333333333336,56.666666666666664,43.666666666666664,20.816666666666666,17.82916666666667,59.66666666666668,72.92083333333333,40.0,54.0,37.0,50.0
2026-06-15 02:00:00,26.6,30,1013.2,10.4,39,0.0,16.7,48.1,97.0,0.0,0.6,53.0,67,Umerkot,2026-07-23 16:34:56.886994+00:00,2,0,6,58.0,44.0,25.0,63.833333333333336,58.583333333333336,45.416666666666664,19.650000000000002,18.1375,54.33333333333334,73.87916666666666,42.0,53.0,38.0,49.0
2026-06-15 03:00:00,25.5,33,1012.7,9.4,48,0.0,16.3,47.7,97.0,0.0,0.6,52.0,67,Umerkot,2026-07-23 16:34:56.886994+00:00,3,0,6,60.0,48.0,25.0,65.0,60.166666666666664,47.166666666666664,18.566666666666666,18.3875,51.33333333333334,74.76666666666667,42.0,52.0,39.0,47.0
2026-06-15 04:00:00,24.5,36,1012.7,9.1,51,0.0,16.1,47.5,97.0,0.0,0.7,52.0,68,Umerkot,2026-07-23 16:34:56.886994+00:00,4,0,6,62.0,51.0,25.0,66.0,61.583333333333336,48.958333333333336,17.616666666666667,18.60833333333333,49.70000000000001,75.56666666666668,43.0,51.0,40.0,45.0
2026-06-15 05:00:00,23.5,40,1012.6,7.8,61,0.0,15.6,43.8,98.0,0.0,0.7,53.0,68,Umerkot,2026-07-23 16:34:56.886994+00:00,5,0,6,63.0,53.0,26.0,66.83333333333333,62.833333333333336,50.708333333333336,16.8,18.795833333333334,48.03333333333334,76.125,42.0,51.0,41.0,43.0
2026-06-15 06:00:00,22.7,43,1012.8,6.7,71,0.0,17.2,54.6,98.0,0.0,0.8,56.0,68,Umerkot,2026-07-23 16:34:56.886994+00:00,6,0,6,65.0,54.0,27.0,67.33333333333333,64.0,52.416666666666664,16.566666666666666,18.9875,48.58333333333334,76.37916666666666,41.0,50.0,42.0,42.0
2026-06-15 07:00:00,22.4,45,1013.2,5.9,76,0.0,19.8,72.4,99.0,0.0,0.9,62.0,69,Umerkot,2026-07-23 16:34:56.886994+00:00,7,0,6,66.0,56.0,29.0,67.83333333333333,65.08333333333333,54.083333333333336,16.95,19.245833333333334,52.350000000000016,76.49583333333334,40.0,48.0,42.0,40.0
2026-06-15 08:00:00,24.2,40,1013.9,4.1,52,0.0,20.7,78.0,99.0,0.0,0.9,70.0,69,Umerkot,2026-07-23 16:34:56.886994+00:00,8,0,6,67.0,58.0,31.0,68.16666666666667,66.0,55.666666666666664,17.616666666666664,19.483333333333334,57.33333333333334,76.44583333333334,38.0,46.0,43.0,38.0
2026-06-15 09:00:00,26.5,35,1014.2,5.8,60,0.0,21.1,80.6,100.0,0.0,0.9,75.0,70,Umerkot,2026-07-23 16:34:56.886994+00:00,9,0,6,67.0,60.0,33.0,68.66666666666667,66.83333333333333,57.208333333333336,18.416666666666668,19.7375,62.81666666666667,76.67916666666666,37.0,44.0,44.0,37.0
2026-06-15 10:00:00,28.9,31,1014.5,9.1,73,0.0,21.1,83.1,100.0,0.0,0.8,76.0,70,Umerkot,2026-07-23 16:34:56.886994+00:00,10,0,6,68.0,62.0,34.0,69.0,67.5,58.708333333333336,19.25,20.020833333333332,68.75000000000001,77.27916666666667,36.0,41.0,45.0,35.0
2026-06-15 11:00:00,30.8,28,1014.6,11.8,84,0.0,20.0,78.2,100.0,0.0,0.8,76.0,71,Umerkot,2026-07-23 16:34:56.886994+00:00,11,0,6,68.0,63.0,36.0,69.5,68.16666666666667,60.166666666666664,19.983333333333334,20.266666666666666,74.48333333333333,77.72500000000001,35.0,39.0,46.0,33.0
2026-06-15 12:00:00,32.2,25,1014.6,8.6,79,0.0,6.1,25.1,100.0,0.0,0.7,76.0,71,Umerkot,2026-07-23 16:34:56.886994+00:00,12,0,6,68.0,65.0,37.0,70.0,68.66666666666667,61.583333333333336,18.133333333333336,19.879166666666666,69.56666666666668,75.52916666666667,34.0,36.0,47.0,35.0
2026-06-15 13:00:00,33.2,22,1014.0,5.0,44,0.0,5.5,22.8,100.0,0.0,0.7,76.0,71,Umerkot,2026-07-23 16:34:56.886994+00:00,13,0,6,69.0,66.0,40.0,70.33333333333333,69.08333333333333,62.875,15.75,19.375,61.300000000000004,72.71666666666667,31.0,35.0,48.0,36.0
2026-06-15 14:00:00,34.1,20,1013.4,6.0,5,0.0,5.1,20.8,100.0,0.0,0.7,76.0,70,Umerkot,2026-07-23 16:34:56.886994+00:00,14,0,6,69.0,67.0,44.0,70.5,69.33333333333333,63.958333333333336,13.15,18.7375,51.76666666666667,69.17916666666666,26.0,34.0,49.0,38.0
2026-06-15 15:00:00,34.4,19,1012.9,9.3,16,0.0,4.7,19.3,100.0,0.0,0.7,75.0,68,Umerkot,2026-07-23 16:34:56.886994+00:00,15,0,6,70.0,67.0,48.0,70.16666666666667,69.41666666666667,64.79166666666667,10.416666666666666,17.962500000000002,41.55000000000001,64.9,20.0,34.0,50.0,38.0
2026-06-15 16:00:00,34.9,19,1012.5,10.8,15,0.0,4.4,18.1,100.0,0.0,0.7,74.0,67,Umerkot,2026-07-23 16:34:56.886994+00:00,16,0,6,70.0,68.0,51.0,69.66666666666667,69.33333333333333,65.45833333333333,7.633333333333333,17.104166666666668,30.716666666666672,60.145833333333336,16.0,34.0,51.0,39.0
2026-06-15 17:00:00,34.9,18,1012.3,13.4,20,0.0,4.2,17.1,100.0,0.0,0.7,74.0,65,Umerkot,2026-07-23 16:34:56.886994+00:00,17,0,6,71.0,68.0,53.0,68.66666666666667,69.08333333333333,65.95833333333333,5.0,16.208333333333332,20.533333333333342,55.25,12.0,35.0,51.0,38.0
2026-06-15 18:00:00,34.5,19,1012.1,15.7,19,0.0,4.0,15.4,100.0,0.0,0.7,72.0,64,Umerkot,2026-07-23 16:34:56.886994+00:00,18,0,6,71.0,68.0,54.0,67.5,68.75,66.375,4.6499999999999995,15.329166666666666,18.916666666666675,51.11666666666667,10.0,35.0,51.0,38.0
2026-06-15 19:00:00,33.8,19,1012.0,16.0,23,0.0,3.8,13.5,100.0,0.0,0.7,69.0,62,Umerkot,2026-07-23 16:34:56.886994+00:00,19,0,6,71.0,69.0,56.0,66.0,68.16666666666667,66.625,4.366666666666666,14.470833333333333,17.366666666666678,47.67083333333333,6.0,35.0,51.0,36.0
2026-06-15 20:00:00,33.0,20,1012.4,15.4,29,0.0,3.7,12.4,100.0,0.0,0.7,65.0,60,Umerkot,2026-07-23 16:34:56.886994+00:00,20,0,6,70.0,69.0,58.0,64.33333333333333,67.41666666666667,66.70833333333333,4.133333333333334,13.637500000000001,15.966666666666677,44.85,2.0,34.0,52.0,35.0
2026-06-15 21:00:00,32.1,21,1012.9,16.9,43,0.0,3.8,12.0,100.0,0.0,0.7,61.0,59,Umerkot,2026-07-23 16:34:56.886994+00:00,21,0,6,68.0,70.0,60.0,62.833333333333336,66.5,66.66666666666667,3.983333333333334,12.845833333333333,14.750000000000009,42.6125,-1.0,34.0,52.0,34.0
2026-06-15 22:00:00,31.3,22,1013.5,14.4,31,0.0,4.0,12.0,100.0,0.0,0.7,58.0,57,Umerkot,2026-07-23 16:34:56.886994+00:00,22,0,6,67.0,70.0,62.0,61.166666666666664,65.41666666666667,66.45833333333333,3.9166666666666665,12.104166666666666,13.733333333333343,40.725,-5.0,34.0,52.0,32.0
2026-06-15 23:00:00,30.2,23,1014.1,13.4,28,0.0,4.3,12.6,99.0,0.0,0.8,56.0,56,Umerkot,2026-07-23 16:34:56.886994+00:00,23,0,6,65.0,71.0,63.0,59.666666666666664,64.16666666666667,66.16666666666667,3.9333333333333336,11.429166666666667,12.983333333333343,39.00833333333333,-7.0,35.0,51.0,31.0
2026-06-16 00:00:00,29.1,25,1014.2,11.5,49,0.0,5.5,15.9,99.0,0.0,0.8,55.0,55,Umerkot,2026-07-23 16:34:56.886994+00:00,0,1,6,64.0,71.0,65.0,58.166666666666664,62.833333333333336,65.75,4.183333333333334,10.883333333333333,13.066666666666677,37.53333333333333,-10.0,36.0,51.0,29.0
2026-06-16 01:00:00,28.1,27,1014.1,11.0,67,0.0,6.2,18.2,99.0,0.0,0.8,53.0,54,Umerkot,2026-07-23 16:34:56.886994+00:00,1,1,6,62.0,71.0,66.0,56.833333333333336,61.416666666666664,65.25,4.583333333333333,10.4125,13.850000000000009,36.21666666666667,-12.0,37.0,50.0,28.0
2026-06-16 02:00:00,27.2,29,1013.6,10.7,65,0.0,7.0,20.6,98.0,0.0,0.8,51.0,53,Umerkot,2026-07-23 16:34:56.886994+00:00,2,1,6,60.0,70.0,67.0,55.666666666666664,60.0,64.66666666666667,5.133333333333334,10.008333333333333,15.216666666666676,35.07083333333333,-14.0,38.0,49.0,27.0
2026-06-16 03:00:00,26.1,32,1013.3,11.3,59,0.0,7.6,22.8,98.0,0.0,0.8,49.0,52,Umerkot,2026-07-23 16:34:56.886994+00:00,3,1,6,59.0,68.0,67.0,54.5,58.666666666666664,64.04166666666667,5.766666666666667,9.645833333333334,17.016666666666676,34.03333333333334,-15.0,39.0,47.0,26.0
2026-06-16 04:00:00,25.4,33,1013.2,11.3,61,0.0,8.0,24.2,98.0,0.0,0.8,48.0,51,Umerkot,2026-07-23 16:34:56.886994+00:00,4,1,6,57.0,67.0,68.0,53.5,57.333333333333336,63.333333333333336,6.433333333333334,9.308333333333334,19.050000000000008,33.0625,-17.0,40.0,45.0,26.0
2026-06-16 05:00:00,24.7,35,1013.3,10.8,72,0.0,8.2,24.8,98.0,0.0,0.8,48.0,51,Umerkot,2026-07-23 16:34:56.886994+00:00,5,1,6,56.0,65.0,68.0,52.666666666666664,56.166666666666664,62.625,7.083333333333333,9.0,21.083333333333343,32.270833333333336,-17.0,41.0,43.0,27.0
2026-06-16 06:00:00,23.8,37,1013.7,10.3,93,0.0,9.4,32.9,98.0,0.0,0.8,50.0,50,Umerkot,2026-07-23 16:34:56.886994+00:00,6,1,6,55.0,64.0,68.0,51.833333333333336,55.0,61.875,7.733333333333333,8.675,23.916666666666675,31.366666666666664,-18.0,42.0,42.0,27.0
2026-06-16 07:00:00,23.3,38,1014.6,9.9,95,0.0,11.1,43.1,99.0,0.0,0.8,57.0,48,Umerkot,2026-07-23 16:34:56.886994+00:00,7,1,6,54.0,62.0,69.0,50.833333333333336,53.833333333333336,61.0,8.549999999999999,8.3125,28.066666666666677,30.145833333333332,-21.0,42.0,40.0,27.0
2026-06-16 08:00:00,24.9,34,1015.1,6.8,92,0.0,11.6,46.7,99.0,0.1,0.9,66.0,46,Umerkot,2026-07-23 16:34:56.886994+00:00,8,1,6,53.0,60.0,69.0,49.666666666666664,52.666666666666664,60.041666666666664,9.316666666666666,7.933333333333334,32.41666666666668,28.84166666666667,-23.0,43.0,38.0,27.0
2026-06-16 09:00:00,27.4,29,1015.4,7.9,90,0.0,9.8,39.5,100.0,0.1,0.9,73.0,44,Umerkot,2026-07-23 16:34:56.886994+00:00,9,1,6,52.0,59.0,70.0,48.333333333333336,51.416666666666664,58.958333333333336,9.683333333333332,7.462500000000001,35.20000000000001,27.129166666666663,-26.0,44.0,37.0,27.0
2026-06-16 10:00:00,30.2,25,1015.3,10.6,91,0.0,8.5,34.6,100.0,0.1,0.9,75.0,41,Umerkot,2026-07-23 16:34:56.886994+00:00,10,1,6,51.0,57.0,70.0,46.666666666666664,50.083333333333336,57.75,9.766666666666666,6.9375,36.933333333333344,25.108333333333334,-29.0,45.0,35.0,27.0
2026-06-16 11:00:00,32.6,21,1015.4,13.3,99,0.0,7.8,31.9,99.0,0.0,0.8,74.0,39,Umerkot,2026-07-23 16:34:56.886994+00:00,11,1,6,51.0,56.0,71.0,44.666666666666664,48.666666666666664,56.416666666666664,9.700000000000001,6.429166666666666,38.116666666666674,23.179166666666664,-32.0,46.0,33.0,29.0
2026-06-16 12:00:00,34.1,19,1015.4,10.4,113,0.0,2.6,9.5,99.0,0.0,0.7,73.0,36,Umerkot,2026-07-23 16:34:56.886994+00:00,12,1,6,50.0,55.0,71.0,42.333333333333336,47.083333333333336,54.958333333333336,8.566666666666666,6.283333333333332,34.216666666666676,22.52916666666667,-35.0,47.0,35.0,30.0
2026-06-16 13:00:00,35.1,18,1014.9,3.8,121,0.0,2.7,9.5,99.0,0.0,0.7,74.0,35,Umerkot,2026-07-23 16:34:56.886994+00:00,13,1,6,48.0,54.0,71.0,40.166666666666664,45.5,53.458333333333336,7.166666666666667,6.166666666666667,28.616666666666674,21.975000000000005,-36.0,48.0,36.0,31.0
2026-06-16 14:00:00,35.9,16,1014.5,2.1,31,0.0,2.8,9.4,99.0,0.0,0.6,75.0,34,Umerkot,2026-07-23 16:34:56.886994+00:00,14,1,6,46.0,53.0,70.0,38.166666666666664,43.916666666666664,51.958333333333336,5.699999999999999,6.070833333333333,22.40000000000001,21.5,-36.0,49.0,38.0,33.0
2026-06-16 15:00:00,36.1,16,1013.9,5.4,34,0.0,2.9,9.3,99.0,0.0,0.6,76.0,34,Umerkot,2026-07-23 16:34:56.886994+00:00,15,1,6,44.0,52.0,68.0,36.5,42.416666666666664,50.541666666666664,4.55,5.995833333333333,17.366666666666678,21.083333333333332,-34.0,50.0,38.0,34.0
2026-06-16 16:00:00,36.7,15,1013.3,7.2,32,0.0,3.0,9.5,99.0,0.0,0.6,76.0,34,Umerkot,2026-07-23 16:34:56.886994+00:00,16,1,6,41.0,51.0,67.0,35.333333333333336,41.0,49.166666666666664,3.633333333333333,5.9375,13.183333333333342,20.724999999999998,-33.0,51.0,39.0,35.0
2026-06-16 17:00:00,36.9,15,1012.9,9.1,32,0.0,3.3,10.0,99.0,0.1,0.6,75.0,35,Umerkot,2026-07-23 16:34:56.886994+00:00,17,1,6,39.0,51.0,65.0,34.666666666666664,39.666666666666664,47.916666666666664,2.8833333333333333,5.8999999999999995,9.533333333333344,20.429166666666667,-30.0,51.0,38.0,35.0
2026-06-16 18:00:00,36.7,15,1012.4,12.1,30,0.0,3.5,10.2,99.0,0.1,0.6,73.0,35,Umerkot,2026-07-23 16:34:56.886994+00:00,18,1,6,36.0,50.0,64.0,34.5,38.416666666666664,46.708333333333336,3.033333333333333,5.879166666666666,9.65000000000001,20.2125,-29.0,51.0,38.0,35.0
2026-06-16 19:00:00,36.1,16,1012.4,14.6,30,0.0,4.0,11.5,99.0,0.1,0.6,69.0,35,Umerkot,2026-07-23 16:34:56.886994+00:00,19,1,6,35.0,48.0,62.0,34.5,37.333333333333336,45.583333333333336,3.25,5.8875,9.983333333333343,20.129166666666666,-27.0,51.0,36.0,35.0
2026-06-16 20:00:00,35.2,16,1012.8,14.6,38,0.0,5.0,14.7,99.0,0.0,0.5,63.0,34,Umerkot,2026-07-23 16:34:56.886994+00:00,20,1,6,34.0,46.0,60.0,34.5,36.333333333333336,44.5,3.6166666666666667,5.941666666666666,10.866666666666676,20.225,-26.0,52.0,35.0,37.0
2026-06-16 21:00:00,34.1,17,1013.1,16.8,42,0.0,6.4,19.2,99.0,0.0,0.5,59.0,34,Umerkot,2026-07-23 16:34:56.886994+00:00,21,1,6,34.0,44.0,59.0,34.5,35.5,43.458333333333336,4.2,6.050000000000001,12.516666666666675,20.525000000000002,-25.0,52.0,34.0,39.0
2026-06-16 22:00:00,33.2,19,1013.5,15.8,47,0.0,7.9,22.8,99.0,0.0,0.5,57.0,34,Umerkot,2026-07-23 16:34:56.886994+00:00,22,1,6,34.0,41.0,57.0,34.5,34.916666666666664,42.5,5.016666666666667,6.212500000000001,14.733333333333341,20.975,-23.0,52.0,32.0,41.0
2026-06-16 23:00:00,32.0,20,1014.4,15.9,53,0.0,9.2,25.2,99.0,0.0,0.4,56.0,35,Umerkot,2026-07-23 16:34:56.886994+00:00,23,1,6,35.0,39.0,56.0,34.5,34.583333333333336,41.625,6.0,6.416666666666667,17.266666666666676,21.5,-21.0,51.0,31.0,42.0
2026-06-17 00:00:00,30.7,22,1014.7,16.0,40,0.0,11.0,28.3,99.0,0.0,0.5,56.0,36,Umerkot,2026-07-23 16:34:56.886994+00:00,0,2,6,35.0,36.0,55.0,34.666666666666664,34.583333333333336,40.833333333333336,7.25,6.645833333333333,20.283333333333342,22.016666666666666,-19.0,51.0,29.0,44.0
2026-06-17 01:00:00,29.4,24,1014.6,13.0,37,0.0,11.6,29.9,99.0,0.0,0.5,55.0,37,Umerkot,2026-07-23 16:34:56.886994+00:00,1,2,6,35.0,35.0,54.0,35.0,34.75,40.125,8.516666666666667,6.870833333333334,23.35000000000001,22.504166666666666,-17.0,50.0,28.0,46.0
2026-06-17 02:00:00,28.3,26,1014.6,14.8,39,0.0,11.8,30.5,99.0,0.0,0.6,53.0,38,Umerkot,2026-07-23 16:34:56.886994+00:00,2,2,6,34.0,34.0,53.0,35.666666666666664,35.083333333333336,39.5,9.65,7.070833333333334,25.983333333333345,22.916666666666668,-15.0,49.0,27.0,48.0
2026-06-17 03:00:00,27.4,30,1014.5,14.5,47,0.0,11.6,31.1,99.0,0.0,0.6,53.0,39,Umerkot,2026-07-23 16:34:56.886994+00:00,3,2,6,34.0,34.0,52.0,36.5,35.5,38.958333333333336,10.516666666666667,7.2375,27.966666666666672,23.262500000000003,-13.0,47.0,26.0,50.0
2026-06-17 04:00:00,26.3,33,1014.6,14.1,53,0.0,11.4,32.5,99.0,0.0,0.6,54.0,40,Umerkot,2026-07-23 16:34:56.886994+00:00,4,2,6,34.0,34.0,51.0,37.5,36.0,38.5,11.100000000000001,7.379166666666666,29.583333333333343,23.608333333333334,-11.0,45.0,26.0,50.0
2026-06-17 05:00:00,25.4,35,1014.8,14.2,54,0.0,11.0,31.1,99.0,0.1,0.6,56.0,41,Umerkot,2026-07-23 16:34:56.886994+00:00,5,2,6,35.0,35.0,51.0,38.5,36.5,38.083333333333336,11.4,7.495833333333334,30.566666666666677,23.870833333333337,-10.0,43.0,27.0,51.0
2026-06-17 06:00:00,24.6,36,1015.2,14.1,62,0.0,12.7,48.8,99.0,0.1,0.6,59.0,42,Umerkot,2026-07-23 16:34:56.886994+00:00,6,2,6,36.0,35.0,50.0,39.5,37.083333333333336,37.75,11.683333333333332,7.633333333333333,33.98333333333334,24.53333333333333,-8.0,42.0,27.0,51.0
2026-06-17 07:00:00,24.1,36,1015.9,14.0,66,0.0,13.9,62.4,99.0,0.1,0.6,65.0,42,Umerkot,2026-07-23 16:34:56.886994+00:00,7,2,6,37.0,35.0,48.0,40.333333333333336,37.666666666666664,37.5,12.066666666666668,7.75,39.400000000000006,25.337500000000002,-6.0,40.0,27.0,51.0
2026-06-17 08:00:00,25.6,32,1016.3,10.9,74,0.0,13.9,67.1,100.0,0.1,0.6,73.0,43,Umerkot,2026-07-23 16:34:56.886994+00:00,8,2,6,38.0,34.0,46.0,41.166666666666664,38.416666666666664,37.375,12.416666666666666,7.845833333333334,45.50000000000001,26.1875,-3.0,38.0,27.0,52.0
2026-06-17 09:00:00,28.1,27,1016.6,15.5,77,0.0,13.9,66.6,100.0,0.1,0.6,78.0,44,Umerkot,2026-07-23 16:34:56.886994+00:00,9,2,6,39.0,34.0,44.0,42.0,39.25,37.375,12.799999999999999,8.016666666666666,51.41666666666668,27.316666666666666,0.0,37.0,27.0,52.0
2026-06-17 10:00:00,30.4,24,1016.4,19.2,78,0.0,13.6,62.4,100.0,0.1,0.6,79.0,45,Umerkot,2026-07-23 16:34:56.886994+00:00,10,2,6,40.0,34.0,41.0,42.833333333333336,40.166666666666664,37.541666666666664,13.166666666666666,8.229166666666666,56.400000000000006,28.474999999999998,4.0,35.0,27.0,53.0
2026-06-17 11:00:00,32.3,21,1016.2,21.5,79,0.0,12.7,56.2,99.0,0.0,0.6,77.0,46,Umerkot,2026-07-23 16:34:56.886994+00:00,11,2,6,41.0,35.0,39.0,43.666666666666664,41.083333333333336,37.833333333333336,13.449999999999998,8.433333333333334,60.583333333333336,29.487499999999997,7.0,33.0,29.0,53.0
2026-06-17 12:00:00,33.7,19,1016.0,19.0,77,0.0,8.4,36.1,99.0,0.0,0.6,75.0,47,Umerkot,2026-07-23 16:34:56.886994+00:00,12,2,6,42.0,36.0,36.0,44.5,42.0,38.291666666666664,12.733333333333334,8.675,58.466666666666676,30.59583333333333,11.0,35.0,30.0,54.0
2026-06-17 13:00:00,34.8,18,1015.3,15.4,69,0.0,8.0,33.2,99.0,0.0,0.6,75.0,48,Umerkot,2026-07-23 16:34:56.886994+00:00,13,2,6,42.0,37.0,35.0,45.5,42.916666666666664,38.833333333333336,11.75,8.895833333333334,53.6,31.583333333333332,13.0,36.0,31.0,54.0
2026-06-17 14:00:00,35.7,17,1014.5,12.5,58,0.0,7.8,30.3,99.0,0.0,0.6,75.0,49,Umerkot,2026-07-23 16:34:56.886994+00:00,14,2,6,43.0,38.0,34.0,46.5,43.833333333333336,39.458333333333336,10.733333333333334,9.104166666666666,47.466666666666676,32.454166666666666,15.0,38.0,33.0,54.0
2026-06-17 15:00:00,36.0,16,1014.2,11.3,44,0.0,7.6,27.5,99.0,0.0,0.6,75.0,50,Umerkot,2026-07-23 16:34:56.886994+00:00,15,2,6,44.0,39.0,34.0,47.5,44.75,40.125,9.683333333333332,9.3,40.95000000000001,33.2125,16.0,38.0,34.0,54.0
2026-06-17 16:00:00,36.5,15,1013.5,11.5,32,0.0,7.4,25.1,99.0,0.0,0.6,74.0,51,Umerkot,2026-07-23 16:34:56.886994+00:00,16,2,6,45.0,40.0,34.0,48.5,45.666666666666664,40.833333333333336,8.65,9.483333333333333,34.73333333333334,33.8625,17.0,39.0,35.0,54.0
2026-06-17 17:00:00,36.5,15,1013.1,13.7,23,0.0,7.2,22.6,99.0,0.0,0.7,72.0,51,Umerkot,2026-07-23 16:34:56.886994+00:00,17,2,6,46.0,41.0,35.0,49.333333333333336,46.5,41.5,7.733333333333333,9.645833333333334,29.133333333333344,34.387499999999996,16.0,38.0,35.0,54.0
2026-06-17 18:00:00,36.0,15,1012.7,16.8,18,0.0,6.7,19.3,99.0,0.0,0.7,70.0,51,Umerkot,2026-07-23 16:34:56.886994+00:00,18,2,6,47.0,42.0,35.0,50.0,47.25,42.166666666666664,7.45,9.779166666666667,26.333333333333343,34.766666666666666,16.0,38.0,35.0,55.0
2026-06-17 19:00:00,35.2,16,1012.9,17.9,13,0.0,6.1,16.1,99.0,0.0,0.7,68.0,51,Umerkot,2026-07-23 16:34:56.886994+00:00,19,2,6,48.0,42.0,35.0,50.5,48.0,42.833333333333336,7.133333333333333,9.866666666666665,23.483333333333345,34.958333333333336,16.0,36.0,35.0,55.0
2026-06-17 20:00:00,34.2,18,1013.4,19.1,16,0.0,5.5,14.5,99.0,0.0,0.8,66.0,52,Umerkot,2026-07-23 16:34:56.886994+00:00,20,2,6,49.0,43.0,34.0,51.0,48.75,43.583333333333336,6.75,9.8875,20.850000000000012,34.949999999999996,18.0,35.0,37.0,55.0
2026-06-17 21:00:00,33.0,19,1013.7,21.3,16,0.0,5.0,13.4,99.0,0.0,0.8,65.0,52,Umerkot,2026-07-23 16:34:56.886994+00:00,21,2,6,50.0,44.0,34.0,51.333333333333336,49.416666666666664,44.333333333333336,6.316666666666666,9.829166666666666,18.50000000000001,34.708333333333336,18.0,34.0,39.0,55.0
2026-06-17 22:00:00,31.9,19,1014.2,19.0,17,0.0,4.6,12.4,99.0,0.0,0.8,65.0,52,Umerkot,2026-07-23 16:34:56.886994+00:00,22,2,6,51.0,45.0,34.0,51.5,50.0,45.083333333333336,5.8500000000000005,9.691666666666668,16.383333333333344,34.275,18.0,32.0,41.0,55.0
2026-06-17 23:00:00,30.8,20,1014.8,20.4,22,0.0,4.2,11.2,99.0,0.0,0.8,64.0,51,Umerkot,2026-07-23 16:34:56.886994+00:00,23,2,6,51.0,46.0,35.0,51.5,50.416666666666664,45.75,5.3500000000000005,9.483333333333333,14.483333333333343,33.69166666666667,16.0,31.0,42.0,55.0
2026-06-18 00:00:00,29.5,20,1015.2,21.3,29,0.0,3.5,9.4,99.0,0.0,0.7,66.0,51,Umerkot,2026-07-23 16:34:56.886994+00:00,0,3,6,51.0,47.0,36.0,51.5,50.75,46.375,4.816666666666666,9.170833333333333,12.833333333333343,32.90416666666666,15.0,29.0,44.0,55.0
2026-06-18 01:00:00,28.2,22,1015.2,19.0,33,0.0,3.3,8.7,98.0,0.0,0.6,64.0,50,Umerkot,2026-07-23 16:34:56.886994+00:00,1,3,6,51.0,48.0,37.0,51.333333333333336,50.916666666666664,46.916666666666664,4.35,8.825000000000001,11.600000000000009,32.020833333333336,13.0,28.0,46.0,55.0
2026-06-18 02:00:00,27.1,23,1015.0,17.0,33,0.0,3.3,9.1,98.0,0.0,0.6,61.0,49,Umerkot,2026-07-23 16:34:56.886994+00:00,2,3,6,52.0,49.0,38.0,50.833333333333336,50.916666666666664,47.375,3.983333333333333,8.470833333333333,10.70000000000001,31.129166666666666,11.0,27.0,48.0,55.0
2026-06-18 03:00:00,26.5,24,1014.5,16.8,38,0.0,3.4,10.3,97.0,0.0,0.5,60.0,47,Umerkot,2026-07-23 16:34:56.886994+00:00,3,3,6,52.0,50.0,39.0,50.0,50.666666666666664,47.708333333333336,3.7166666666666663,8.129166666666666,10.183333333333342,30.2625,8.0,26.0,50.0,55.0
2026-06-18 04:00:00,25.3,25,1014.5,12.4,56,0.0,3.7,12.5,97.0,0.0,0.4,60.0,45,Umerkot,2026-07-23 16:34:56.886994+00:00,4,3,6,52.0,51.0,40.0,48.833333333333336,50.166666666666664,47.916666666666664,3.566666666666667,7.808333333333333,10.20000000000001,29.429166666666664,5.0,26.0,50.0,56.0
2026-06-18 05:00:00,23.9,28,1014.7,10.3,88,0.0,4.1,15.1,97.0,0.0,0.4,62.0,43,Umerkot,2026-07-23 16:34:56.886994+00:00,5,3,6,51.0,51.0,41.0,47.5,49.5,48.0,3.5500000000000003,7.520833333333333,10.850000000000009,28.7625,2.0,27.0,51.0,56.0
2026-06-18 06:00:00,22.7,30,1014.9,10.1,109,0.0,5.4,23.4,97.0,0.0,0.4,65.0,42,Umerkot,2026-07-23 16:34:56.886994+00:00,6,3,6,51.0,51.0,42.0,46.0,48.75,48.0,3.866666666666666,7.216666666666666,13.183333333333342,27.704166666666666,0.0,27.0,51.0,56.0
2026-06-18 07:00:00,22.5,31,1015.3,10.9,126,0.0,6.3,27.4,98.0,0.0,0.5,72.0,40,Umerkot,2026-07-23 16:34:56.886994+00:00,7,3,6,50.0,51.0,42.0,44.333333333333336,47.833333333333336,47.916666666666664,4.366666666666666,6.8999999999999995,16.300000000000008,26.245833333333334,-2.0,27.0,51.0,56.0
2026-06-18 08:00:00,24.8,27,1015.3,10.1,131,0.0,6.0,23.0,99.0,0.0,0.7,81.0,38,Umerkot,2026-07-23 16:34:56.886994+00:00,8,3,6,49.0,52.0,43.0,42.5,46.666666666666664,47.708333333333336,4.816666666666666,6.570833333333333,18.616666666666678,24.40833333333333,-5.0,27.0,52.0,56.0
2026-06-18 09:00:00,28.0,22,1015.2,9.9,134,0.0,6.7,24.5,100.0,0.0,0.8,87.0,37,Umerkot,2026-07-23 16:34:56.886994+00:00,9,3,6,47.0,52.0,44.0,40.833333333333336,45.416666666666664,47.416666666666664,5.366666666666667,6.270833333333333,20.983333333333345,22.654166666666665,-7.0,27.0,52.0,56.0
2026-06-18 10:00:00,30.5,20,1015.1,9.4,121,0.0,7.5,28.6,100.0,0.0,0.7,88.0,35,Umerkot,2026-07-23 16:34:56.886994+00:00,10,3,6,45.0,52.0,45.0,39.166666666666664,44.0,47.0,6.0,6.016666666666666,23.666666666666675,21.245833333333334,-10.0,27.0,53.0,56.0
2026-06-18 11:00:00,31.9,18,1015.0,6.0,61,0.0,7.7,30.0,99.0,0.0,0.6,87.0,33,Umerkot,2026-07-23 16:34:56.886994+00:00,11,3,6,43.0,51.0,46.0,37.5,42.5,46.458333333333336,6.6000000000000005,5.808333333333334,26.15000000000001,20.154166666666665,-13.0,29.0,53.0,56.0
2026-06-18 12:00:00,33.2,16,1015.0,6.1,30,0.0,1.2,6.2,98.0,0.0,0.5,84.0,35,Umerkot,2026-07-23 16:34:56.886994+00:00,12,3,6,42.0,51.0,47.0,36.333333333333336,41.166666666666664,45.958333333333336,5.8999999999999995,5.508333333333333,23.283333333333342,18.908333333333335,-12.0,30.0,54.0,56.0
2026-06-18 13:00:00,34.6,15,1014.4,7.2,12,0.0,1.6,7.9,98.0,0.0,0.5,83.0,36,Umerkot,2026-07-23 16:34:56.886994+00:00,13,3,6,40.0,50.0,48.0,35.666666666666664,40.0,45.458333333333336,5.116666666666667,5.241666666666666,20.033333333333342,17.854166666666668,-12.0,31.0,54.0,56.0
2026-06-18 14:00:00,35.9,13,1013.6,12.5,6,0.0,2.1,10.5,99.0,0.0,0.4,80.0,38,Umerkot,2026-07-23 16:34:56.886994+00:00,14,3,6,38.0,49.0,49.0,35.666666666666664,39.083333333333336,45.0,4.466666666666667,5.004166666666666,17.95000000000001,17.029166666666665,-11.0,33.0,54.0,56.0
2026-06-18 15:00:00,36.1,13,1013.3,17.1,18,0.0,2.5,12.4,99.0,0.0,0.4,78.0,38,Umerkot,2026-07-23 16:34:56.886994+00:00,15,3,6,37.0,47.0,50.0,35.833333333333336,38.333333333333336,44.5,3.766666666666667,4.791666666666667,15.933333333333344,16.4,-12.0,34.0,54.0,56.0
2026-06-18 16:00:00,36.5,13,1012.9,20.0,15,0.0,2.7,13.8,99.0,0.0,0.4,75.0,39,Umerkot,2026-07-23 16:34:56.886994+00:00,16,3,6,35.0,45.0,51.0,36.5,37.833333333333336,44.0,2.966666666666667,4.595833333333333,13.466666666666676,15.929166666666667,-12.0,35.0,54.0,55.0
2026-06-18 17:00:00,36.3,14,1012.5,22.4,13,0.0,3.0,16.8,99.0,0.0,0.5,72.0,38,Umerkot,2026-07-23 16:34:56.886994+00:00,17,3,6,33.0,43.0,51.0,37.333333333333336,37.416666666666664,43.458333333333336,2.1833333333333336,4.420833333333333,11.266666666666675,15.6875,-13.0,35.0,54.0,55.0
2026-06-18 18:00:00,35.9,14,1012.1,22.5,11,0.0,3.4,18.3,99.0,0.0,0.5,69.0,38,Umerkot,2026-07-23 16:34:56.886994+00:00,18,3,6,35.0,42.0,51.0,37.833333333333336,37.083333333333336,42.916666666666664,2.5500000000000003,4.283333333333333,13.283333333333344,15.645833333333334,-13.0,35.0,55.0,55.0
2026-06-18 19:00:00,35.1,15,1011.9,22.5,12,0.0,3.7,17.8,98.0,0.0,0.5,65.0,36,Umerkot,2026-07-23 16:34:56.886994+00:00,19,3,6,36.0,40.0,51.0,37.833333333333336,36.75,42.291666666666664,2.9000000000000004,4.183333333333334,14.933333333333344,15.716666666666669,-15.0,35.0,55.0,54.0
2026-06-18 20:00:00,34.2,16,1012.0,20.8,22,0.0,4.5,19.7,97.0,0.0,0.5,60.0,35,Umerkot,2026-07-23 16:34:56.886994+00:00,20,3,6,38.0,38.0,52.0,37.333333333333336,36.5,41.583333333333336,3.2999999999999994,4.141666666666667,16.466666666666676,15.933333333333335,-17.0,37.0,55.0,54.0
2026-06-18 21:00:00,33.4,17,1012.0,15.5,33,0.0,6.3,25.2,96.0,0.0,0.5,56.0,34,Umerkot,2026-07-23 16:34:56.886994+00:00,21,3,6,38.0,37.0,52.0,36.666666666666664,36.25,40.833333333333336,3.933333333333333,4.195833333333334,18.60000000000001,16.425,-18.0,39.0,55.0,54.0
2026-06-18 22:00:00,32.1,19,1012.3,10.0,51,0.0,7.8,28.3,96.0,0.0,0.5,54.0,32,Umerkot,2026-07-23 16:34:56.886994+00:00,22,3,6,39.0,35.0,52.0,35.5,36.0,40.0,4.783333333333333,4.329166666666667,21.016666666666676,17.087500000000002,-20.0,41.0,55.0,54.0
2026-06-18 23:00:00,30.7,23,1012.4,4.6,48,0.0,7.3,23.3,96.0,0.0,0.4,54.0,31,Umerkot,2026-07-23 16:34:56.886994+00:00,23,3,6,38.0,33.0,51.0,34.333333333333336,35.833333333333336,39.166666666666664,5.5,4.458333333333333,22.100000000000012,17.59166666666667,-20.0,42.0,55.0,54.0
2026-06-19 00:00:00,30.3,21,1012.6,13.4,353,0.0,5.3,12.4,96.0,0.0,0.4,54.0,29,Umerkot,2026-07-23 16:34:56.886994+00:00,0,4,6,38.0,35.0,51.0,32.833333333333336,35.333333333333336,38.25,5.816666666666666,4.533333333333333,21.116666666666678,17.716666666666665,-22.0,44.0,55.0,54.0
2026-06-19 01:00:00,29.0,22,1012.4,12.4,22,0.0,5.1,11.9,96.0,0.0,0.4,53.0,28,Umerkot,2026-07-23 16:34:56.886994+00:00,1,4,6,36.0,36.0,50.0,31.5,34.666666666666664,37.333333333333336,6.05,4.608333333333333,20.133333333333344,17.849999999999998,-22.0,46.0,55.0,54.0
2026-06-19 02:00:00,27.5,25,1012.1,9.5,33,0.0,5.2,12.5,96.0,0.0,0.4,51.0,27,Umerkot,2026-07-23 16:34:56.886994+00:00,2,4,6,35.0,38.0,49.0,30.166666666666668,33.75,36.416666666666664,6.166666666666667,4.6875,18.93333333333334,17.991666666666667,-22.0,48.0,55.0,54.0
2026-06-19 03:00:00,26.6,27,1011.8,7.5,57,0.0,5.3,13.6,96.0,0.0,0.4,50.0,26,Umerkot,2026-07-23 16:34:56.886994+00:00,3,4,6,34.0,38.0,47.0,28.833333333333332,32.75,35.541666666666664,6.0,4.766666666666667,17.00000000000001,18.129166666666666,-21.0,50.0,55.0,54.0
2026-06-19 04:00:00,25.9,29,1012.0,6.3,37,0.0,5.5,15.2,96.0,0.0,0.4,51.0,26,Umerkot,2026-07-23 16:34:56.886994+00:00,4,4,6,32.0,39.0,45.0,27.833333333333332,31.666666666666668,34.75,5.616666666666667,4.841666666666667,14.816666666666675,18.241666666666667,-19.0,50.0,56.0,54.0
2026-06-19 05:00:00,24.8,31,1012.2,9.0,16,0.0,5.5,15.9,97.0,0.0,0.5,54.0,27,Umerkot,2026-07-23 16:34:56.886994+00:00,5,4,6,31.0,38.0,43.0,27.166666666666668,30.75,34.083333333333336,5.316666666666666,4.9,13.583333333333343,18.275000000000002,-16.0,51.0,56.0,54.0
2026-06-19 06:00:00,23.9,34,1012.3,7.9,35,0.0,6.0,21.7,97.0,0.0,0.5,58.0,27,Umerkot,2026-07-23 16:34:56.886994+00:00,6,4,6,29.0,38.0,42.0,26.833333333333332,29.833333333333332,33.458333333333336,5.433333333333334,4.925,15.133333333333342,18.20416666666667,-15.0,51.0,56.0,54.0
2026-06-19 07:00:00,23.6,35,1012.4,7.3,62,0.0,6.2,28.3,98.0,0.0,0.6,63.0,27,Umerkot,2026-07-23 16:34:56.886994+00:00,7,4,6,28.0,36.0,40.0,26.666666666666668,29.083333333333332,32.916666666666664,5.616666666666667,4.920833333333333,17.866666666666678,18.241666666666664,-13.0,51.0,56.0,54.0
2026-06-19 08:00:00,25.7,30,1012.9,6.0,95,0.0,6.7,34.3,98.0,0.0,0.6,70.0,27,Umerkot,2026-07-23 16:34:56.886994+00:00,8,4,6,27.0,35.0,38.0,26.666666666666668,28.416666666666668,32.458333333333336,5.866666666666667,4.95,21.50000000000001,18.7125,-11.0,52.0,56.0,54.0
2026-06-19 09:00:00,28.3,26,1013.1,5.2,88,0.0,6.7,34.8,99.0,0.0,0.7,74.0,27,Umerkot,2026-07-23 16:34:56.886994+00:00,9,4,6,26.0,34.0,37.0,26.833333333333332,27.833333333333332,32.041666666666664,6.1000000000000005,4.95,25.033333333333342,19.141666666666666,-10.0,52.0,56.0,54.0
2026-06-19 10:00:00,30.6,22,1013.3,9.7,65,0.0,6.8,34.5,99.0,0.0,0.7,75.0,27,Umerkot,2026-07-23 16:34:56.886994+00:00,10,4,6,26.0,32.0,35.0,27.0,27.416666666666668,31.708333333333332,6.316666666666666,4.920833333333333,28.25000000000001,19.3875,-8.0,53.0,56.0,54.0
2026-06-19 11:00:00,32.2,20,1013.5,12.1,58,0.0,6.9,34.0,99.0,0.0,0.7,74.0,29,Umerkot,2026-07-23 16:34:56.886994+00:00,11,4,6,27.0,31.0,33.0,27.333333333333332,27.25,31.541666666666668,6.55,4.8875,31.266666666666676,19.554166666666667,-4.0,53.0,56.0,54.0
2026-06-19 12:00:00,33.4,19,1013.6,9.7,50,0.0,3.6,19.4,99.0,0.0,0.8,75.0,30,Umerkot,2026-07-23 16:34:56.886994+00:00,12,4,6,27.0,29.0,35.0,27.833333333333332,27.333333333333332,31.333333333333332,6.1499999999999995,4.9875,30.883333333333344,20.104166666666668,-5.0,54.0,56.0,55.0
2026-06-19 13:00:00,34.5,17,1013.0,8.8,20,0.0,4.2,23.1,99.0,0.0,0.8,76.0,31,Umerkot,2026-07-23 16:34:56.886994+00:00,13,4,6,27.0,28.0,36.0,28.5,27.583333333333332,31.125,5.816666666666667,5.095833333333333,30.016666666666676,20.7375,-5.0,54.0,56.0,56.0
2026-06-19 14:00:00,35.4,16,1012.6,10.8,358,0.0,5.1,29.1,98.0,0.0,0.9,76.0,33,Umerkot,2026-07-23 16:34:56.886994+00:00,14,4,6,27.0,27.0,38.0,29.5,28.083333333333332,30.916666666666668,5.55,5.220833333333334,29.15000000000001,21.5125,-5.0,54.0,56.0,57.0
2026-06-19 15:00:00,35.6,16,1012.3,14.6,1,0.0,6.5,37.1,98.0,0.0,0.9,77.0,34,Umerkot,2026-07-23 16:34:56.886994+00:00,15,4,6,27.0,26.0,38.0,30.666666666666668,28.75,30.75,5.516666666666667,5.3875,29.533333333333342,22.541666666666668,-4.0,54.0,56.0,58.0
2026-06-19 16:00:00,35.9,16,1012.0,16.8,354,0.0,8.2,46.4,97.0,0.0,1.0,77.0,35,Umerkot,2026-07-23 16:34:56.886994+00:00,16,4,6,27.0,26.0,39.0,32.0,29.5,30.583333333333332,5.75,5.616666666666667,31.516666666666676,23.899999999999995,-4.0,54.0,55.0,59.0
2026-06-19 17:00:00,35.7,16,1011.8,17.9,355,0.0,10.2,55.2,97.0,0.0,1.0,78.0,35,Umerkot,2026-07-23 16:34:56.886994+00:00,17,4,6,29.0,27.0,38.0,33.0,30.166666666666668,30.458333333333332,6.3,5.916666666666667,35.05000000000001,25.5,-3.0,54.0,55.0,60.0
2026-06-19 18:00:00,35.4,16,1011.5,18.2,359,0.0,11.6,53.6,96.0,0.0,1.1,77.0,35,Umerkot,2026-07-23 16:34:56.886994+00:00,18,4,6,30.0,27.0,38.0,33.833333333333336,30.833333333333332,30.333333333333332,7.633333333333333,6.258333333333333,40.75000000000001,26.970833333333335,-3.0,55.0,55.0,61.0
2026-06-19 19:00:00,34.6,17,1011.6,19.3,359,0.0,12.5,46.3,96.0,0.0,1.2,75.0,35,Umerkot,2026-07-23 16:34:56.886994+00:00,19,4,6,31.0,27.0,36.0,34.5,31.5,30.291666666666668,9.016666666666666,6.625,44.616666666666674,28.15833333333333,-1.0,55.0,54.0,62.0
2026-06-19 20:00:00,33.8,16,1011.9,18.9,10,0.0,13.2,41.6,96.0,0.0,1.2,71.0,37,Umerkot,2026-07-23 16:34:56.886994+00:00,20,4,6,33.0,27.0,35.0,35.166666666666664,32.333333333333336,30.375,10.366666666666667,6.987500000000001,46.70000000000001,29.070833333333336,2.0,55.0,54.0,63.0
2026-06-19 21:00:00,32.8,16,1012.3,16.4,21,0.0,13.9,41.1,96.0,0.0,1.2,68.0,39,Umerkot,2026-07-23 16:34:56.886994+00:00,21,4,6,34.0,27.0,34.0,36.0,33.333333333333336,30.583333333333332,11.6,7.304166666666666,47.366666666666674,29.733333333333334,5.0,55.0,54.0,63.0
2026-06-19 22:00:00,31.6,17,1012.7,14.9,25,0.0,14.4,42.3,96.0,0.0,1.2,65.0,41,Umerkot,2026-07-23 16:34:56.886994+00:00,22,4,6,35.0,27.0,32.0,37.0,34.5,30.958333333333332,12.633333333333333,7.579166666666667,46.683333333333344,30.316666666666666,9.0,55.0,54.0,63.0
2026-06-19 23:00:00,30.4,19,1012.9,13.8,31,0.0,14.7,43.2,96.0,0.0,1.1,61.0,42,Umerkot,2026-07-23 16:34:56.886994+00:00,23,4,6,35.0,29.0,31.0,38.166666666666664,35.583333333333336,31.416666666666668,13.383333333333333,7.8875,44.68333333333334,31.145833333333332,11.0,55.0,54.0,64.0
2026-06-20 00:00:00,29.2,21,1013.0,12.3,34,0.0,14.4,41.6,96.0,0.0,0.9,59.0,44,Umerkot,2026-07-23 16:34:56.886994+00:00,0,5,6,35.0,30.0,29.0,39.666666666666664,36.75,32.041666666666664,13.85,8.266666666666666,42.683333333333344,32.362500000000004,15.0,55.0,54.0,64.0
2026-06-20 01:00:00,28.1,24,1013.0,12.9,33,0.0,13.6,38.3,96.0,0.0,0.8,57.0,46,Umerkot,2026-07-23 16:34:56.886994+00:00,1,5,6,35.0,31.0,28.0,41.5,38.0,32.791666666666664,14.033333333333333,8.620833333333334,41.35000000000001,33.4625,18.0,55.0,54.0,64.0
2026-06-20 02:00:00,27.0,27,1013.2,13.0,33,0.0,12.5,33.8,96.0,0.0,0.7,55.0,48,Umerkot,2026-07-23 16:34:56.886994+00:00,2,5,6,37.0,33.0,27.0,43.333333333333336,39.25,33.666666666666664,13.916666666666666,8.925,40.050000000000004,34.35,21.0,55.0,54.0,64.0
2026-06-20 03:00:00,26.0,29,1013.0,13.0,26,0.0,11.4,29.9,96.0,0.0,0.6,54.0,50,Umerkot,2026-07-23 16:34:56.886994+00:00,3,5,6,39.0,34.0,26.0,45.166666666666664,40.583333333333336,34.666666666666664,13.5,9.179166666666665,38.183333333333344,35.02916666666667,24.0,55.0,54.0,64.0
2026-06-20 04:00:00,25.1,32,1013.0,12.9,23,0.0,10.7,27.6,96.0,0.0,0.5,57.0,50,Umerkot,2026-07-23 16:34:56.886994+00:00,4,5,6,41.0,35.0,26.0,46.666666666666664,41.833333333333336,35.666666666666664,12.883333333333333,9.395833333333334,35.73333333333334,35.54583333333333,24.0,56.0,54.0,64.0
2026-06-20 05:00:00,24.0,36,1013.2,12.3,22,0.0,10.1,26.5,96.0,0.1,0.5,61.0,51,Umerkot,2026-07-23 16:34:56.886994+00:00,5,5,6,42.0,35.0,27.0,48.166666666666664,43.166666666666664,36.666666666666664,12.116666666666665,9.5875,32.95000000000001,35.9875,24.0,56.0,54.0,64.0
2026-06-20 06:00:00,23.1,39,1013.5,11.1,23,0.0,10.6,33.5,96.0,0.1,0.5,67.0,51,Umerkot,2026-07-23 16:34:56.886994+00:00,6,5,6,44.0,35.0,27.0,49.333333333333336,44.5,37.666666666666664,11.483333333333333,9.779166666666667,31.60000000000001,36.479166666666664,24.0,56.0,54.0,64.0
2026-06-20 07:00:00,22.6,40,1014.0,9.9,21,0.0,12.6,47.5,97.0,0.1,0.5,75.0,51,Umerkot,2026-07-23 16:34:56.886994+00:00,7,5,6,46.0,35.0,27.0,50.166666666666664,45.833333333333336,38.666666666666664,11.316666666666668,10.045833333333333,33.13333333333334,37.27916666666666,24.0,56.0,54.0,64.0
2026-06-20 08:00:00,24.4,35,1014.6,6.7,27,0.0,13.0,49.8,97.0,0.0,0.6,85.0,52,Umerkot,2026-07-23 16:34:56.886994+00:00,8,5,6,48.0,37.0,27.0,50.833333333333336,47.083333333333336,39.708333333333336,11.4,10.308333333333332,35.80000000000001,37.925000000000004,25.0,56.0,54.0,64.0
2026-06-20 09:00:00,26.9,30,1015.1,8.1,35,0.0,12.8,48.5,98.0,0.0,0.6,93.0,52,Umerkot,2026-07-23 16:34:56.886994+00:00,9,5,6,50.0,39.0,27.0,51.166666666666664,48.166666666666664,40.75,11.633333333333333,10.5625,38.90000000000001,38.49583333333334,25.0,56.0,54.0,64.0
2026-06-20 10:00:00,29.3,25,1015.4,11.8,38,0.0,12.1,45.3,98.0,0.0,0.6,96.0,53,Umerkot,2026-07-23 16:34:56.886994+00:00,10,5,6,50.0,41.0,27.0,51.666666666666664,49.166666666666664,41.833333333333336,11.866666666666667,10.783333333333333,41.85000000000001,38.94583333333333,26.0,56.0,54.0,63.0
2026-06-20 11:00:00,30.9,23,1015.3,12.8,32,0.0,11.7,43.8,98.0,0.0,0.7,97.0,53,Umerkot,2026-07-23 16:34:56.886994+00:00,11,5,6,51.0,42.0,29.0,52.0,50.083333333333336,42.833333333333336,12.133333333333333,10.983333333333334,44.73333333333334,39.354166666666664,24.0,56.0,54.0,63.0
2026-06-20 12:00:00,32.0,22,1015.2,13.3,23,0.0,2.7,14.3,98.0,0.0,0.8,99.0,54,Umerkot,2026-07-23 16:34:56.886994+00:00,12,5,6,51.0,44.0,30.0,52.5,50.916666666666664,43.833333333333336,10.816666666666665,10.945833333333333,41.53333333333334,39.141666666666666,24.0,56.0,55.0,62.0
2026-06-20 13:00:00,32.9,20,1014.7,11.8,11,0.0,4.8,25.5,98.0,0.0,0.8,101.0,54,Umerkot,2026-07-23 16:34:56.886994+00:00,13,5,6,51.0,46.0,31.0,53.0,51.583333333333336,44.791666666666664,9.516666666666667,10.970833333333333,37.866666666666674,39.24166666666667,23.0,56.0,56.0,60.0
2026-06-20 14:00:00,33.9,18,1014.0,12.0,351,0.0,7.0,35.3,98.0,0.1,0.7,103.0,54,Umerkot,2026-07-23 16:34:56.886994+00:00,14,5,6,52.0,48.0,33.0,53.333333333333336,52.083333333333336,45.666666666666664,8.516666666666666,11.049999999999999,35.45000000000001,39.5,21.0,56.0,57.0,59.0
2026-06-20 15:00:00,34.5,16,1013.7,15.5,348,0.0,9.1,44.0,98.0,0.1,0.7,104.0,54,Umerkot,2026-07-23 16:34:56.886994+00:00,15,5,6,52.0,50.0,34.0,53.666666666666664,52.416666666666664,46.5,7.8999999999999995,11.158333333333331,34.70000000000001,39.7875,20.0,56.0,58.0,58.0
2026-06-20 16:00:00,34.8,15,1013.4,17.3,347,0.0,11.1,51.3,98.0,0.1,0.6,102.0,54,Umerkot,2026-07-23 16:34:56.886994+00:00,16,5,6,53.0,50.0,35.0,53.833333333333336,52.75,47.291666666666664,7.733333333333333,11.279166666666667,35.70000000000001,39.99166666666667,19.0,55.0,59.0,56.0
2026-06-20 17:00:00,34.7,14,1013.3,19.2,353,0.0,12.8,55.8,99.0,0.1,0.6,99.0,54,Umerkot,2026-07-23 16:34:56.886994+00:00,17,5,6,53.0,51.0,35.0,54.0,53.0,48.083333333333336,7.916666666666667,11.387500000000001,37.70000000000001,40.016666666666666,19.0,55.0,60.0,55.0
2026-06-20 18:00:00,34.1,15,1013.2,20.9,358,0.0,13.9,54.6,99.0,0.1,0.5,95.0,55,Umerkot,2026-07-23 16:34:56.886994+00:00,18,5,6,54.0,51.0,35.0,54.166666666666664,53.333333333333336,48.916666666666664,9.783333333333333,11.483333333333333,44.41666666666668,40.05833333333333,20.0,55.0,61.0,53.0
2026-06-20 19:00:00,33.1,16,1013.4,21.1,360,0.0,14.3,48.5,99.0,0.1,0.5,89.0,55,Umerkot,2026-07-23 16:34:56.886994+00:00,19,5,6,54.0,51.0,35.0,54.333333333333336,53.666666666666664,49.75,11.366666666666667,11.558333333333332,48.25000000000001,40.15,20.0,54.0,62.0,52.0
2026-06-20 20:00:00,32.1,19,1013.7,19.5,5,0.0,14.6,45.5,99.0,0.1,0.5,82.0,55,Umerkot,2026-07-23 16:34:56.886994+00:00,20,5,6,54.0,52.0,37.0,54.5,53.916666666666664,50.5,12.633333333333333,11.616666666666667,49.95000000000001,40.3125,18.0,54.0,63.0,51.0
2026-06-20 21:00:00,31.2,21,1014.0,17.7,12,0.0,15.0,45.1,99.0,0.1,0.5,76.0,55,Umerkot,2026-07-23 16:34:56.886994+00:00,21,5,6,54.0,52.0,39.0,54.666666666666664,54.166666666666664,51.166666666666664,13.616666666666665,11.662500000000001,50.13333333333335,40.479166666666664,16.0,54.0,63.0,48.0
2026-06-20 22:00:00,30.3,23,1014.8,15.5,18,0.0,15.4,45.1,98.0,0.1,0.5,71.0,55,Umerkot,2026-07-23 16:34:56.886994+00:00,22,5,6,54.0,53.0,41.0,54.833333333333336,54.333333333333336,51.75,14.333333333333334,11.704166666666666,49.1,40.59583333333333,14.0,54.0,63.0,44.0
2026-06-20 23:00:00,29.2,24,1015.5,12.2,28,0.0,15.8,44.4,98.0,0.1,0.5,66.0,55,Umerkot,2026-07-23 16:34:56.886994+00:00,23,5,6,54.0,53.0,42.0,55.0,54.5,52.291666666666664,14.833333333333334,11.75,47.20000000000001,40.645833333333336,13.0,54.0,64.0,41.0
2026-06-21 00:00:00,28.1,27,1015.6,11.4,19,0.0,15.4,38.0,97.0,0.1,0.5,64.0,55,Umerkot,2026-07-23 16:34:56.886994+00:00,0,6,6,55.0,54.0,44.0,55.0,54.583333333333336,52.75,15.083333333333334,11.791666666666666,44.433333333333344,40.49583333333333,11.0,54.0,64.0,39.0
2026-06-21 01:00:00,27.0,30,1015.8,14.8,5,0.0,14.7,34.1,97.0,0.1,0.5,62.0,55,Umerkot,2026-07-23 16:34:56.886994+00:00,1,6,6,55.0,54.0,46.0,55.0,54.666666666666664,53.125,15.15,11.837499999999999,42.033333333333346,40.32083333333333,9.0,54.0,64.0,37.0
2026-06-21 02:00:00,25.9,31,1015.6,14.3,12,0.0,13.9,30.3,96.0,0.0,0.5,60.0,55,Umerkot,2026-07-23 16:34:56.886994+00:00,2,6,6,55.0,54.0,48.0,55.0,54.75,53.416666666666664,15.033333333333333,11.895833333333334,39.50000000000001,40.175000000000004,7.0,54.0,64.0,35.0
2026-06-21 03:00:00,25.1,31,1015.3,13.8,13,0.0,13.0,26.4,96.0,0.0,0.5,59.0,55,Umerkot,2026-07-23 16:34:56.886994+00:00,3,6,6,55.0,54.0,50.0,55.0,54.833333333333336,53.625,14.700000000000001,11.9625,36.38333333333334,40.02916666666666,5.0,54.0,64.0,33.0
2026-06-21 04:00:00,24.1,31,1015.3,12.7,11,0.0,12.1,23.4,96.0,0.0,0.5,59.0,56,Umerkot,2026-07-23 16:34:56.886994+00:00,4,6,6,55.0,54.0,50.0,55.166666666666664,55.0,53.875,14.15,12.020833333333334,32.76666666666667,39.854166666666664,6.0,54.0,64.0,31.0
2026-06-21 05:00:00,23.0,33,1015.5,11.4,5,0.0,11.3,20.7,96.0,0.1,0.5,61.0,56,Umerkot,2026-07-23 16:34:56.886994+00:00,5,6,6,55.0,54.0,51.0,55.333333333333336,55.166666666666664,54.083333333333336,13.4,12.070833333333333,28.816666666666674,39.612500000000004,5.0,54.0,64.0,29.0
2026-06-21 06:00:00,22.0,35,1015.5,10.4,359,0.0,11.2,21.7,96.0,0.1,0.5,65.0,56,Umerkot,2026-07-23 16:34:56.886994+00:00,6,6,6,55.0,55.0,51.0,55.5,55.25,54.291666666666664,12.700000000000001,12.095833333333331,26.10000000000001,39.12083333333333,5.0,54.0,64.0,28.0
2026-06-21 07:00:00,21.5,36,1015.9,10.0,354,0.0,11.5,23.4,97.0,0.1,0.5,73.0,56,Umerkot,2026-07-23 16:34:56.886994+00:00,7,6,6,55.0,55.0,51.0,55.666666666666664,55.333333333333336,54.5,12.166666666666666,12.049999999999999,24.316666666666674,38.11666666666667,5.0,54.0,64.0,28.0
2026-06-21 08:00:00,23.1,34,1016.7,7.4,356,0.0,12.7,32.7,97.0,0.0,0.6,83.0,56,Umerkot,2026-07-23 16:34:56.886994+00:00,8,6,6,55.0,55.0,52.0,55.833333333333336,55.416666666666664,54.666666666666664,11.966666666666667,12.037500000000001,24.71666666666668,37.40416666666666,4.0,54.0,64.0,28.0
2026-06-21 09:00:00,25.6,30,1016.9,9.7,2,0.0,13.0,37.8,98.0,0.0,0.6,90.0,56,Umerkot,2026-07-23 16:34:56.886994+00:00,9,6,6,55.0,55.0,52.0,56.0,55.5,54.833333333333336,11.966666666666667,12.045833333333334,26.616666666666674,36.958333333333336,4.0,54.0,64.0,28.0
2026-06-21 10:00:00,28.2,26,1016.9,12.7,8,0.0,12.3,34.8,98.0,0.0,0.6,92.0,56,Umerkot,2026-07-23 16:34:56.886994+00:00,10,6,6,56.0,55.0,53.0,56.0,55.583333333333336,54.958333333333336,12.0,12.054166666666665,28.516666666666676,36.520833333333336,3.0,54.0,63.0,30.0
2026-06-21 11:00:00,30.0,24,1016.6,16.0,12,0.0,11.4,31.1,98.0,0.0,0.5,92.0,56,Umerkot,2026-07-23 16:34:56.886994+00:00,11,6,6,56.0,55.0,53.0,56.0,55.666666666666664,55.083333333333336,12.016666666666666,12.041666666666666,30.25000000000001,35.99166666666667,3.0,54.0,63.0,32.0
2026-06-21 12:00:00,31.1,21,1016.3,13.9,6,0.0,3.5,14.1,98.0,0.0,0.5,92.0,56,Umerkot,2026-07-23 16:34:56.886994+00:00,12,6,6,56.0,55.0,54.0,56.0,55.75,55.166666666666664,10.733333333333334,12.075000000000001,28.983333333333338,35.983333333333334,2.0,55.0,62.0,34.0
2026-06-21 13:00:00,32.1,19,1015.7,12.8,355,0.0,3.7,16.4,98.0,0.0,0.5,93.0,56,Umerkot,2026-07-23 16:34:56.886994+00:00,13,6,6,56.0,55.0,54.0,56.0,55.833333333333336,55.25,9.433333333333334,12.029166666666667,27.816666666666677,35.604166666666664,2.0,56.0,60.0,36.0
2026-06-21 14:00:00,33.0,17,1014.9,13.5,348,0.0,4.4,19.8,98.0,0.1,0.4,93.0,56,Umerkot,2026-07-23 16:34:56.886994+00:00,14,6,6,56.0,55.0,54.0,56.0,55.916666666666664,55.333333333333336,8.049999999999999,11.920833333333333,25.666666666666675,34.958333333333336,2.0,57.0,59.0,38.0
2026-06-21 15:00:00,33.5,15,1014.8,15.3,347,0.0,5.5,24.1,98.0,0.1,0.4,93.0,56,Umerkot,2026-07-23 16:34:56.886994+00:00,15,6,6,56.0,55.0,54.0,56.0,56.0,55.416666666666664,6.8,11.770833333333334,23.383333333333344,34.12916666666667,2.0,58.0,58.0,40.0
2026-06-21 16:00:00,34.0,14,1014.3,16.5,344,0.0,7.0,28.9,98.0,0.1,0.4,92.0,55,Umerkot,2026-07-23 16:34:56.886994+00:00,16,6,6,56.0,56.0,54.0,55.833333333333336,55.916666666666664,55.458333333333336,5.916666666666667,11.6,22.40000000000001,33.19583333333333,1.0,59.0,56.0,41.0
2026-06-21 17:00:00,34.0,14,1013.9,17.1,346,0.0,8.6,32.9,99.0,0.1,0.4,89.0,55,Umerkot,2026-07-23 16:34:56.886994+00:00,17,6,6,56.0,56.0,54.0,55.666666666666664,55.833333333333336,55.5,5.45,11.424999999999999,22.700000000000006,32.24166666666667,1.0,60.0,55.0,42.0
2026-06-21 18:00:00,33.6,15,1013.5,17.9,351,0.0,9.9,33.1,99.0,0.1,0.4,86.0,55,Umerkot,2026-07-23 16:34:56.886994+00:00,18,6,6,56.0,56.0,55.0,55.5,55.75,55.5,6.516666666666667,11.258333333333333,25.866666666666674,31.34583333333333,0.0,61.0,53.0,42.0
2026-06-21 19:00:00,32.9,16,1013.6,18.6,356,0.0,11.1,32.1,99.0,0.1,0.4,82.0,54,Umerkot,2026-07-23 16:34:56.886994+00:00,19,6,6,56.0,56.0,55.0,55.166666666666664,55.583333333333336,55.458333333333336,7.75,11.125,28.483333333333338,30.662499999999998,-1.0,62.0,52.0,46.0
2026-06-21 20:00:00,31.8,17,1013.9,18.9,3,0.0,12.4,33.3,98.0,0.1,0.5,76.0,54,Umerkot,2026-07-23 16:34:56.886994+00:00,20,6,6,56.0,56.0,55.0,54.833333333333336,55.416666666666664,55.416666666666664,9.083333333333334,11.033333333333333,30.733333333333345,30.154166666666665,-1.0,63.0,51.0,49.0
2026-06-21 21:00:00,30.9,18,1014.4,16.6,15,0.0,13.8,36.8,98.0,0.1,0.5,72.0,54,Umerkot,2026-07-23 16:34:56.886994+00:00,21,6,6,56.0,56.0,55.0,54.5,55.25,55.375,10.466666666666667,10.983333333333334,32.85,29.808333333333334,-1.0,63.0,48.0,50.0
2026-06-21 22:00:00,29.8,19,1014.9,14.9,20,0.0,15.1,41.3,98.0,0.1,0.5,69.0,54,Umerkot,2026-07-23 16:34:56.886994+00:00,22,6,6,55.0,56.0,55.0,54.333333333333336,55.083333333333336,55.333333333333336,11.816666666666668,10.970833333333333,34.91666666666668,29.650000000000002,-1.0,63.0,44.0,51.0
2026-06-21 23:00:00,28.8,22,1015.2,12.4,17,0.0,16.1,45.2,98.0,0.0,0.6,66.0,54,Umerkot,2026-07-23 16:34:56.886994+00:00,23,6,6,55.0,56.0,55.0,54.166666666666664,54.916666666666664,55.291666666666664,13.066666666666668,10.983333333333333,36.966666666666676,29.683333333333334,-1.0,64.0,41.0,51.0
2026-06-22 00:00:00,27.7,26,1015.0,13.0,20,0.0,16.4,45.4,98.0,0.0,0.6,65.0,54,Umerkot,2026-07-23 16:34:56.886994+00:00,0,0,6,55.0,56.0,55.0,54.0,54.75,55.25,14.15,11.025,39.01666666666667,29.991666666666664,-1.0,64.0,39.0,51.0
2026-06-22 01:00:00,26.7,30,1015.0,14.6,30,0.0,15.5,41.8,98.0,0.0,0.6,63.0,54,Umerkot,2026-07-23 16:34:56.886994+00:00,1,0,6,54.0,56.0,55.0,54.0,54.583333333333336,55.208333333333336,14.883333333333335,11.058333333333332,40.63333333333335,30.3125,-1.0,64.0,37.0,51.0
2026-06-22 02:00:00,25.6,34,1014.8,15.0,18,0.0,14.2,36.8,97.0,0.0,0.6,60.0,54,Umerkot,2026-07-23 16:34:56.886994+00:00,2,0,6,54.0,56.0,55.0,54.0,54.416666666666664,55.166666666666664,15.183333333333332,11.070833333333333,41.216666666666676,30.583333333333332,-1.0,64.0,35.0,52.0
2026-06-22 03:00:00,25.1,40,1014.5,17.8,20,0.0,12.9,32.7,97.0,0.0,0.6,59.0,54,Umerkot,2026-07-23 16:34:56.886994+00:00,3,0,6,54.0,56.0,55.0,54.0,54.25,55.125,15.033333333333333,11.066666666666665,40.533333333333346,30.84583333333333,-1.0,64.0,33.0,51.0
2026-06-22 04:00:00,24.2,42,1014.6,16.1,24,0.0,11.7,30.3,97.0,0.0,0.6,61.0,54,Umerkot,2026-07-23 16:34:56.886994+00:00,4,0,6,54.0,55.0,56.0,54.0,54.166666666666664,55.041666666666664,14.466666666666667,11.049999999999999,38.70000000000001,31.133333333333336,-2.0,64.0,31.0,51.0
2026-06-22 05:00:00,23.2,43,1014.6,13.2,22,0.0,10.5,27.0,97.0,0.0,0.5,65.0,54,Umerkot,2026-07-23 16:34:56.886994+00:00,5,0,6,54.0,55.0,56.0,54.0,54.083333333333336,54.958333333333336,13.533333333333333,11.016666666666667,35.66666666666668,31.395833333333332,-2.0,64.0,29.0,51.0
2026-06-22 06:00:00,22.1,43,1014.6,10.9,12,0.0,9.7,31.1,97.0,0.0,0.5,70.0,54,Umerkot,2026-07-23 16:34:56.886994+00:00,6,0,6,54.0,55.0,56.0,54.0,54.0,54.875,12.416666666666666,10.954166666666666,33.283333333333346,31.787500000000005,-2.0,64.0,28.0,51.0
2026-06-22 07:00:00,21.6,44,1014.9,9.2,360,0.0,11.1,46.8,98.0,0.0,0.5,77.0,54,Umerkot,2026-07-23 16:34:56.886994+00:00,7,0,6,54.0,54.0,56.0,54.0,54.0,54.791666666666664,11.683333333333332,10.9375,34.116666666666674,32.762499999999996,-2.0,64.0,28.0,51.0
2026-06-22 08:00:00,23.2,39,1015.2,6.3,355,0.0,14.4,67.8,98.0,0.0,0.6,84.0,54,Umerkot,2026-07-23 16:34:56.886994+00:00,8,0,6,54.0,54.0,56.0,54.0,54.0,54.708333333333336,11.716666666666667,11.008333333333333,39.28333333333334,34.225,-2.0,64.0,28.0,51.0
2026-06-22 09:00:00,25.6,32,1015.3,9.4,4,0.0,16.5,73.8,99.0,0.0,0.6,90.0,54,Umerkot,2026-07-23 16:34:56.886994+00:00,9,0,6,54.0,54.0,56.0,54.0,54.0,54.625,12.316666666666668,11.154166666666667,46.13333333333335,35.725,-2.0,64.0,28.0,51.0
2026-06-22 10:00:00,27.5,27,1015.3,15.3,12,0.0,17.6,76.6,99.0,0.0,0.6,92.0,54,Umerkot,2026-07-23 16:34:56.886994+00:00,10,0,6,54.0,54.0,56.0,54.0,54.0,54.541666666666664,13.300000000000002,11.375,53.85,37.46666666666666,-2.0,63.0,30.0,51.0
2026-06-22 11:00:00,29.1,25,1015.1,13.6,8,0.0,17.9,77.5,98.0,0.0,0.5,93.0,54,Umerkot,2026-07-23 16:34:56.886994+00:00,11,0,6,54.0,54.0,56.0,54.0,54.0,54.458333333333336,14.533333333333333,11.645833333333334,62.26666666666667,39.4,-2.0,63.0,32.0,51.0
2026-06-22 12:00:00,30.3,24,1014.8,12.8,349,0.0,17.1,81.5,98.0,0.0,0.5,93.0,55,Umerkot,2026-07-23 16:34:56.886994+00:00,12,0,6,54.0,54.0,56.0,54.166666666666664,54.083333333333336,54.416666666666664,15.766666666666666,12.2125,70.66666666666667,42.20833333333333,-1.0,62.0,34.0,50.0
2026-06-22 13:00:00,31.5,22,1014.2,15.5,333,0.0,17.5,84.5,98.0,0.0,0.5,94.0,56,Umerkot,2026-07-23 16:34:56.886994+00:00,13,0,6,54.0,54.0,56.0,54.5,54.25,54.416666666666664,16.833333333333332,12.787500000000001,76.95,45.04583333333333,0.0,60.0,36.0,50.0
2026-06-22 14:00:00,32.5,19,1013.5,18.4,329,0.0,18.2,88.2,99.0,0.1,0.4,95.0,57,Umerkot,2026-07-23 16:34:56.886994+00:00,14,0,6,54.0,54.0,56.0,55.0,54.5,54.458333333333336,17.466666666666665,13.362499999999999,80.35000000000001,47.895833333333336,1.0,59.0,38.0,49.0
2026-06-22 15:00:00,32.8,18,1013.1,20.8,342,0.0,19.0,91.7,99.0,0.1,0.4,96.0,58,Umerkot,2026-07-23 16:34:56.886994+00:00,15,0,6,54.0,54.0,56.0,55.666666666666664,54.833333333333336,54.541666666666664,17.883333333333333,13.924999999999999,83.33333333333334,50.7125,2.0,58.0,40.0,48.0
2026-06-22 16:00:00,32.8,17,1012.7,22.0,350,0.0,19.8,93.1,99.0,0.1,0.4,95.0,59,Umerkot,2026-07-23 16:34:56.886994+00:00,16,0,6,54.0,54.0,55.0,56.5,55.25,54.708333333333336,18.25,14.458333333333334,86.08333333333336,53.387499999999996,4.0,56.0,41.0,46.0
2026-06-22 17:00:00,32.7,17,1012.3,21.9,354,0.0,20.2,91.3,99.0,0.1,0.5,94.0,60,Umerkot,2026-07-23 16:34:56.886994+00:00,17,0,6,54.0,54.0,55.0,57.5,55.75,54.916666666666664,18.633333333333333,14.941666666666665,88.38333333333334,55.820833333333326,5.0,55.0,42.0,45.0
2026-06-22 18:00:00,32.2,18,1012.0,22.2,358,0.0,19.8,80.3,99.0,0.1,0.5,91.0,61,Umerkot,2026-07-23 16:34:56.886994+00:00,18,0,6,55.0,54.0,55.0,58.5,56.333333333333336,55.166666666666664,19.083333333333332,15.354166666666666,88.18333333333335,57.7875,6.0,53.0,42.0,44.0
2026-06-22 19:00:00,31.5,19,1012.2,21.8,358,0.0,18.9,66.4,98.0,0.1,0.5,86.0,62,Umerkot,2026-07-23 16:34:56.886994+00:00,19,0,6,56.0,54.0,54.0,59.5,57.0,55.5,19.316666666666666,15.679166666666665,85.16666666666669,59.21666666666667,8.0,52.0,46.0,42.0
2026-06-22 20:00:00,30.4,22,1012.5,20.7,357,0.0,18.1,57.5,98.0,0.1,0.6,80.0,63,Umerkot,2026-07-23 16:34:56.886994+00:00,20,0,6,57.0,54.0,54.0,60.5,57.75,55.875,19.3,15.916666666666666,80.05000000000001,60.224999999999994,9.0,51.0,49.0,41.0
2026-06-22 21:00:00,29.7,24,1013.2,17.7,3,0.0,17.6,52.9,97.0,0.1,0.6,74.0,63,Umerkot,2026-07-23 16:34:56.886994+00:00,21,0,6,58.0,54.0,54.0,61.333333333333336,58.5,56.25,19.066666666666666,16.075,73.58333333333334,60.895833333333336,9.0,48.0,50.0,40.0
2026-06-22 22:00:00,28.8,25,1013.8,14.8,1,0.0,17.2,49.7,97.0,0.1,0.6,70.0,63,Umerkot,2026-07-23 16:34:56.886994+00:00,22,0,6,59.0,54.0,54.0,62.0,59.25,56.625,18.633333333333333,16.1625,66.35000000000001,61.24583333333334,9.0,44.0,51.0,40.0
2026-06-22 23:00:00,27.8,26,1014.3,12.8,2,0.0,16.8,46.6,96.0,0.1,0.6,66.0,64,Umerkot,2026-07-23 16:34:56.886994+00:00,23,0,6,60.0,54.0,54.0,62.666666666666664,60.083333333333336,57.041666666666664,18.066666666666666,16.191666666666666,58.90000000000001,61.30416666666667,10.0,41.0,51.0,40.0
2026-06-23 00:00:00,26.6,28,1014.4,11.5,9,0.0,15.8,40.3,96.0,0.1,0.6,64.0,64,Umerkot,2026-07-23 16:34:56.886994+00:00,0,1,6,61.0,55.0,54.0,63.166666666666664,60.833333333333336,57.458333333333336,17.4,16.166666666666668,52.23333333333335,61.09166666666667,10.0,39.0,51.0,41.0
2026-06-23 01:00:00,25.4,31,1014.3,10.2,17,0.0,15.3,36.8,95.0,0.1,0.6,63.0,64,Umerkot,2026-07-23 16:34:56.886994+00:00,1,1,6,62.0,56.0,54.0,63.5,61.5,57.875,16.8,16.158333333333335,47.30000000000001,60.883333333333326,10.0,37.0,51.0,42.0
2026-06-23 02:00:00,24.2,35,1014.0,9.0,20,0.0,14.8,33.6,94.0,0.1,0.6,62.0,64,Umerkot,2026-07-23 16:34:56.886994+00:00,2,1,6,63.0,57.0,54.0,63.666666666666664,62.083333333333336,58.291666666666664,16.250000000000004,16.183333333333334,43.31666666666667,60.75,10.0,35.0,52.0,43.0
2026-06-23 03:00:00,23.4,37,1013.2,10.0,30,0.0,14.5,31.4,94.0,0.1,0.6,63.0,64,Umerkot,2026-07-23 16:34:56.886994+00:00,3,1,6,63.0,58.0,54.0,63.833333333333336,62.583333333333336,58.708333333333336,15.733333333333334,16.25,39.73333333333334,60.695833333333326,10.0,33.0,51.0,44.0
2026-06-23 04:00:00,22.6,38,1013.3,9.8,36,0.0,14.2,29.7,94.0,0.1,0.6,66.0,64,Umerkot,2026-07-23 16:34:56.886994+00:00,4,1,6,63.0,59.0,54.0,64.0,63.0,59.125,15.233333333333334,16.354166666666668,36.40000000000001,60.67083333333333,10.0,31.0,51.0,46.0
2026-06-23 05:00:00,21.5,41,1013.3,8.7,38,0.0,13.5,26.2,94.0,0.1,0.7,70.0,64,Umerkot,2026-07-23 16:34:56.886994+00:00,5,1,6,64.0,60.0,54.0,64.0,63.333333333333336,59.541666666666664,14.683333333333332,16.479166666666668,33.00000000000001,60.637499999999996,10.0,29.0,51.0,48.0
2026-06-23 06:00:00,20.9,44,1013.2,6.0,41,0.0,12.7,22.8,95.0,0.1,0.7,75.0,64,Umerkot,2026-07-23 16:34:56.886994+00:00,6,1,6,64.0,61.0,54.0,64.0,63.583333333333336,59.958333333333336,14.166666666666666,16.604166666666668,30.083333333333343,60.291666666666664,10.0,28.0,51.0,49.0
2026-06-23 07:00:00,20.8,46,1013.8,2.9,47,0.0,10.9,19.5,96.0,0.1,0.7,83.0,64,Umerkot,2026-07-23 16:34:56.886994+00:00,7,1,6,64.0,62.0,54.0,64.0,63.75,60.375,13.433333333333332,16.595833333333335,27.200000000000006,59.15416666666667,10.0,28.0,51.0,50.0
2026-06-23 08:00:00,22.6,40,1014.4,1.9,229,0.0,9.8,17.5,98.0,0.1,0.7,92.0,64,Umerkot,2026-07-23 16:34:56.886994+00:00,8,1,6,64.0,63.0,54.0,64.0,63.833333333333336,60.791666666666664,12.6,16.40416666666667,24.516666666666676,57.05833333333333,10.0,28.0,51.0,51.0
2026-06-23 09:00:00,25.3,35,1014.9,2.9,300,0.0,8.8,15.0,99.0,0.1,0.7,99.0,64,Umerkot,2026-07-23 16:34:56.886994+00:00,9,1,6,64.0,63.0,54.0,64.0,63.916666666666664,61.208333333333336,11.649999999999999,16.083333333333332,21.783333333333342,54.60833333333333,10.0,28.0,51.0,52.0
2026-06-23 10:00:00,27.9,31,1014.9,4.3,355,0.0,7.7,12.8,99.0,0.1,0.7,101.0,63,Umerkot,2026-07-23 16:34:56.886994+00:00,10,1,6,64.0,63.0,54.0,63.833333333333336,63.916666666666664,61.583333333333336,10.566666666666666,15.670833333333334,18.966666666666676,51.949999999999996,9.0,30.0,51.0,52.0
2026-06-23 11:00:00,29.4,26,1015.0,5.8,360,0.0,6.8,10.9,98.0,0.1,0.6,101.0,63,Umerkot,2026-07-23 16:34:56.886994+00:00,11,1,6,64.0,64.0,54.0,63.666666666666664,63.833333333333336,61.958333333333336,9.450000000000001,15.208333333333334,16.416666666666675,49.175000000000004,9.0,32.0,51.0,53.0
2026-06-23 12:00:00,30.6,23,1015.1,5.2,354,0.0,0.1,0.7,98.0,0.1,0.6,100.0,62,Umerkot,2026-07-23 16:34:56.886994+00:00,12,1,6,64.0,64.0,55.0,63.333333333333336,63.666666666666664,62.25,7.3500000000000005,14.5,12.733333333333341,45.80833333333334,7.0,34.0,50.0,53.0
2026-06-23 13:00:00,31.7,21,1014.4,7.0,342,0.0,0.3,2.3,98.0,0.1,0.6,100.0,60,Umerkot,2026-07-23 16:34:56.886994+00:00,13,1,6,64.0,64.0,56.0,62.666666666666664,63.333333333333336,62.416666666666664,5.583333333333333,13.783333333333333,9.866666666666676,42.38333333333333,4.0,36.0,50.0,53.0
2026-06-23 14:00:00,32.6,19,1013.5,10.1,333,0.0,0.6,3.7,98.0,0.1,0.5,100.0,59,Umerkot,2026-07-23 16:34:56.886994+00:00,14,1,6,64.0,64.0,57.0,61.833333333333336,62.916666666666664,62.5,4.050000000000001,13.049999999999999,7.566666666666677,38.862500000000004,2.0,38.0,49.0,53.0
2026-06-23 15:00:00,33.2,16,1013.1,12.7,335,0.0,1.0,5.1,98.0,0.1,0.5,100.0,58,Umerkot,2026-07-23 16:34:56.886994+00:00,15,1,6,64.0,64.0,58.0,60.833333333333336,62.416666666666664,62.5,2.75,12.299999999999999,5.916666666666676,35.25416666666666,0.0,40.0,48.0,53.0
2026-06-23 16:00:00,33.6,16,1012.6,13.4,338,0.0,1.4,6.0,98.0,0.1,0.5,99.0,56,Umerkot,2026-07-23 16:34:56.886994+00:00,16,1,6,63.0,64.0,59.0,59.666666666666664,61.75,62.375,1.7000000000000002,11.533333333333333,4.783333333333343,31.625,-3.0,41.0,46.0,52.0
2026-06-23 17:00:00,33.8,16,1012.1,13.1,344,0.0,1.8,6.1,98.0,0.1,0.5,97.0,55,Umerkot,2026-07-23 16:34:56.886994+00:00,17,1,6,63.0,64.0,60.0,58.333333333333336,61.0,62.166666666666664,0.8666666666666667,10.766666666666667,3.9833333333333427,28.075,-5.0,42.0,45.0,52.0
2026-06-23 18:00:00,33.6,16,1011.8,13.8,349,0.0,1.6,4.6,98.0,0.1,0.5,94.0,53,Umerkot,2026-07-23 16:34:56.886994+00:00,18,1,6,62.0,64.0,61.0,56.833333333333336,60.083333333333336,61.833333333333336,1.1166666666666667,10.008333333333333,4.633333333333343,24.920833333333334,-8.0,42.0,44.0,52.0
2026-06-23 19:00:00,33.0,16,1011.8,14.1,2,0.0,1.1,2.5,98.0,0.1,0.5,88.0,52,Umerkot,2026-07-23 16:34:56.886994+00:00,19,1,6,60.0,64.0,62.0,55.5,59.083333333333336,61.416666666666664,1.25,9.266666666666667,4.666666666666676,22.258333333333336,-10.0,46.0,42.0,51.0
2026-06-23 20:00:00,32.0,16,1012.1,16.0,21,0.0,1.6,2.8,98.0,0.1,0.4,80.0,51,Umerkot,2026-07-23 16:34:56.886994+00:00,20,1,6,59.0,64.0,63.0,54.166666666666664,58.0,60.916666666666664,1.4166666666666667,8.579166666666667,4.5166666666666755,19.979166666666668,-12.0,49.0,41.0,51.0
2026-06-23 21:00:00,31.0,17,1012.4,17.5,29,0.0,2.3,4.0,98.0,0.1,0.4,73.0,48,Umerkot,2026-07-23 16:34:56.886994+00:00,21,1,6,58.0,64.0,63.0,52.5,56.666666666666664,60.291666666666664,1.6333333333333335,7.941666666666666,4.333333333333343,17.941666666666666,-15.0,50.0,40.0,50.0
2026-06-23 22:00:00,30.0,18,1013.1,14.0,46,0.0,3.0,6.0,98.0,0.1,0.4,69.0,44,Umerkot,2026-07-23 16:34:56.886994+00:00,22,1,6,56.0,63.0,63.0,50.5,55.083333333333336,59.5,1.8999999999999997,7.3500000000000005,4.333333333333343,16.120833333333334,-19.0,51.0,40.0,50.0
2026-06-23 23:00:00,28.9,20,1013.6,12.2,61,0.0,4.0,8.9,97.0,0.1,0.4,67.0,41,Umerkot,2026-07-23 16:34:56.886994+00:00,23,1,6,55.0,63.0,64.0,48.166666666666664,53.25,58.541666666666664,2.266666666666667,6.816666666666666,4.800000000000009,14.549999999999999,-23.0,51.0,40.0,49.0
2026-06-24 00:00:00,28.3,22,1013.5,11.7,69,0.0,5.0,11.3,96.0,0.1,0.4,65.0,39,Umerkot,2026-07-23 16:34:56.886994+00:00,0,2,6,53.0,62.0,64.0,45.833333333333336,51.333333333333336,57.5,2.8333333333333335,6.366666666666666,5.916666666666676,13.341666666666667,-25.0,51.0,41.0,48.0
2026-06-24 01:00:00,27.4,25,1013.2,11.4,63,0.0,5.8,14.3,95.0,0.1,0.4,62.0,37,Umerkot,2026-07-23 16:34:56.886994+00:00,1,2,6,52.0,60.0,64.0,43.333333333333336,49.416666666666664,56.375,3.6166666666666667,5.970833333333334,7.8833333333333435,12.404166666666667,-27.0,51.0,42.0,46.0
2026-06-24 02:00:00,26.2,27,1013.0,10.4,80,0.0,6.4,16.6,94.0,0.1,0.4,59.0,35,Umerkot,2026-07-23 16:34:56.886994+00:00,2,2,6,51.0,59.0,64.0,40.666666666666664,47.416666666666664,55.166666666666664,4.416666666666667,5.620833333333334,10.183333333333342,11.695833333333333,-29.0,52.0,43.0,45.0
2026-06-24 03:00:00,25.0,31,1012.6,7.3,110,0.0,7.0,18.2,93.0,0.1,0.4,56.0,33,Umerkot,2026-07-23 16:34:56.886994+00:00,3,2,6,48.0,58.0,64.0,38.166666666666664,45.333333333333336,53.875,5.2,5.308333333333333,12.550000000000011,11.145833333333334,-31.0,51.0,44.0,43.0
2026-06-24 04:00:00,24.0,32,1012.8,9.2,132,0.0,7.3,19.2,93.0,0.1,0.4,55.0,31,Umerkot,2026-07-23 16:34:56.886994+00:00,4,2,6,44.0,56.0,64.0,36.0,43.25,52.5,5.916666666666667,5.020833333333333,14.750000000000009,10.708333333333334,-33.0,51.0,46.0,41.0
2026-06-24 05:00:00,23.3,33,1012.9,10.0,157,0.0,7.1,17.7,94.0,0.1,0.4,55.0,29,Umerkot,2026-07-23 16:34:56.886994+00:00,5,2,6,41.0,55.0,64.0,34.0,41.083333333333336,51.041666666666664,6.433333333333334,4.754166666666666,16.216666666666676,10.354166666666666,-35.0,51.0,48.0,40.0
2026-06-24 06:00:00,22.5,35,1013.1,8.0,207,0.0,7.7,20.0,95.0,0.1,0.4,58.0,28,Umerkot,2026-07-23 16:34:56.886994+00:00,6,2,6,39.0,53.0,64.0,32.166666666666664,39.0,49.541666666666664,6.883333333333333,4.545833333333333,17.666666666666675,10.2375,-36.0,51.0,49.0,38.0
2026-06-24 07:00:00,22.0,36,1013.8,9.1,256,0.0,8.1,21.4,96.0,0.1,0.4,67.0,28,Umerkot,2026-07-23 16:34:56.886994+00:00,7,2,6,37.0,52.0,64.0,30.666666666666668,37.0,48.041666666666664,7.266666666666667,4.429166666666666,18.850000000000012,10.316666666666668,-36.0,51.0,50.0,37.0
2026-06-24 08:00:00,24.4,31,1014.4,5.7,252,0.0,8.1,23.3,98.0,0.0,0.4,79.0,28,Umerkot,2026-07-23 16:34:56.886994+00:00,8,2,6,35.0,51.0,64.0,29.5,35.083333333333336,46.541666666666664,7.55,4.358333333333333,19.966666666666676,10.558333333333334,-36.0,51.0,51.0,35.0
2026-06-24 09:00:00,27.6,25,1014.6,5.4,272,0.0,9.2,30.9,99.0,0.0,0.4,88.0,28,Umerkot,2026-07-23 16:34:56.886994+00:00,9,2,6,33.0,48.0,64.0,28.666666666666668,33.416666666666664,45.041666666666664,7.916666666666667,4.375,22.083333333333343,11.220833333333333,-36.0,51.0,52.0,34.0
2026-06-24 10:00:00,30.2,21,1014.9,6.0,295,0.0,10.0,35.2,100.0,0.0,0.4,91.0,30,Umerkot,2026-07-23 16:34:56.886994+00:00,10,2,6,31.0,44.0,63.0,28.5,32.25,43.666666666666664,8.366666666666667,4.470833333333333,24.75000000000001,12.154166666666667,-33.0,51.0,52.0,33.0
2026-06-24 11:00:00,31.9,17,1014.9,5.1,312,0.0,10.8,38.4,100.0,0.0,0.4,90.0,32,Umerkot,2026-07-23 16:34:56.886994+00:00,11,2,6,29.0,41.0,63.0,29.0,31.5,42.375,8.983333333333333,4.6375,28.200000000000006,13.300000000000002,-31.0,51.0,53.0,33.0
2026-06-24 12:00:00,32.9,16,1014.7,7.3,310,0.0,11.4,40.6,100.0,0.0,0.4,90.0,34,Umerkot,2026-07-23 16:34:56.886994+00:00,12,2,6,28.0,39.0,62.0,30.0,31.083333333333332,41.208333333333336,9.6,5.108333333333333,31.63333333333334,14.962499999999999,-28.0,50.0,53.0,35.0
2026-06-24 13:00:00,34.0,14,1014.2,9.8,306,0.0,11.8,42.7,99.0,0.0,0.4,91.0,36,Umerkot,2026-07-23 16:34:56.886994+00:00,13,2,6,28.0,37.0,60.0,31.333333333333332,31.0,40.208333333333336,10.216666666666667,5.5874999999999995,35.183333333333344,16.645833333333332,-24.0,50.0,53.0,37.0
2026-06-24 14:00:00,34.8,14,1013.5,12.5,310,0.0,12.1,45.5,99.0,0.0,0.3,92.0,38,Umerkot,2026-07-23 16:34:56.886994+00:00,14,2,6,28.0,35.0,59.0,33.0,31.25,39.333333333333336,10.883333333333333,6.066666666666666,38.88333333333335,18.3875,-21.0,49.0,53.0,39.0
2026-06-24 15:00:00,35.4,13,1013.1,14.9,318,0.0,12.7,51.3,98.0,0.0,0.3,92.0,40,Umerkot,2026-07-23 16:34:56.886994+00:00,15,2,6,28.0,33.0,58.0,35.0,31.833333333333332,38.583333333333336,11.466666666666667,6.554166666666667,42.28333333333334,20.3125,-18.0,48.0,53.0,41.0
2026-06-24 16:00:00,35.8,13,1012.7,16.7,326,0.0,13.9,60.5,98.0,0.0,0.3,91.0,41,Umerkot,2026-07-23 16:34:56.886994+00:00,16,2,6,30.0,31.0,56.0,36.833333333333336,32.666666666666664,37.958333333333336,12.116666666666667,7.075,46.50000000000001,22.583333333333332,-15.0,46.0,52.0,42.0
2026-06-24 17:00:00,35.8,13,1012.4,17.1,332,0.0,15.3,70.1,99.0,0.0,0.3,88.0,42,Umerkot,2026-07-23 16:34:56.886994+00:00,17,2,6,32.0,29.0,55.0,38.5,33.75,37.416666666666664,12.866666666666667,7.637499999999999,51.78333333333334,25.25,-13.0,45.0,52.0,43.0
2026-06-24 18:00:00,35.5,13,1011.7,17.5,338,0.0,15.2,63.1,99.0,0.0,0.3,85.0,42,Umerkot,2026-07-23 16:34:56.886994+00:00,18,2,6,34.0,28.0,53.0,39.833333333333336,34.916666666666664,36.958333333333336,13.5,8.204166666666667,55.53333333333334,27.6875,-11.0,44.0,52.0,43.0
2026-06-24 19:00:00,34.9,13,1011.9,16.8,347,0.0,14.0,52.3,99.0,0.0,0.3,79.0,46,Umerkot,2026-07-23 16:34:56.886994+00:00,19,2,6,36.0,28.0,52.0,41.5,36.416666666666664,36.708333333333336,13.866666666666667,8.741666666666667,57.13333333333333,29.7625,-6.0,42.0,51.0,42.0
2026-06-24 20:00:00,34.1,14,1012.1,15.6,11,0.0,11.5,35.0,98.0,0.0,0.3,72.0,49,Umerkot,2026-07-23 16:34:56.886994+00:00,20,2,6,38.0,28.0,51.0,43.333333333333336,38.166666666666664,36.625,13.766666666666667,9.154166666666667,55.38333333333333,31.104166666666668,-2.0,41.0,51.0,42.0
2026-06-24 21:00:00,32.6,16,1012.5,17.2,42,0.0,9.0,21.2,97.0,0.0,0.3,67.0,50,Umerkot,2026-07-23 16:34:56.886994+00:00,21,2,6,40.0,28.0,48.0,45.0,40.0,36.708333333333336,13.15,9.433333333333334,50.366666666666674,31.820833333333336,2.0,40.0,50.0,41.0
2026-06-24 22:00:00,31.3,17,1013.4,15.1,41,0.0,7.4,14.2,97.0,0.0,0.3,65.0,51,Umerkot,2026-07-23 16:34:56.886994+00:00,22,2,6,41.0,30.0,44.0,46.666666666666664,41.75,37.0,12.066666666666665,9.616666666666665,42.650000000000006,32.1625,7.0,40.0,50.0,39.0
2026-06-24 23:00:00,30.1,17,1013.9,11.2,40,0.0,6.6,11.9,96.0,0.0,0.2,64.0,51,Umerkot,2026-07-23 16:34:56.886994+00:00,23,2,6,42.0,32.0,41.0,48.166666666666664,43.333333333333336,37.416666666666664,10.616666666666665,9.725,32.95000000000001,32.2875,10.0,40.0,49.0,38.0
2026-06-25 00:00:00,28.5,20,1014.0,8.2,40,0.0,6.3,11.6,96.0,0.0,0.2,63.0,51,Umerkot,2026-07-23 16:34:56.886994+00:00,0,3,6,42.0,34.0,39.0,49.666666666666664,44.75,37.916666666666664,9.133333333333335,9.779166666666667,24.366666666666674,32.3,12.0,41.0,48.0,36.0
2026-06-25 01:00:00,27.2,22,1013.9,7.3,7,0.0,6.2,11.7,96.0,0.0,0.2,61.0,51,Umerkot,2026-07-23 16:34:56.886994+00:00,1,3,6,46.0,36.0,37.0,50.5,46.0,38.5,7.833333333333333,9.795833333333334,17.60000000000001,32.19166666666667,14.0,42.0,46.0,35.0
2026-06-25 02:00:00,25.9,23,1013.8,7.8,13,0.0,6.1,11.7,95.0,0.0,0.2,60.0,52,Umerkot,2026-07-23 16:34:56.886994+00:00,2,3,6,49.0,38.0,35.0,51.0,47.166666666666664,39.208333333333336,6.933333333333334,9.783333333333333,13.716666666666674,31.987499999999997,17.0,43.0,45.0,33.0
2026-06-25 03:00:00,25.1,24,1013.2,9.9,19,0.0,6.1,11.9,95.0,0.0,0.2,59.0,51,Umerkot,2026-07-23 16:34:56.886994+00:00,3,3,6,50.0,40.0,33.0,51.166666666666664,48.083333333333336,39.958333333333336,6.45,9.745833333333334,12.166666666666677,31.724999999999998,18.0,44.0,43.0,34.0
2026-06-25 04:00:00,24.4,24,1013.2,10.2,39,0.0,6.2,12.4,95.0,0.0,0.2,59.0,51,Umerkot,2026-07-23 16:34:56.886994+00:00,4,3,6,51.0,41.0,31.0,51.166666666666664,48.916666666666664,40.791666666666664,6.25,9.7,11.866666666666676,31.441666666666666,20.0,46.0,41.0,35.0
2026-06-25 05:00:00,23.5,26,1013.2,8.2,54,0.0,6.2,12.8,95.0,0.0,0.3,60.0,51,Umerkot,2026-07-23 16:34:56.886994+00:00,5,3,6,51.0,42.0,29.0,51.166666666666664,49.666666666666664,41.708333333333336,6.183333333333333,9.6625,12.016666666666675,31.237499999999997,22.0,48.0,40.0,36.0
2026-06-25 06:00:00,23.0,27,1013.4,6.2,68,0.0,6.1,13.2,95.0,0.0,0.3,63.0,51,Umerkot,2026-07-23 16:34:56.886994+00:00,6,3,6,51.0,42.0,28.0,51.166666666666664,50.416666666666664,42.666666666666664,6.1499999999999995,9.595833333333333,12.283333333333344,30.954166666666666,23.0,49.0,38.0,36.0
2026-06-25 07:00:00,22.7,28,1014.3,5.8,358,0.0,6.8,19.4,97.0,0.0,0.3,71.0,51,Umerkot,2026-07-23 16:34:56.886994+00:00,7,3,6,51.0,46.0,28.0,51.166666666666664,50.833333333333336,43.625,6.25,9.541666666666666,13.566666666666675,30.870833333333334,23.0,50.0,37.0,37.0
2026-06-25 08:00:00,24.0,26,1014.8,6.3,323,0.0,7.3,23.5,99.0,0.0,0.4,82.0,51,Umerkot,2026-07-23 16:34:56.886994+00:00,8,3,6,52.0,49.0,28.0,51.0,51.0,44.583333333333336,6.45,9.508333333333333,15.53333333333334,30.879166666666666,23.0,51.0,35.0,37.0
2026-06-25 09:00:00,26.9,22,1015.2,5.2,340,0.0,6.8,20.4,100.0,0.0,0.4,90.0,51,Umerkot,2026-07-23 16:34:56.886994+00:00,9,3,6,51.0,50.0,28.0,51.0,51.083333333333336,45.541666666666664,6.566666666666666,9.408333333333333,16.95000000000001,30.441666666666666,23.0,52.0,34.0,38.0
2026-06-25 10:00:00,29.6,22,1015.4,7.9,3,0.0,6.7,20.0,100.0,0.0,0.4,92.0,51,Umerkot,2026-07-23 16:34:56.886994+00:00,10,3,6,51.0,51.0,30.0,51.0,51.083333333333336,46.416666666666664,6.650000000000001,9.270833333333334,18.216666666666676,29.808333333333334,21.0,52.0,33.0,38.0
2026-06-25 11:00:00,32.0,21,1015.3,11.2,22,0.0,6.5,19.2,99.0,0.0,0.4,91.0,51,Umerkot,2026-07-23 16:34:56.886994+00:00,11,3,6,51.0,51.0,32.0,51.0,51.083333333333336,47.208333333333336,6.7,9.091666666666667,19.283333333333342,29.008333333333336,19.0,53.0,33.0,38.0
2026-06-25 12:00:00,33.4,17,1015.1,9.8,18,0.0,7.8,28.3,99.0,0.0,0.4,89.0,50,Umerkot,2026-07-23 16:34:56.886994+00:00,12,3,6,51.0,51.0,34.0,50.833333333333336,51.0,47.875,6.983333333333333,8.941666666666666,21.800000000000008,28.495833333333334,16.0,53.0,35.0,38.0
2026-06-25 13:00:00,34.3,16,1014.9,8.9,347,0.0,7.5,27.8,99.0,0.0,0.4,89.0,50,Umerkot,2026-07-23 16:34:56.886994+00:00,13,3,6,51.0,51.0,36.0,50.666666666666664,50.916666666666664,48.458333333333336,7.1000000000000005,8.762500000000001,23.200000000000006,27.875,14.0,53.0,37.0,40.0
2026-06-25 14:00:00,35.1,14,1014.1,11.4,334,0.0,7.4,29.2,99.0,0.0,0.3,89.0,49,Umerkot,2026-07-23 16:34:56.886994+00:00,14,3,6,51.0,52.0,38.0,50.333333333333336,50.666666666666664,48.916666666666664,7.116666666666666,8.566666666666668,24.15000000000001,27.19583333333333,11.0,53.0,39.0,42.0
2026-06-25 15:00:00,35.5,13,1013.4,13.8,331,0.0,7.7,32.9,99.0,0.0,0.3,88.0,48,Umerkot,2026-07-23 16:34:56.886994+00:00,15,3,6,51.0,51.0,40.0,49.833333333333336,50.416666666666664,49.25,7.266666666666667,8.358333333333333,26.233333333333338,26.429166666666664,8.0,53.0,41.0,44.0
2026-06-25 16:00:00,35.9,13,1012.8,15.7,335,0.0,8.4,38.9,99.0,0.0,0.3,87.0,46,Umerkot,2026-07-23 16:34:56.886994+00:00,16,3,6,51.0,51.0,41.0,49.0,50.0,49.458333333333336,7.550000000000001,8.129166666666666,29.38333333333334,25.52916666666667,5.0,52.0,42.0,46.0
2026-06-25 17:00:00,35.9,13,1012.4,18.0,333,0.0,9.1,45.4,100.0,0.0,0.3,85.0,45,Umerkot,2026-07-23 16:34:56.886994+00:00,17,3,6,51.0,51.0,42.0,48.0,49.5,49.583333333333336,7.983333333333333,7.870833333333334,33.75000000000001,24.5,3.0,52.0,43.0,48.0
2026-06-25 18:00:00,35.4,13,1012.0,18.2,337,0.0,9.2,42.8,100.0,0.0,0.3,82.0,44,Umerkot,2026-07-23 16:34:56.886994+00:00,18,3,6,50.0,51.0,42.0,47.0,48.916666666666664,49.666666666666664,8.216666666666667,7.620833333333333,36.16666666666668,23.654166666666665,2.0,52.0,43.0,49.0
2026-06-25 19:00:00,34.9,13,1012.2,16.7,346,0.0,8.5,34.8,100.0,0.0,0.3,78.0,42,Umerkot,2026-07-23 16:34:56.886994+00:00,19,3,6,50.0,51.0,46.0,45.666666666666664,48.166666666666664,49.5,8.383333333333333,7.391666666666666,37.333333333333336,22.925,-4.0,51.0,42.0,50.0
2026-06-25 20:00:00,34.1,12,1012.3,19.1,342,0.0,7.7,27.2,99.0,0.0,0.3,72.0,41,Umerkot,2026-07-23 16:34:56.886994+00:00,20,3,6,49.0,51.0,49.0,44.333333333333336,47.333333333333336,49.166666666666664,8.433333333333334,7.233333333333333,37.00000000000001,22.599999999999998,-8.0,51.0,42.0,50.0
2026-06-25 21:00:00,32.9,11,1012.8,19.1,351,0.0,7.5,24.2,98.0,0.0,0.3,68.0,40,Umerkot,2026-07-23 16:34:56.886994+00:00,21,3,6,48.0,51.0,50.0,43.0,46.416666666666664,48.75,8.4,7.170833333333333,35.550000000000004,22.724999999999998,-10.0,50.0,41.0,51.0
2026-06-25 22:00:00,31.4,12,1013.6,16.9,360,0.0,8.2,25.7,98.0,0.0,0.3,66.0,40,Umerkot,2026-07-23 16:34:56.886994+00:00,22,3,6,46.0,51.0,51.0,42.0,45.5,48.291666666666664,8.366666666666667,7.204166666666667,33.35000000000001,23.204166666666666,-11.0,50.0,39.0,51.0
2026-06-25 23:00:00,30.1,13,1014.1,15.1,12,0.0,9.4,30.4,97.0,0.0,0.3,64.0,40,Umerkot,2026-07-23 16:34:56.886994+00:00,23,3,6,45.0,51.0,51.0,41.166666666666664,44.583333333333336,47.833333333333336,8.416666666666666,7.320833333333333,30.85000000000001,23.974999999999998,-11.0,49.0,38.0,50.0
2026-06-26 00:00:00,28.8,16,1014.2,14.6,22,0.0,10.8,34.8,97.0,0.0,0.3,61.0,41,Umerkot,2026-07-23 16:34:56.886994+00:00,0,4,6,44.0,50.0,51.0,40.666666666666664,43.833333333333336,47.416666666666664,8.683333333333334,7.508333333333334,29.51666666666668,24.941666666666666,-10.0,48.0,36.0,50.0
2026-06-26 01:00:00,27.7,19,1014.1,13.8,24,0.0,11.8,37.8,96.0,0.0,0.3,61.0,42,Umerkot,2026-07-23 16:34:56.886994+00:00,1,4,6,42.0,50.0,51.0,40.666666666666664,43.166666666666664,47.041666666666664,9.233333333333334,7.741666666666666,30.016666666666676,26.029166666666665,-9.0,46.0,35.0,49.0
2026-06-26 02:00:00,26.9,21,1013.5,13.4,26,0.0,12.5,39.6,96.0,0.0,0.3,61.0,43,Umerkot,2026-07-23 16:34:56.886994+00:00,2,4,6,41.0,49.0,52.0,41.0,42.666666666666664,46.666666666666664,10.033333333333333,8.008333333333333,32.08333333333334,27.191666666666666,-9.0,45.0,33.0,48.0
2026-06-26 03:00:00,26.3,22,1013.1,15.0,27,0.0,13.0,39.7,95.0,0.0,0.3,61.0,44,Umerkot,2026-07-23 16:34:56.886994+00:00,3,4,6,40.0,48.0,51.0,41.666666666666664,42.333333333333336,46.375,10.950000000000001,8.295833333333333,34.66666666666668,28.349999999999998,-7.0,43.0,34.0,46.0
2026-06-26 04:00:00,25.4,23,1013.3,14.7,28,0.0,13.2,39.7,95.0,0.0,0.3,60.0,46,Umerkot,2026-07-23 16:34:56.886994+00:00,4,4,6,40.0,46.0,51.0,42.666666666666664,42.333333333333336,46.166666666666664,11.783333333333333,8.5875,37.00000000000001,29.487499999999997,-5.0,41.0,35.0,45.0
2026-06-26 05:00:00,24.0,25,1013.5,11.8,36,0.0,13.2,39.2,95.0,0.0,0.4,60.0,48,Umerkot,2026-07-23 16:34:56.886994+00:00,5,4,6,40.0,45.0,51.0,44.0,42.583333333333336,46.041666666666664,12.416666666666666,8.879166666666666,38.466666666666676,30.587500000000002,-3.0,40.0,36.0,44.0
2026-06-26 06:00:00,22.9,26,1013.5,10.3,40,0.0,13.4,40.9,95.0,0.0,0.4,62.0,49,Umerkot,2026-07-23 16:34:56.886994+00:00,6,4,6,41.0,44.0,51.0,45.333333333333336,43.0,45.958333333333336,12.85,9.183333333333334,39.48333333333334,31.741666666666664,-2.0,38.0,36.0,42.0
2026-06-26 07:00:00,22.3,27,1013.8,7.7,51,0.0,14.6,54.7,96.0,0.0,0.4,71.0,50,Umerkot,2026-07-23 16:34:56.886994+00:00,7,4,6,42.0,42.0,51.0,46.666666666666664,43.666666666666664,45.916666666666664,13.316666666666668,9.508333333333333,42.30000000000001,33.2125,-1.0,37.0,37.0,41.0
2026-06-26 08:00:00,24.6,23,1014.3,3.5,99,0.0,15.3,58.0,96.0,0.0,0.4,82.0,51,Umerkot,2026-07-23 16:34:56.886994+00:00,8,4,6,43.0,41.0,51.0,48.0,44.5,45.916666666666664,13.783333333333333,9.841666666666667,45.366666666666674,34.65,0.0,35.0,37.0,40.0
2026-06-26 09:00:00,27.5,19,1014.7,1.2,153,0.0,14.8,49.4,97.0,0.0,0.4,91.0,52,Umerkot,2026-07-23 16:34:56.886994+00:00,9,4,6,44.0,40.0,51.0,49.333333333333336,45.5,45.958333333333336,14.083333333333334,10.174999999999999,46.98333333333334,35.858333333333334,1.0,34.0,38.0,38.0
2026-06-26 10:00:00,30.2,17,1014.8,1.8,6,0.0,14.3,43.9,97.0,0.0,0.4,94.0,52,Umerkot,2026-07-23 16:34:56.886994+00:00,10,4,6,46.0,40.0,51.0,50.333333333333336,46.5,46.0,14.266666666666667,10.491666666666667,47.683333333333344,36.854166666666664,1.0,33.0,38.0,37.0
2026-06-26 11:00:00,32.3,15,1014.6,5.6,40,0.0,13.7,38.9,97.0,0.0,0.3,93.0,53,Umerkot,2026-07-23 16:34:56.886994+00:00,11,4,6,48.0,40.0,51.0,51.166666666666664,47.583333333333336,46.083333333333336,14.35,10.791666666666666,47.63333333333335,37.675,2.0,33.0,38.0,36.0
2026-06-26 12:00:00,33.3,14,1014.4,6.8,360,0.0,5.2,12.1,97.0,0.0,0.3,93.0,53,Umerkot,2026-07-23 16:34:56.886994+00:00,12,4,6,49.0,41.0,50.0,51.833333333333336,48.583333333333336,46.208333333333336,12.983333333333333,10.683333333333332,42.83333333333334,37.0,3.0,35.0,38.0,36.0
2026-06-26 13:00:00,34.2,13,1013.9,9.3,338,0.0,5.0,11.1,97.0,0.0,0.3,93.0,53,Umerkot,2026-07-23 16:34:56.886994+00:00,13,4,6,50.0,42.0,50.0,52.333333333333336,49.5,46.333333333333336,11.383333333333333,10.579166666666667,35.56666666666668,36.30416666666667,3.0,37.0,40.0,38.0
2026-06-26 14:00:00,34.9,12,1013.3,10.2,328,0.0,4.5,9.8,98.0,0.1,0.2,94.0,53,Umerkot,2026-07-23 16:34:56.886994+00:00,14,4,6,51.0,43.0,49.0,52.666666666666664,50.333333333333336,46.5,9.583333333333334,10.458333333333334,27.533333333333342,35.49583333333333,4.0,39.0,42.0,39.0
2026-06-26 15:00:00,35.1,11,1012.9,9.8,343,0.0,4.2,9.3,98.0,0.1,0.2,94.0,53,Umerkot,2026-07-23 16:34:56.886994+00:00,15,4,6,52.0,44.0,48.0,52.833333333333336,51.083333333333336,46.708333333333336,7.816666666666666,10.3125,20.85000000000001,34.5125,5.0,41.0,44.0,41.0
2026-06-26 16:00:00,35.6,10,1012.3,12.2,347,0.0,4.0,9.1,98.0,0.1,0.2,93.0,52,Umerkot,2026-07-23 16:34:56.886994+00:00,16,4,6,52.0,46.0,46.0,52.833333333333336,51.583333333333336,46.958333333333336,6.1000000000000005,10.129166666666666,15.05000000000001,33.270833333333336,6.0,42.0,46.0,41.0
2026-06-26 17:00:00,35.8,10,1011.7,16.5,344,0.0,3.8,8.6,97.0,0.1,0.2,92.0,52,Umerkot,2026-07-23 16:34:56.886994+00:00,17,4,6,53.0,48.0,45.0,52.666666666666664,51.916666666666664,47.25,4.45,9.908333333333333,10.000000000000009,31.737499999999997,7.0,43.0,48.0,41.0
2026-06-26 18:00:00,35.3,10,1011.3,19.2,347,0.0,3.3,6.0,97.0,0.1,0.2,89.0,52,Umerkot,2026-07-23 16:34:56.886994+00:00,18,4,6,53.0,49.0,44.0,52.5,52.166666666666664,47.583333333333336,4.133333333333333,9.6625,8.983333333333343,30.204166666666666,8.0,43.0,49.0,40.0
2026-06-26 19:00:00,34.4,10,1011.6,19.4,7,0.0,3.2,3.8,97.0,0.1,0.2,84.0,51,Umerkot,2026-07-23 16:34:56.886994+00:00,19,4,6,53.0,50.0,42.0,52.166666666666664,52.25,47.958333333333336,3.8333333333333335,9.441666666666668,7.7666666666666755,28.912499999999998,9.0,42.0,50.0,39.0
2026-06-26 20:00:00,33.3,10,1012.0,20.0,14,0.0,3.2,3.7,97.0,0.1,0.2,78.0,51,Umerkot,2026-07-23 16:34:56.886994+00:00,20,4,6,53.0,51.0,41.0,51.833333333333336,52.25,48.375,3.6166666666666667,9.254166666666666,6.75000000000001,27.933333333333334,10.0,42.0,50.0,38.0
2026-06-26 21:00:00,32.2,11,1012.4,16.4,15,0.0,3.2,3.9,97.0,0.1,0.2,73.0,50,Umerkot,2026-07-23 16:34:56.886994+00:00,21,4,6,53.0,52.0,40.0,51.333333333333336,52.083333333333336,48.791666666666664,3.4499999999999997,9.075,5.850000000000009,27.087500000000002,10.0,41.0,51.0,37.0
2026-06-26 22:00:00,30.9,12,1012.8,14.6,9,0.0,3.2,4.5,97.0,0.1,0.2,71.0,50,Umerkot,2026-07-23 16:34:56.886994+00:00,22,4,6,52.0,52.0,40.0,51.0,51.916666666666664,49.208333333333336,3.3166666666666664,8.866666666666667,5.083333333333343,26.20416666666667,10.0,39.0,51.0,35.0
2026-06-26 23:00:00,29.7,14,1013.3,12.3,14,0.0,3.4,5.3,97.0,0.1,0.1,70.0,49,Umerkot,2026-07-23 16:34:56.886994+00:00,23,4,6,52.0,53.0,40.0,50.5,51.583333333333336,49.583333333333336,3.25,8.616666666666667,4.533333333333343,25.158333333333335,9.0,38.0,50.0,34.0
2026-06-27 00:00:00,28.3,17,1013.2,9.4,23,0.0,4.2,8.2,97.0,0.0,0.2,68.0,48,Umerkot,2026-07-23 16:34:56.886994+00:00,0,5,6,52.0,53.0,41.0,49.833333333333336,51.166666666666664,49.875,3.4000000000000004,8.341666666666667,4.900000000000009,24.05,7.0,36.0,50.0,33.0
2026-06-27 01:00:00,27.2,19,1012.8,7.6,62,0.0,4.6,10.1,96.0,0.0,0.2,66.0,46,Umerkot,2026-07-23 16:34:56.886994+00:00,1,5,6,51.0,53.0,42.0,49.0,50.583333333333336,50.041666666666664,3.633333333333333,8.041666666666666,5.950000000000009,22.895833333333332,4.0,35.0,49.0,31.0
2026-06-27 02:00:00,26.4,20,1012.6,9.9,89,0.0,5.3,12.3,96.0,0.0,0.1,63.0,45,Umerkot,2026-07-23 16:34:56.886994+00:00,2,5,6,51.0,53.0,43.0,48.0,49.916666666666664,50.125,3.983333333333333,7.741666666666667,7.3833333333333435,21.758333333333336,2.0,33.0,48.0,30.0
2026-06-27 03:00:00,25.9,22,1012.1,10.7,97,0.0,5.7,13.9,95.0,0.0,0.1,61.0,43,Umerkot,2026-07-23 16:34:56.886994+00:00,3,5,6,50.0,53.0,44.0,46.833333333333336,49.083333333333336,50.083333333333336,4.3999999999999995,7.4375,9.05000000000001,20.683333333333334,-1.0,34.0,46.0,29.0
2026-06-27 04:00:00,25.4,24,1012.0,7.8,124,0.0,6.1,15.1,95.0,0.0,0.1,59.0,41,Umerkot,2026-07-23 16:34:56.886994+00:00,4,5,6,50.0,52.0,46.0,45.333333333333336,48.166666666666664,49.875,4.883333333333333,7.141666666666666,10.816666666666675,19.65833333333333,-5.0,35.0,45.0,27.0
2026-06-27 05:00:00,25.4,25,1012.2,1.9,221,0.0,6.3,15.5,95.0,0.0,0.2,59.0,40,Umerkot,2026-07-23 16:34:56.886994+00:00,5,5,6,49.0,52.0,48.0,43.833333333333336,47.166666666666664,49.541666666666664,5.366666666666666,6.854166666666667,12.516666666666675,18.67083333333333,-8.0,36.0,44.0,26.0
2026-06-27 06:00:00,23.7,26,1012.5,9.5,292,0.0,6.9,16.8,95.0,0.0,0.2,61.0,38,Umerkot,2026-07-23 16:34:56.886994+00:00,6,5,6,48.0,52.0,49.0,42.166666666666664,46.0,49.083333333333336,5.816666666666666,6.583333333333333,13.950000000000008,17.666666666666668,-11.0,36.0,42.0,26.0
2026-06-27 07:00:00,23.4,28,1013.0,4.1,326,0.0,8.8,25.2,96.0,0.0,0.2,70.0,37,Umerkot,2026-07-23 16:34:56.886994+00:00,7,5,6,46.0,51.0,50.0,40.666666666666664,44.833333333333336,48.541666666666664,6.516666666666666,6.341666666666666,16.466666666666676,16.437499999999996,-13.0,37.0,41.0,26.0
2026-06-27 08:00:00,25.4,24,1013.4,5.1,117,0.0,10.0,32.2,98.0,0.0,0.3,82.0,35,Umerkot,2026-07-23 16:34:56.886994+00:00,8,5,6,45.0,51.0,51.0,39.0,43.5,47.875,7.3,6.120833333333333,19.783333333333342,15.362500000000002,-16.0,37.0,40.0,26.0
2026-06-27 09:00:00,28.5,21,1013.4,1.7,148,0.0,10.4,35.6,99.0,0.0,0.3,91.0,34,Umerkot,2026-07-23 16:34:56.886994+00:00,9,5,6,43.0,50.0,52.0,37.5,42.166666666666664,47.125,8.083333333333334,5.9375,23.40000000000001,14.7875,-18.0,38.0,38.0,27.0
2026-06-27 10:00:00,31.3,17,1013.5,3.7,157,0.0,10.0,33.6,99.0,0.0,0.3,94.0,33,Umerkot,2026-07-23 16:34:56.886994+00:00,10,5,6,41.0,50.0,52.0,36.166666666666664,40.75,46.333333333333336,8.733333333333334,5.758333333333333,26.483333333333345,14.358333333333334,-19.0,38.0,37.0,29.0
2026-06-27 11:00:00,33.1,15,1013.4,8.1,155,0.0,9.4,30.7,98.0,0.0,0.3,93.0,33,Umerkot,2026-07-23 16:34:56.886994+00:00,11,5,6,40.0,49.0,53.0,35.0,39.416666666666664,45.5,9.25,5.579166666666667,29.016666666666676,14.016666666666666,-20.0,38.0,36.0,30.0
2026-06-27 12:00:00,34.1,15,1013.3,3.8,183,0.0,1.0,3.8,98.0,0.0,0.3,92.0,35,Umerkot,2026-07-23 16:34:56.886994+00:00,12,5,6,38.0,48.0,53.0,34.5,38.333333333333336,44.75,8.266666666666667,5.404166666666666,26.85000000000001,13.670833333333334,-18.0,38.0,36.0,32.0
2026-06-27 13:00:00,34.9,14,1012.7,3.5,258,0.0,1.0,3.8,98.0,0.0,0.3,93.0,37,Umerkot,2026-07-23 16:34:56.886994+00:00,13,5,6,37.0,46.0,53.0,34.5,37.583333333333336,44.083333333333336,6.966666666666666,5.2375,23.283333333333346,13.366666666666667,-16.0,40.0,38.0,34.0
2026-06-27 14:00:00,35.7,12,1012.2,5.2,295,0.0,1.0,3.9,98.0,0.1,0.2,93.0,39,Umerkot,2026-07-23 16:34:56.886994+00:00,14,5,6,35.0,45.0,53.0,35.166666666666664,37.083333333333336,43.5,5.466666666666666,5.091666666666667,18.566666666666677,13.120833333333332,-14.0,42.0,39.0,35.0
2026-06-27 15:00:00,35.9,12,1011.9,6.1,320,0.0,1.1,4.5,98.0,0.1,0.2,93.0,41,Umerkot,2026-07-23 16:34:56.886994+00:00,15,5,6,34.0,43.0,53.0,36.333333333333336,36.916666666666664,43.0,3.9166666666666674,4.9624999999999995,13.383333333333345,12.920833333333334,-12.0,44.0,41.0,36.0
2026-06-27 16:00:00,36.5,11,1011.1,7.3,340,0.0,1.5,5.8,98.0,0.1,0.2,92.0,42,Umerkot,2026-07-23 16:34:56.886994+00:00,16,5,6,33.0,41.0,52.0,37.833333333333336,37.0,42.583333333333336,2.5,4.858333333333333,8.750000000000009,12.783333333333333,-10.0,46.0,41.0,37.0
2026-06-27 17:00:00,36.7,11,1010.6,10.0,354,0.0,2.1,8.3,98.0,0.1,0.3,89.0,43,Umerkot,2026-07-23 16:34:56.886994+00:00,17,5,6,33.0,40.0,52.0,39.5,37.25,42.208333333333336,1.2833333333333334,4.7875000000000005,5.016666666666676,12.770833333333334,-9.0,48.0,41.0,37.0
2026-06-27 18:00:00,36.4,11,1010.1,12.3,350,0.0,3.1,10.7,98.0,0.1,0.3,86.0,43,Umerkot,2026-07-23 16:34:56.886994+00:00,18,5,6,35.0,38.0,52.0,40.833333333333336,37.666666666666664,41.833333333333336,1.6333333333333335,4.779166666666667,6.166666666666676,12.966666666666667,-9.0,49.0,40.0,37.0
2026-06-27 19:00:00,36.0,11,1009.9,13.2,340,0.0,4.6,15.0,97.0,0.1,0.3,81.0,42,Umerkot,2026-07-23 16:34:56.886994+00:00,19,5,6,37.0,37.0,51.0,41.666666666666664,38.083333333333336,41.458333333333336,2.2333333333333334,4.8375,8.033333333333344,13.433333333333335,-9.0,50.0,39.0,37.0
2026-06-27 20:00:00,35.1,12,1010.3,13.7,339,0.0,6.2,19.9,97.0,0.1,0.3,76.0,42,Umerkot,2026-07-23 16:34:56.886994+00:00,20,5,6,39.0,35.0,51.0,42.166666666666664,38.666666666666664,41.083333333333336,3.1,4.9624999999999995,10.70000000000001,14.108333333333333,-9.0,50.0,38.0,36.0
2026-06-27 21:00:00,33.8,15,1010.4,14.4,31,0.0,7.3,23.3,96.0,0.1,0.3,71.0,41,Umerkot,2026-07-23 16:34:56.886994+00:00,21,5,6,41.0,34.0,50.0,42.166666666666664,39.25,40.708333333333336,4.133333333333333,5.133333333333334,13.833333333333343,14.916666666666666,-9.0,51.0,37.0,36.0
2026-06-27 22:00:00,32.5,16,1011.1,17.5,40,0.0,7.9,25.1,96.0,0.1,0.3,67.0,39,Umerkot,2026-07-23 16:34:56.886994+00:00,22,5,6,42.0,33.0,50.0,41.666666666666664,39.75,40.25,5.2,5.329166666666667,17.05000000000001,15.775,-11.0,51.0,35.0,36.0
2026-06-27 23:00:00,31.5,16,1011.7,18.5,28,0.0,8.3,27.0,96.0,0.0,0.3,65.0,38,Umerkot,2026-07-23 16:34:56.886994+00:00,23,5,6,43.0,33.0,49.0,40.833333333333336,40.166666666666664,39.791666666666664,6.233333333333334,5.533333333333334,20.166666666666675,16.679166666666667,-11.0,50.0,34.0,35.0
2026-06-28 00:00:00,30.4,18,1011.9,16.0,25,0.0,9.1,29.7,96.0,0.0,0.3,61.0,36,Umerkot,2026-07-23 16:34:56.886994+00:00,0,6,6,43.0,35.0,48.0,39.666666666666664,40.25,39.291666666666664,7.233333333333333,5.737500000000001,23.333333333333343,17.575,-12.0,50.0,33.0,34.0
2026-06-28 01:00:00,29.2,21,1011.8,11.8,43,0.0,9.3,31.4,95.0,0.0,0.3,60.0,35,Umerkot,2026-07-23 16:34:56.886994+00:00,1,6,6,42.0,37.0,46.0,38.5,40.083333333333336,38.833333333333336,8.016666666666667,5.933333333333334,26.066666666666677,18.4625,-11.0,49.0,31.0,33.0
2026-06-28 02:00:00,27.8,24,1011.7,8.9,63,0.0,9.4,32.6,93.0,0.0,0.3,58.0,33,Umerkot,2026-07-23 16:34:56.886994+00:00,2,6,6,42.0,39.0,45.0,37.0,39.583333333333336,38.333333333333336,8.55,6.104166666666667,28.18333333333334,19.308333333333334,-12.0,48.0,30.0,33.0
2026-06-28 03:00:00,26.8,27,1011.4,8.8,67,0.0,9.5,33.3,92.0,0.0,0.3,57.0,34,Umerkot,2026-07-23 16:34:56.886994+00:00,3,6,6,41.0,41.0,43.0,35.833333333333336,39.0,37.958333333333336,8.916666666666666,6.262499999999999,29.85000000000001,20.116666666666667,-9.0,46.0,29.0,32.0
2026-06-28 04:00:00,26.0,29,1011.5,7.0,55,0.0,9.5,33.2,93.0,0.0,0.3,56.0,35,Umerkot,2026-07-23 16:34:56.886994+00:00,4,6,6,39.0,42.0,41.0,35.166666666666664,38.416666666666664,37.708333333333336,9.183333333333334,6.404166666666666,31.200000000000006,20.870833333333334,-6.0,45.0,27.0,31.0
2026-06-28 05:00:00,24.7,31,1011.9,7.9,1,0.0,9.4,32.2,94.0,0.0,0.3,56.0,36,Umerkot,2026-07-23 16:34:56.886994+00:00,5,6,6,38.0,43.0,40.0,34.833333333333336,37.833333333333336,37.541666666666664,9.366666666666665,6.533333333333334,32.06666666666668,21.566666666666666,-4.0,44.0,26.0,31.0
2026-06-28 06:00:00,23.8,34,1011.9,5.4,14,0.0,9.7,33.4,96.0,0.0,0.3,58.0,36,Umerkot,2026-07-23 16:34:56.886994+00:00,6,6,6,36.0,43.0,38.0,34.833333333333336,37.25,37.458333333333336,9.466666666666667,6.650000000000001,32.683333333333344,22.258333333333336,-2.0,42.0,26.0,30.0
2026-06-28 07:00:00,23.6,35,1012.1,4.4,27,0.0,10.6,40.3,97.0,0.0,0.3,65.0,37,Umerkot,2026-07-23 16:34:56.886994+00:00,7,6,6,35.0,42.0,37.0,35.166666666666664,36.833333333333336,37.458333333333336,9.683333333333332,6.7250000000000005,34.16666666666668,22.887500000000003,0.0,41.0,26.0,31.0
2026-06-28 08:00:00,25.3,31,1012.5,3.3,36,0.0,11.6,46.8,98.0,0.0,0.3,75.0,37,Umerkot,2026-07-23 16:34:56.886994+00:00,8,6,6,33.0,42.0,35.0,35.833333333333336,36.416666666666664,37.541666666666664,10.049999999999999,6.791666666666667,36.53333333333334,23.495833333333334,2.0,40.0,26.0,31.0
2026-06-28 09:00:00,27.9,28,1012.9,5.4,70,0.0,11.4,47.7,99.0,0.0,0.3,83.0,38,Umerkot,2026-07-23 16:34:56.886994+00:00,9,6,6,34.0,41.0,34.0,36.5,36.166666666666664,37.708333333333336,10.366666666666667,6.833333333333333,38.933333333333344,24.0,4.0,38.0,27.0,33.0
2026-06-28 10:00:00,30.4,26,1013.0,10.6,71,0.0,10.6,44.7,99.0,0.0,0.3,87.0,38,Umerkot,2026-07-23 16:34:56.886994+00:00,10,6,6,35.0,39.0,33.0,37.0,36.083333333333336,37.916666666666664,10.549999999999999,6.858333333333333,40.850000000000016,24.462500000000002,5.0,37.0,29.0,34.0
2026-06-28 11:00:00,32.3,23,1013.0,11.8,79,0.0,9.9,41.0,98.0,0.1,0.3,89.0,38,Umerkot,2026-07-23 16:34:56.886994+00:00,11,6,6,36.0,38.0,33.0,37.333333333333336,36.083333333333336,38.125,10.633333333333333,6.879166666666666,42.31666666666667,24.891666666666666,5.0,36.0,30.0,36.0
2026-06-28 12:00:00,33.7,20,1012.9,9.2,86,0.0,9.5,37.7,98.0,0.1,0.3,91.0,38,Umerkot,2026-07-23 16:34:56.886994+00:00,12,6,6,36.0,36.0,35.0,37.666666666666664,36.25,38.25,10.6,7.233333333333334,43.03333333333334,26.30416666666667,3.0,36.0,32.0,38.0
2026-06-28 13:00:00,34.7,18,1012.4,4.5,50,0.0,9.3,35.5,98.0,0.1,0.3,92.0,40,Umerkot,2026-07-23 16:34:56.886994+00:00,13,6,6,37.0,35.0,37.0,38.166666666666664,36.666666666666664,38.375,10.383333333333335,7.579166666666667,42.23333333333334,27.625,3.0,38.0,34.0,39.0
2026-06-28 14:00:00,35.5,17,1011.5,6.1,2,0.0,9.3,34.5,98.0,0.1,0.3,93.0,42,Umerkot,2026-07-23 16:34:56.886994+00:00,14,6,6,37.0,33.0,39.0,39.0,37.416666666666664,38.5,10.0,7.925,40.183333333333344,28.900000000000002,3.0,39.0,35.0,40.0
2026-06-28 15:00:00,36.2,15,1010.8,8.8,355,0.0,9.3,33.6,98.0,0.1,0.4,93.0,44,Umerkot,2026-07-23 16:34:56.886994+00:00,15,6,6,38.0,34.0,41.0,40.0,38.25,38.625,9.65,8.266666666666667,37.83333333333334,30.1125,3.0,41.0,36.0,42.0
2026-06-28 16:00:00,36.6,15,1010.0,12.1,4,0.0,9.3,32.7,98.0,0.1,0.5,93.0,46,Umerkot,2026-07-23 16:34:56.886994+00:00,16,6,6,38.0,35.0,42.0,41.333333333333336,39.166666666666664,38.791666666666664,9.433333333333335,8.591666666666667,35.83333333333335,31.233333333333334,4.0,41.0,37.0,42.0
2026-06-28 17:00:00,36.7,15,1009.4,16.2,4,0.0,9.2,30.7,98.0,0.1,0.6,92.0,48,Umerkot,2026-07-23 16:34:56.886994+00:00,17,6,6,38.0,36.0,43.0,43.0,40.166666666666664,39.0,9.316666666666666,8.887500000000001,34.116666666666674,32.166666666666664,5.0,41.0,37.0,42.0
2026-06-28 18:00:00,36.2,15,1009.4,18.0,3,0.0,8.8,26.3,98.0,0.1,0.7,89.0,49,Umerkot,2026-07-23 16:34:56.886994+00:00,18,6,6,38.0,36.0,43.0,44.833333333333336,41.25,39.25,9.200000000000001,9.125,32.216666666666676,32.81666666666666,6.0,40.0,37.0,42.0
2026-06-28 19:00:00,35.5,16,1009.4,16.5,16,0.0,7.9,20.3,98.0,0.1,0.8,84.0,50,Umerkot,2026-07-23 16:34:56.886994+00:00,19,6,6,40.0,37.0,42.0,46.5,42.333333333333336,39.583333333333336,8.966666666666667,9.262500000000001,29.68333333333334,33.0375,8.0,39.0,37.0,42.0
2026-06-28 20:00:00,34.7,17,1009.7,17.4,32,0.0,7.0,16.2,98.0,0.1,0.9,77.0,50,Umerkot,2026-07-23 16:34:56.886994+00:00,20,6,6,42.0,37.0,42.0,47.833333333333336,43.416666666666664,39.916666666666664,8.583333333333334,9.295833333333333,26.633333333333344,32.88333333333333,8.0,38.0,36.0,41.0
2026-06-28 21:00:00,33.8,17,1010.9,20.8,35,0.0,6.6,14.7,98.0,0.1,0.9,72.0,51,Umerkot,2026-07-23 16:34:56.886994+00:00,21,6,6,44.0,38.0,41.0,49.0,44.5,40.333333333333336,8.133333333333333,9.266666666666667,23.483333333333345,32.525,10.0,37.0,36.0,40.0
2026-06-28 22:00:00,32.8,17,1011.6,16.4,29,0.0,6.6,15.1,97.0,0.1,0.9,68.0,51,Umerkot,2026-07-23 16:34:56.886994+00:00,22,6,6,46.0,38.0,39.0,49.833333333333336,45.583333333333336,40.833333333333336,7.683333333333334,9.2125,20.550000000000008,32.108333333333334,12.0,35.0,36.0,39.0
2026-06-28 23:00:00,31.6,19,1012.1,10.8,47,0.0,6.8,16.2,96.0,0.1,0.9,66.0,50,Umerkot,2026-07-23 16:34:56.886994+00:00,23,6,6,48.0,38.0,38.0,50.166666666666664,46.583333333333336,41.333333333333336,7.283333333333334,9.15,18.133333333333344,31.65833333333333,12.0,34.0,35.0,38.0
2026-06-29 00:00:00,30.4,21,1012.1,10.5,39,0.0,2.7,3.8,95.0,0.1,1.0,60.0,50,Umerkot,2026-07-23 16:34:56.886994+00:00,0,0,6,49.0,38.0,36.0,50.333333333333336,47.583333333333336,41.916666666666664,6.266666666666667,8.883333333333333,14.383333333333342,30.579166666666666,14.0,33.0,34.0,37.0
2026-06-29 01:00:00,28.9,24,1012.1,8.8,31,0.0,2.8,4.3,94.0,0.1,1.0,59.0,49,Umerkot,2026-07-23 16:34:56.886994+00:00,1,0,6,50.0,40.0,35.0,50.166666666666664,48.333333333333336,42.5,5.416666666666667,8.612499999999999,11.716666666666676,29.45,14.0,31.0,33.0,38.0
2026-06-29 02:00:00,27.6,27,1011.8,5.4,26,0.0,3.0,5.1,93.0,0.1,0.9,57.0,48,Umerkot,2026-07-23 16:34:56.886994+00:00,2,0,6,50.0,42.0,33.0,49.833333333333336,48.833333333333336,43.125,4.749999999999999,8.345833333333333,9.866666666666676,28.30416666666667,15.0,30.0,33.0,40.0
2026-06-29 03:00:00,27.2,29,1011.4,3.7,43,0.0,3.2,6.2,93.0,0.1,0.9,56.0,46,Umerkot,2026-07-23 16:34:56.886994+00:00,3,0,6,51.0,44.0,34.0,49.0,49.0,43.625,4.183333333333334,8.083333333333334,8.450000000000008,27.175,12.0,29.0,32.0,41.0
2026-06-29 04:00:00,26.5,30,1011.3,2.7,86,0.0,3.5,7.6,93.0,0.1,0.9,56.0,45,Umerkot,2026-07-23 16:34:56.886994+00:00,4,0,6,51.0,46.0,35.0,48.0,48.916666666666664,44.041666666666664,3.6666666666666665,7.833333333333333,7.20000000000001,26.10833333333333,10.0,27.0,31.0,43.0
2026-06-29 05:00:00,25.5,32,1011.4,4.3,138,0.0,3.7,8.3,94.0,0.1,0.9,58.0,44,Umerkot,2026-07-23 16:34:56.886994+00:00,5,0,6,50.0,48.0,36.0,47.0,48.583333333333336,44.375,3.1500000000000004,7.595833333333334,5.883333333333343,25.1125,8.0,26.0,31.0,44.0
2026-06-29 06:00:00,24.5,33,1011.2,5.6,151,0.0,4.6,11.7,95.0,0.1,0.9,62.0,42,Umerkot,2026-07-23 16:34:56.886994+00:00,6,0,6,50.0,49.0,36.0,45.666666666666664,48.0,44.625,3.466666666666667,7.383333333333333,7.20000000000001,24.208333333333332,6.0,26.0,30.0,44.0
2026-06-29 07:00:00,23.9,34,1011.4,7.8,171,0.0,5.0,14.0,96.0,0.1,1.0,72.0,41,Umerkot,2026-07-23 16:34:56.886994+00:00,7,0,6,49.0,50.0,37.0,44.333333333333336,47.25,44.791666666666664,3.8333333333333335,7.1499999999999995,8.816666666666677,23.112499999999997,4.0,26.0,31.0,45.0
2026-06-29 08:00:00,26.2,29,1011.8,8.4,160,0.0,5.3,16.8,97.0,0.1,1.1,86.0,40,Umerkot,2026-07-23 16:34:56.886994+00:00,8,0,6,48.0,50.0,37.0,43.0,46.416666666666664,44.916666666666664,4.216666666666667,6.8875,10.766666666666675,21.8625,3.0,26.0,31.0,45.0
2026-06-29 09:00:00,29.8,23,1012.1,9.6,154,0.0,5.7,19.7,98.0,0.1,1.1,95.0,38,Umerkot,2026-07-23 16:34:56.886994+00:00,9,0,6,46.0,51.0,38.0,41.666666666666664,45.333333333333336,44.916666666666664,4.633333333333334,6.6499999999999995,13.016666666666675,20.695833333333336,0.0,27.0,33.0,46.0
2026-06-29 10:00:00,32.8,19,1012.2,11.5,155,0.0,6.1,22.6,98.0,0.1,1.1,96.0,37,Umerkot,2026-07-23 16:34:56.886994+00:00,10,0,6,45.0,51.0,38.0,40.333333333333336,44.166666666666664,44.875,5.066666666666666,6.4624999999999995,15.516666666666678,19.775,-1.0,29.0,34.0,48.0
2026-06-29 11:00:00,34.1,17,1012.4,6.5,148,0.0,6.3,24.5,97.0,0.0,1.0,92.0,36,Umerkot,2026-07-23 16:34:56.886994+00:00,11,0,6,44.0,50.0,38.0,39.0,43.0,44.791666666666664,5.5,6.3125,18.21666666666668,19.0875,-2.0,30.0,36.0,48.0
2026-06-29 12:00:00,35.2,16,1012.5,2.8,140,0.0,0.3,1.3,97.0,0.0,0.9,89.0,36,Umerkot,2026-07-23 16:34:56.886994+00:00,12,0,6,42.0,50.0,38.0,38.0,41.833333333333336,44.708333333333336,4.783333333333333,5.929166666666666,16.483333333333345,17.570833333333333,-2.0,32.0,38.0,49.0
2026-06-29 13:00:00,36.1,14,1012.1,1.6,333,0.0,0.4,3.0,97.0,0.0,0.8,87.0,38,Umerkot,2026-07-23 16:34:56.886994+00:00,13,0,6,41.0,49.0,40.0,37.5,40.916666666666664,44.625,4.016666666666667,5.558333333333334,14.650000000000011,16.216666666666665,-2.0,34.0,39.0,49.0
2026-06-29 14:00:00,37.1,14,1011.7,5.7,336,0.0,0.7,5.0,97.0,0.0,0.8,85.0,39,Umerkot,2026-07-23 16:34:56.886994+00:00,14,0,6,40.0,48.0,42.0,37.333333333333336,40.166666666666664,44.5,3.25,5.2,12.683333333333342,14.987499999999999,-3.0,35.0,40.0,49.0
2026-06-29 15:00:00,37.7,13,1011.1,9.8,346,0.0,1.1,7.6,97.0,0.0,0.7,83.0,41,Umerkot,2026-07-23 16:34:56.886994+00:00,15,0,6,38.0,46.0,44.0,37.833333333333336,39.75,44.375,2.4833333333333334,4.858333333333333,10.666666666666677,13.904166666666669,-3.0,36.0,42.0,48.0
2026-06-29 16:00:00,38.3,13,1010.4,12.3,349,0.0,1.5,9.9,97.0,0.0,0.7,81.0,41,Umerkot,2026-07-23 16:34:56.886994+00:00,16,0,6,37.0,45.0,46.0,38.5,39.416666666666664,44.166666666666664,1.7166666666666668,4.533333333333334,8.55000000000001,12.954166666666666,-5.0,37.0,42.0,48.0
2026-06-29 17:00:00,38.4,13,1010.0,13.5,351,0.0,1.9,11.6,97.0,0.0,0.6,79.0,41,Umerkot,2026-07-23 16:34:56.886994+00:00,17,0,6,36.0,44.0,48.0,39.333333333333336,39.166666666666664,43.875,0.9833333333333334,4.229166666666667,6.400000000000009,12.158333333333333,-7.0,37.0,42.0,47.0
2026-06-29 18:00:00,38.0,13,1009.6,15.4,355,0.0,2.0,10.7,97.0,0.0,0.6,77.0,40,Umerkot,2026-07-23 16:34:56.886994+00:00,18,0,6,36.0,42.0,49.0,40.0,39.0,43.5,1.2666666666666666,3.945833333333333,7.9666666666666766,11.508333333333333,-9.0,37.0,42.0,46.0
2026-06-29 19:00:00,37.4,14,1009.7,16.9,14,0.0,1.7,7.4,97.0,0.0,0.6,73.0,39,Umerkot,2026-07-23 16:34:56.886994+00:00,19,0,6,38.0,41.0,50.0,40.166666666666664,38.833333333333336,43.041666666666664,1.4833333333333334,3.6875,8.70000000000001,10.970833333333333,-11.0,37.0,42.0,46.0
2026-06-29 20:00:00,36.3,15,1009.8,23.2,36,0.0,1.5,5.7,97.0,0.0,0.5,69.0,38,Umerkot,2026-07-23 16:34:56.886994+00:00,20,0,6,39.0,40.0,50.0,40.0,38.666666666666664,42.541666666666664,1.616666666666667,3.4583333333333335,8.816666666666677,10.533333333333333,-12.0,36.0,41.0,45.0
2026-06-29 21:00:00,35.2,16,1010.4,24.2,30,0.0,1.6,5.1,97.0,0.0,0.5,65.0,37,Umerkot,2026-07-23 16:34:56.886994+00:00,21,0,6,41.0,38.0,51.0,39.333333333333336,38.583333333333336,41.958333333333336,1.7000000000000002,3.25,8.40000000000001,10.133333333333333,-14.0,36.0,40.0,45.0
2026-06-29 22:00:00,34.0,18,1011.1,18.4,37,0.0,1.7,5.4,96.0,0.0,0.5,62.0,35,Umerkot,2026-07-23 16:34:56.886994+00:00,22,0,6,41.0,37.0,51.0,38.333333333333336,38.416666666666664,41.291666666666664,1.7333333333333332,3.045833333333333,7.65000000000001,9.729166666666666,-16.0,36.0,39.0,45.0
2026-06-29 23:00:00,32.7,20,1011.6,14.0,43,0.0,1.9,6.3,96.0,0.0,0.5,59.0,34,Umerkot,2026-07-23 16:34:56.886994+00:00,23,0,6,41.0,36.0,50.0,37.166666666666664,38.25,40.625,1.7333333333333334,2.841666666666667,6.766666666666676,9.316666666666668,-16.0,35.0,38.0,45.0
2026-06-30 00:00:00,31.7,22,1011.5,12.9,55,0.0,3.0,9.0,95.0,0.0,0.6,58.0,33,Umerkot,2026-07-23 16:34:56.886994+00:00,0,1,6,40.0,36.0,50.0,36.0,38.0,39.916666666666664,1.9000000000000001,2.8541666666666665,6.483333333333342,9.533333333333333,-17.0,34.0,37.0,45.0
2026-06-30 01:00:00,30.5,24,1011.5,11.8,64,0.0,3.7,10.6,95.0,0.0,0.6,56.0,31,Umerkot,2026-07-23 16:34:56.886994+00:00,1,1,6,39.0,38.0,49.0,34.666666666666664,37.416666666666664,39.166666666666664,2.233333333333333,2.891666666666667,7.016666666666676,9.795833333333333,-18.0,33.0,38.0,44.0
2026-06-30 02:00:00,29.3,26,1011.1,9.7,72,0.0,4.2,11.5,94.0,0.0,0.5,53.0,30,Umerkot,2026-07-23 16:34:56.886994+00:00,2,1,6,38.0,39.0,48.0,33.333333333333336,36.666666666666664,38.416666666666664,2.6833333333333336,2.9416666666666664,7.983333333333342,10.0625,-18.0,33.0,40.0,44.0
2026-06-30 03:00:00,28.3,28,1010.6,9.2,74,0.0,4.6,12.3,94.0,0.0,0.5,52.0,29,Umerkot,2026-07-23 16:34:56.886994+00:00,3,1,6,37.0,41.0,46.0,32.0,35.666666666666664,37.708333333333336,3.1833333333333336,3.0,9.183333333333342,10.316666666666668,-17.0,32.0,41.0,43.0
2026-06-30 04:00:00,27.4,29,1010.9,9.5,76,0.0,4.8,13.0,94.0,0.0,0.5,52.0,27,Umerkot,2026-07-23 16:34:56.886994+00:00,4,1,6,35.0,41.0,45.0,30.666666666666668,34.5,36.958333333333336,3.6999999999999997,3.0541666666666667,10.450000000000008,10.541666666666668,-18.0,31.0,43.0,42.0
2026-06-30 05:00:00,26.4,31,1011.2,9.6,78,0.0,5.0,14.2,94.0,0.0,0.5,54.0,26,Umerkot,2026-07-23 16:34:56.886994+00:00,5,1,6,34.0,41.0,44.0,29.333333333333332,33.25,36.208333333333336,4.216666666666666,3.108333333333333,11.766666666666675,10.7875,-18.0,31.0,44.0,41.0
2026-06-30 06:00:00,25.5,33,1011.6,10.1,96,0.0,6.6,24.4,95.0,0.0,0.5,58.0,26,Umerkot,2026-07-23 16:34:56.886994+00:00,6,1,6,33.0,40.0,42.0,28.166666666666668,32.083333333333336,35.541666666666664,4.816666666666666,3.1916666666666664,14.333333333333343,11.316666666666668,-16.0,30.0,44.0,40.0
2026-06-30 07:00:00,25.0,34,1012.0,10.2,121,0.0,10.4,46.4,96.0,0.0,0.5,66.0,26,Umerkot,2026-07-23 16:34:56.886994+00:00,7,1,6,31.0,39.0,41.0,27.333333333333332,31.0,34.916666666666664,5.933333333333333,3.4166666666666665,20.30000000000001,12.666666666666666,-15.0,31.0,45.0,39.0
2026-06-30 08:00:00,27.1,30,1012.5,7.8,132,0.0,10.3,43.8,97.0,0.0,0.6,76.0,26,Umerkot,2026-07-23 16:34:56.886994+00:00,8,1,6,30.0,38.0,40.0,26.666666666666668,30.0,34.333333333333336,6.95,3.625,25.68333333333334,13.791666666666666,-14.0,31.0,45.0,40.0
2026-06-30 09:00:00,30.4,24,1012.8,8.8,129,0.0,9.0,36.4,98.0,0.0,0.6,83.0,27,Umerkot,2026-07-23 16:34:56.886994+00:00,9,1,6,29.0,37.0,38.0,26.333333333333332,29.166666666666668,33.875,7.683333333333333,3.7624999999999997,29.700000000000006,14.487499999999999,-11.0,33.0,46.0,42.0
2026-06-30 10:00:00,32.9,22,1012.7,11.4,119,0.0,8.3,32.9,98.0,0.0,0.6,83.0,29,Umerkot,2026-07-23 16:34:56.886994+00:00,10,1,6,27.0,35.0,37.0,26.666666666666668,28.666666666666668,33.541666666666664,8.266666666666667,3.8541666666666665,33.01666666666667,14.916666666666666,-8.0,34.0,48.0,45.0
2026-06-30 11:00:00,34.7,20,1012.7,9.5,111,0.0,8.0,32.2,98.0,0.0,0.5,80.0,30,Umerkot,2026-07-23 16:34:56.886994+00:00,11,1,6,26.0,34.0,36.0,27.333333333333332,28.333333333333332,33.291666666666664,8.766666666666667,3.9249999999999994,36.01666666666667,15.237499999999999,-6.0,36.0,48.0,47.0
2026-06-30 12:00:00,35.9,18,1012.7,5.2,68,0.0,2.6,11.9,98.0,0.0,0.5,79.0,32,Umerkot,2026-07-23 16:34:56.886994+00:00,12,1,6,26.0,33.0,36.0,28.333333333333332,28.25,33.125,8.1,4.020833333333333,33.933333333333344,15.679166666666665,-4.0,38.0,49.0,50.0
2026-06-30 13:00:00,37.1,16,1012.4,8.0,20,0.0,2.9,13.3,98.0,0.0,0.5,79.0,34,Umerkot,2026-07-23 16:34:56.886994+00:00,13,1,6,26.0,31.0,38.0,29.666666666666668,28.5,32.958333333333336,6.8500000000000005,4.125,28.416666666666675,16.10833333333333,-4.0,39.0,49.0,51.0
2026-06-30 14:00:00,38.1,15,1011.9,13.3,8,0.0,3.0,14.4,99.0,0.0,0.5,79.0,35,Umerkot,2026-07-23 16:34:56.886994+00:00,14,1,6,26.0,30.0,39.0,31.166666666666668,28.916666666666668,32.791666666666664,5.633333333333333,4.220833333333334,23.51666666666668,16.5,-4.0,40.0,49.0,52.0
2026-06-30 15:00:00,38.3,15,1011.6,18.3,11,0.0,3.2,15.3,99.0,0.0,0.5,79.0,36,Umerkot,2026-07-23 16:34:56.886994+00:00,15,1,6,27.0,29.0,41.0,32.666666666666664,29.5,32.583333333333336,4.666666666666667,4.308333333333333,20.00000000000001,16.820833333333333,-5.0,42.0,48.0,53.0
2026-06-30 16:00:00,38.5,15,1011.2,20.0,9,0.0,3.3,15.9,99.0,0.0,0.5,79.0,37,Umerkot,2026-07-23 16:34:56.886994+00:00,16,1,6,29.0,27.0,41.0,34.0,30.333333333333332,32.416666666666664,3.8333333333333335,4.383333333333333,17.166666666666675,17.070833333333333,-4.0,42.0,48.0,55.0
2026-06-30 17:00:00,38.2,15,1010.7,20.1,6,0.0,3.4,16.4,98.0,0.0,0.5,79.0,37,Umerkot,2026-07-23 16:34:56.886994+00:00,17,1,6,30.0,26.0,41.0,35.166666666666664,31.25,32.25,3.0666666666666664,4.445833333333334,14.533333333333346,17.270833333333332,-4.0,42.0,47.0,55.0
2026-06-30 18:00:00,37.7,15,1010.3,19.7,9,0.0,3.5,15.7,98.0,0.0,0.5,78.0,37,Umerkot,2026-07-23 16:34:56.886994+00:00,18,1,6,32.0,26.0,40.0,36.0,32.166666666666664,32.125,3.216666666666667,4.508333333333334,15.166666666666677,17.479166666666668,-3.0,42.0,46.0,56.0
2026-06-30 19:00:00,36.9,16,1010.3,20.3,14,0.0,3.6,14.3,98.0,0.0,0.5,76.0,37,Umerkot,2026-07-23 16:34:56.886994+00:00,19,1,6,34.0,26.0,39.0,36.5,33.083333333333336,32.041666666666664,3.3333333333333335,4.5874999999999995,15.333333333333343,17.766666666666666,-2.0,42.0,46.0,57.0
2026-06-30 20:00:00,35.7,18,1010.6,24.2,13,0.0,3.8,14.0,98.0,0.0,0.4,73.0,36,Umerkot,2026-07-23 16:34:56.886994+00:00,20,1,6,35.0,26.0,38.0,36.666666666666664,33.916666666666664,31.958333333333332,3.4666666666666663,4.683333333333334,15.266666666666675,18.1125,-2.0,41.0,45.0,57.0
2026-06-30 21:00:00,34.7,19,1011.0,20.6,34,0.0,4.1,14.1,98.0,0.0,0.4,70.0,36,Umerkot,2026-07-23 16:34:56.886994+00:00,21,1,6,36.0,27.0,37.0,36.666666666666664,34.666666666666664,31.916666666666668,3.6166666666666667,4.7875000000000005,15.066666666666677,18.4875,-1.0,40.0,45.0,57.0
2026-06-30 22:00:00,33.7,20,1011.6,18.2,48,0.0,4.3,13.6,97.0,0.0,0.4,68.0,36,Umerkot,2026-07-23 16:34:56.886994+00:00,22,1,6,37.0,29.0,35.0,36.5,35.25,31.958333333333332,3.7833333333333328,4.895833333333333,14.683333333333342,18.829166666666666,1.0,39.0,45.0,57.0
2026-06-30 23:00:00,32.8,20,1012.0,17.2,46,0.0,4.3,12.2,97.0,0.0,0.4,66.0,35,Umerkot,2026-07-23 16:34:56.886994+00:00,23,1,6,37.0,30.0,34.0,36.166666666666664,35.666666666666664,32.0,3.933333333333333,4.995833333333333,13.983333333333341,19.075,1.0,38.0,45.0,57.0
2026-07-01 00:00:00,31.6,21,1012.2,18.5,47,0.0,4.0,10.0,96.0,0.0,0.4,67.0,34,Umerkot,2026-07-23 16:34:56.886994+00:00,0,2,7,37.0,32.0,33.0,35.666666666666664,35.833333333333336,32.041666666666664,4.016666666666667,5.0375,13.033333333333344,19.116666666666667,1.0,37.0,45.0,57.0
2026-07-01 01:00:00,30.5,23,1012.0,16.8,53,0.0,4.0,10.7,96.0,0.0,0.4,66.0,33,Umerkot,2026-07-23 16:34:56.886994+00:00,1,2,7,37.0,34.0,31.0,35.0,35.75,32.125,4.083333333333333,5.05,12.433333333333342,19.120833333333334,2.0,38.0,44.0,57.0
2026-07-01 02:00:00,29.6,24,1011.9,16.1,57,0.0,4.4,14.2,95.0,0.0,0.3,64.0,33,Umerkot,2026-07-23 16:34:56.886994+00:00,2,2,7,36.0,35.0,30.0,34.5,35.583333333333336,32.25,4.183333333333334,5.058333333333334,12.466666666666676,19.233333333333334,3.0,40.0,44.0,57.0
2026-07-01 03:00:00,28.5,24,1011.8,16.3,67,0.0,5.2,20.7,95.0,0.0,0.3,64.0,32,Umerkot,2026-07-23 16:34:56.886994+00:00,3,2,7,36.0,36.0,29.0,33.833333333333336,35.25,32.375,4.366666666666666,5.083333333333333,13.566666666666675,19.583333333333332,3.0,41.0,43.0,57.0
2026-07-01 04:00:00,27.4,26,1011.9,14.4,80,0.0,6.1,27.3,95.0,0.0,0.3,65.0,31,Umerkot,2026-07-23 16:34:56.886994+00:00,4,2,7,36.0,37.0,27.0,33.0,34.75,32.541666666666664,4.666666666666667,5.1375,15.850000000000009,20.179166666666667,4.0,43.0,42.0,57.0
2026-07-01 05:00:00,26.3,27,1011.9,13.0,92,0.0,7.3,34.0,95.0,0.1,0.3,66.0,31,Umerkot,2026-07-23 16:34:56.886994+00:00,5,2,7,35.0,37.0,26.0,32.333333333333336,34.25,32.75,5.166666666666667,5.233333333333333,19.483333333333345,21.004166666666666,5.0,44.0,41.0,58.0
2026-07-01 06:00:00,25.4,28,1012.2,12.1,108,0.0,8.9,43.3,95.0,0.1,0.3,70.0,30,Umerkot,2026-07-23 16:34:56.886994+00:00,6,2,7,34.0,37.0,26.0,31.666666666666668,33.666666666666664,32.916666666666664,5.983333333333334,5.329166666666667,25.033333333333342,21.791666666666668,4.0,44.0,40.0,58.0
2026-07-01 07:00:00,24.9,29,1012.5,11.5,122,0.0,9.1,41.4,96.0,0.1,0.3,78.0,31,Umerkot,2026-07-23 16:34:56.886994+00:00,7,2,7,33.0,37.0,26.0,31.333333333333332,33.166666666666664,33.125,6.833333333333333,5.2749999999999995,30.15000000000001,21.583333333333332,5.0,45.0,39.0,58.0
2026-07-01 08:00:00,27.0,26,1012.7,11.1,126,0.0,7.2,28.2,96.0,0.1,0.4,88.0,31,Umerkot,2026-07-23 16:34:56.886994+00:00,8,2,7,33.0,36.0,26.0,31.0,32.75,33.333333333333336,7.300000000000001,5.145833333333333,32.48333333333334,20.933333333333334,5.0,45.0,40.0,57.0
2026-07-01 09:00:00,30.0,21,1013.1,10.2,127,0.0,6.9,25.4,97.0,0.1,0.4,95.0,33,Umerkot,2026-07-23 16:34:56.886994+00:00,9,2,7,32.0,36.0,27.0,31.166666666666668,32.5,33.583333333333336,7.583333333333333,5.058333333333334,33.26666666666667,20.475,6.0,46.0,42.0,56.0
2026-07-01 10:00:00,32.3,19,1013.2,13.6,110,0.0,7.3,27.4,97.0,0.1,0.4,95.0,34,Umerkot,2026-07-23 16:34:56.886994+00:00,10,2,7,31.0,36.0,29.0,31.666666666666668,32.333333333333336,33.791666666666664,7.783333333333334,5.016666666666667,33.28333333333334,20.245833333333334,5.0,48.0,45.0,56.0
2026-07-01 11:00:00,33.7,18,1013.3,17.8,98,0.0,7.5,28.4,97.0,0.0,0.4,92.0,36,Umerkot,2026-07-23 16:34:56.886994+00:00,11,2,7,31.0,35.0,30.0,32.5,32.416666666666664,34.041666666666664,7.816666666666667,4.995833333333334,32.35000000000001,20.0875,6.0,48.0,47.0,55.0
2026-07-01 12:00:00,35.0,16,1013.3,15.2,85,0.0,5.2,19.7,97.0,0.0,0.4,89.0,38,Umerkot,2026-07-23 16:34:56.886994+00:00,12,2,7,30.0,34.0,32.0,33.833333333333336,32.75,34.291666666666664,7.199999999999999,5.104166666666667,28.416666666666675,20.4125,6.0,49.0,50.0,54.0
2026-07-01 13:00:00,36.1,15,1012.8,12.5,60,0.0,5.2,20.0,97.0,0.0,0.4,90.0,39,Umerkot,2026-07-23 16:34:56.886994+00:00,13,2,7,31.0,33.0,34.0,35.166666666666664,33.25,34.5,6.550000000000001,5.2,24.85000000000001,20.691666666666666,5.0,49.0,51.0,53.0
2026-07-01 14:00:00,37.0,14,1012.2,12.4,17,0.0,5.3,20.8,97.0,0.1,0.3,91.0,40,Umerkot,2026-07-23 16:34:56.886994+00:00,14,2,7,31.0,33.0,35.0,36.666666666666664,33.833333333333336,34.708333333333336,6.233333333333333,5.295833333333333,23.616666666666674,20.958333333333332,5.0,49.0,52.0,52.0
2026-07-01 15:00:00,37.4,14,1011.7,15.9,4,0.0,5.5,21.9,97.0,0.1,0.3,91.0,42,Umerkot,2026-07-23 16:34:56.886994+00:00,15,2,7,33.0,32.0,36.0,38.166666666666664,34.666666666666664,34.958333333333336,6.0,5.391666666666667,23.033333333333342,21.233333333333334,6.0,48.0,53.0,52.0
2026-07-01 16:00:00,37.6,14,1011.3,16.6,2,0.0,5.7,22.9,97.0,0.1,0.3,90.0,42,Umerkot,2026-07-23 16:34:56.886994+00:00,16,2,7,34.0,31.0,37.0,39.5,35.583333333333336,35.166666666666664,5.733333333333333,5.491666666666666,22.283333333333342,21.525000000000002,5.0,48.0,55.0,51.0
2026-07-01 17:00:00,37.5,14,1010.9,18.2,1,0.0,5.9,23.0,96.0,0.1,0.3,88.0,42,Umerkot,2026-07-23 16:34:56.886994+00:00,17,2,7,36.0,31.0,37.0,40.5,36.5,35.375,5.466666666666666,5.595833333333332,21.383333333333344,21.8,5.0,47.0,55.0,51.0
2026-07-01 18:00:00,37.1,14,1010.4,19.1,2,0.0,5.8,19.3,96.0,0.1,0.3,85.0,42,Umerkot,2026-07-23 16:34:56.886994+00:00,18,2,7,38.0,30.0,37.0,41.166666666666664,37.5,35.583333333333336,5.566666666666666,5.691666666666666,21.316666666666677,21.95,5.0,46.0,56.0,51.0
2026-07-01 19:00:00,36.5,14,1010.4,18.0,9,0.0,6.2,17.7,96.0,0.1,0.3,81.0,42,Umerkot,2026-07-23 16:34:56.886994+00:00,19,2,7,39.0,31.0,37.0,41.666666666666664,38.416666666666664,35.791666666666664,5.733333333333333,5.8,20.93333333333334,22.091666666666665,5.0,46.0,57.0,52.0
2026-07-01 20:00:00,35.6,15,1010.5,18.2,21,0.0,7.4,20.3,95.0,0.1,0.4,76.0,41,Umerkot,2026-07-23 16:34:56.886994+00:00,20,2,7,40.0,31.0,36.0,41.833333333333336,39.25,36.0,6.083333333333333,5.95,20.85000000000001,22.354166666666668,5.0,45.0,57.0,52.0
2026-07-01 21:00:00,34.4,16,1010.6,19.0,37,0.0,8.9,25.0,95.0,0.1,0.4,72.0,40,Umerkot,2026-07-23 16:34:56.886994+00:00,21,2,7,42.0,33.0,36.0,41.5,39.833333333333336,36.166666666666664,6.650000000000001,6.1499999999999995,21.366666666666674,22.808333333333337,4.0,45.0,57.0,53.0
2026-07-01 22:00:00,33.1,17,1011.1,17.7,51,0.0,10.0,27.9,95.0,0.1,0.4,69.0,39,Umerkot,2026-07-23 16:34:56.886994+00:00,22,2,7,42.0,34.0,36.0,41.0,40.25,36.291666666666664,7.366666666666667,6.3875,22.200000000000006,23.40416666666667,3.0,45.0,57.0,53.0
2026-07-01 23:00:00,32.0,18,1011.8,15.5,55,0.0,10.5,29.2,94.0,0.0,0.4,67.0,38,Umerkot,2026-07-23 16:34:56.886994+00:00,23,2,7,42.0,36.0,35.0,40.333333333333336,40.416666666666664,36.416666666666664,8.133333333333333,6.645833333333333,23.233333333333345,24.112499999999997,3.0,45.0,57.0,54.0
2026-07-02 00:00:00,30.7,20,1011.8,13.3,63,0.0,10.5,28.9,94.0,0.0,0.4,66.0,37,Umerkot,2026-07-23 16:34:56.886994+00:00,0,3,7,42.0,38.0,34.0,39.5,40.333333333333336,36.541666666666664,8.916666666666666,6.916666666666667,24.833333333333343,24.899999999999995,3.0,45.0,57.0,54.0
2026-07-02 01:00:00,29.7,21,1011.8,12.4,71,0.0,10.6,29.3,93.0,0.0,0.4,65.0,38,Umerkot,2026-07-23 16:34:56.886994+00:00,1,3,7,42.0,39.0,33.0,38.833333333333336,40.25,36.75,9.65,7.191666666666666,26.766666666666676,25.675,5.0,44.0,57.0,53.0
2026-07-02 02:00:00,28.3,22,1011.6,10.8,90,0.0,10.7,30.3,93.0,0.0,0.4,64.0,40,Umerkot,2026-07-23 16:34:56.886994+00:00,2,3,7,41.0,40.0,33.0,38.666666666666664,40.25,37.041666666666664,10.200000000000001,7.454166666666666,28.43333333333334,26.34583333333333,7.0,44.0,57.0,53.0
2026-07-02 03:00:00,27.4,24,1011.4,7.3,107,0.0,10.7,31.1,92.0,0.0,0.4,63.0,41,Umerkot,2026-07-23 16:34:56.886994+00:00,3,3,7,40.0,42.0,32.0,38.833333333333336,40.166666666666664,37.416666666666664,10.499999999999998,7.683333333333334,29.450000000000006,26.779166666666665,9.0,43.0,57.0,53.0
2026-07-02 04:00:00,26.7,26,1011.4,4.2,175,0.0,10.4,30.0,92.0,0.0,0.4,61.0,43,Umerkot,2026-07-23 16:34:56.886994+00:00,4,3,7,39.0,42.0,31.0,39.5,40.25,37.916666666666664,10.566666666666668,7.8625,29.80000000000001,26.891666666666666,12.0,42.0,57.0,53.0
2026-07-02 05:00:00,25.9,28,1011.3,3.0,253,0.0,10.1,27.8,92.0,0.0,0.4,60.0,44,Umerkot,2026-07-23 16:34:56.886994+00:00,5,3,7,38.0,42.0,31.0,40.5,40.416666666666664,38.458333333333336,10.5,7.979166666666667,29.566666666666677,26.633333333333336,13.0,41.0,58.0,52.0
2026-07-02 06:00:00,25.3,29,1011.4,1.5,330,0.0,10.2,28.1,92.0,0.0,0.4,62.0,44,Umerkot,2026-07-23 16:34:56.886994+00:00,6,3,7,37.0,42.0,30.0,41.666666666666664,40.583333333333336,39.041666666666664,10.450000000000001,8.033333333333333,29.43333333333334,26.0,14.0,40.0,58.0,52.0
2026-07-02 07:00:00,24.8,30,1011.5,2.1,250,0.0,11.8,42.7,94.0,0.0,0.4,70.0,45,Umerkot,2026-07-23 16:34:56.886994+00:00,7,3,7,38.0,42.0,31.0,42.833333333333336,40.833333333333336,39.625,10.65,8.145833333333334,31.666666666666675,26.054166666666664,14.0,39.0,58.0,52.0
2026-07-02 08:00:00,26.4,26,1011.9,3.7,247,0.0,12.4,48.5,96.0,0.0,0.4,82.0,45,Umerkot,2026-07-23 16:34:56.886994+00:00,8,3,7,40.0,41.0,31.0,43.666666666666664,41.166666666666664,40.208333333333336,10.933333333333332,8.362499999999999,34.70000000000001,26.900000000000002,14.0,40.0,57.0,52.0
2026-07-02 09:00:00,29.2,21,1012.1,0.8,207,0.0,11.5,42.4,97.0,0.0,0.4,90.0,46,Umerkot,2026-07-23 16:34:56.886994+00:00,9,3,7,41.0,40.0,33.0,44.5,41.666666666666664,40.75,11.066666666666668,8.554166666666667,36.58333333333334,27.608333333333334,13.0,42.0,56.0,53.0
2026-07-02 10:00:00,31.8,18,1012.3,4.1,135,0.0,10.7,37.7,97.0,0.0,0.4,92.0,48,Umerkot,2026-07-23 16:34:56.886994+00:00,10,3,7,43.0,39.0,34.0,45.333333333333336,42.416666666666664,41.333333333333336,11.116666666666665,8.695833333333333,37.86666666666668,28.037499999999998,14.0,45.0,56.0,53.0
2026-07-02 11:00:00,34.1,17,1012.4,8.6,129,0.0,10.0,34.3,96.0,0.0,0.4,90.0,48,Umerkot,2026-07-23 16:34:56.886994+00:00,11,3,7,44.0,38.0,36.0,46.0,43.25,41.833333333333336,11.1,8.799999999999999,38.95000000000001,28.28333333333333,12.0,47.0,55.0,54.0
2026-07-02 12:00:00,35.3,15,1012.2,3.2,109,0.0,4.8,17.8,96.0,0.0,0.4,90.0,49,Umerkot,2026-07-23 16:34:56.886994+00:00,12,3,7,44.0,37.0,38.0,46.833333333333336,44.25,42.291666666666664,10.2,8.783333333333333,37.23333333333334,28.20416666666667,11.0,50.0,54.0,54.0
2026-07-02 13:00:00,36.2,14,1012.0,3.1,350,0.0,4.2,15.5,96.0,0.0,0.4,90.0,49,Umerkot,2026-07-23 16:34:56.886994+00:00,13,3,7,45.0,38.0,39.0,47.5,45.166666666666664,42.708333333333336,8.933333333333334,8.741666666666667,32.70000000000001,28.01666666666667,10.0,51.0,53.0,54.0
2026-07-02 14:00:00,37.1,13,1011.3,5.6,331,0.0,3.8,13.9,96.0,0.0,0.3,90.0,49,Umerkot,2026-07-23 16:34:56.886994+00:00,14,3,7,45.0,40.0,40.0,48.166666666666664,45.916666666666664,43.083333333333336,7.5,8.679166666666665,26.93333333333334,27.729166666666668,9.0,52.0,52.0,54.0
2026-07-02 15:00:00,37.5,12,1010.9,9.9,345,0.0,3.4,12.5,96.0,0.0,0.3,89.0,48,Umerkot,2026-07-23 16:34:56.886994+00:00,15,3,7,46.0,41.0,42.0,48.5,46.5,43.333333333333336,6.150000000000001,8.591666666666667,21.950000000000014,27.337500000000002,6.0,53.0,52.0,53.0
2026-07-02 16:00:00,38.1,12,1010.4,11.8,354,0.0,3.1,10.9,96.0,0.0,0.3,87.0,48,Umerkot,2026-07-23 16:34:56.886994+00:00,16,3,7,48.0,43.0,42.0,48.5,46.916666666666664,43.583333333333336,4.883333333333334,8.483333333333333,17.48333333333334,26.837500000000002,6.0,55.0,51.0,53.0
2026-07-02 17:00:00,38.1,11,1009.8,13.5,2,0.0,2.8,9.2,96.0,0.0,0.3,85.0,47,Umerkot,2026-07-23 16:34:56.886994+00:00,17,3,7,48.0,44.0,42.0,48.333333333333336,47.166666666666664,43.791666666666664,3.6833333333333336,8.354166666666666,13.30000000000001,26.262500000000003,5.0,55.0,51.0,52.0
2026-07-02 18:00:00,37.6,12,1009.3,14.7,19,0.0,2.9,8.8,96.0,0.0,0.3,82.0,46,Umerkot,2026-07-23 16:34:56.886994+00:00,18,3,7,49.0,44.0,42.0,47.833333333333336,47.333333333333336,43.958333333333336,3.3666666666666667,8.233333333333333,11.80000000000001,25.825,4.0,56.0,51.0,51.0
2026-07-02 19:00:00,36.8,13,1009.3,17.3,38,0.0,3.8,12.2,96.0,0.0,0.3,78.0,46,Umerkot,2026-07-23 16:34:56.886994+00:00,19,3,7,49.0,45.0,42.0,47.333333333333336,47.416666666666664,44.125,3.3000000000000003,8.133333333333333,11.250000000000009,25.595833333333335,4.0,57.0,52.0,51.0
2026-07-02 20:00:00,35.6,14,1009.7,20.0,45,0.0,5.9,20.1,95.0,0.0,0.3,73.0,45,Umerkot,2026-07-23 16:34:56.886994+00:00,20,3,7,49.0,45.0,41.0,46.666666666666664,47.416666666666664,44.291666666666664,3.65,8.070833333333333,12.283333333333344,25.587499999999995,4.0,57.0,52.0,49.0
2026-07-02 21:00:00,34.5,14,1010.0,19.5,41,0.0,8.3,28.7,95.0,0.0,0.3,68.0,45,Umerkot,2026-07-23 16:34:56.886994+00:00,21,3,7,48.0,46.0,40.0,46.166666666666664,47.333333333333336,44.5,4.466666666666667,8.045833333333333,14.983333333333343,25.741666666666664,5.0,57.0,53.0,47.0
2026-07-02 22:00:00,33.5,15,1010.5,17.2,37,0.0,9.9,33.6,95.0,0.0,0.3,64.0,45,Umerkot,2026-07-23 16:34:56.886994+00:00,22,3,7,48.0,48.0,39.0,45.666666666666664,47.083333333333336,44.75,5.6000000000000005,8.041666666666666,18.766666666666676,25.979166666666668,6.0,57.0,53.0,45.0
2026-07-02 23:00:00,32.3,17,1011.2,17.6,44,0.0,10.3,33.1,95.0,0.0,0.4,62.0,45,Umerkot,2026-07-23 16:34:56.886994+00:00,23,3,7,47.0,48.0,38.0,45.333333333333336,46.833333333333336,45.041666666666664,6.8500000000000005,8.033333333333333,22.75000000000001,26.14166666666667,7.0,57.0,54.0,43.0
2026-07-03 00:00:00,30.8,20,1011.7,13.4,40,0.0,9.0,25.3,95.0,0.0,0.4,60.0,45,Umerkot,2026-07-23 16:34:56.886994+00:00,0,4,7,46.0,49.0,37.0,45.166666666666664,46.5,45.375,7.866666666666667,7.970833333333332,25.50000000000001,25.99166666666667,8.0,57.0,54.0,43.0
2026-07-03 01:00:00,29.7,22,1011.7,13.7,50,0.0,7.6,19.0,95.0,0.0,0.4,58.0,44,Umerkot,2026-07-23 16:34:56.886994+00:00,1,4,7,46.0,49.0,38.0,44.833333333333336,46.083333333333336,45.625,8.5,7.845833333333334,26.633333333333344,25.5625,6.0,57.0,53.0,43.0
2026-07-03 02:00:00,28.8,24,1011.7,14.6,55,0.0,6.7,15.8,95.0,0.0,0.4,56.0,44,Umerkot,2026-07-23 16:34:56.886994+00:00,2,4,7,45.0,49.0,40.0,44.666666666666664,45.666666666666664,45.791666666666664,8.633333333333335,7.679166666666667,25.916666666666675,24.958333333333332,4.0,57.0,53.0,44.0
2026-07-03 03:00:00,28.1,26,1011.4,15.9,53,0.0,6.3,15.5,95.0,0.0,0.4,55.0,43,Umerkot,2026-07-23 16:34:56.886994+00:00,3,4,7,45.0,48.0,41.0,44.333333333333336,45.25,45.875,8.299999999999999,7.495833333333333,23.71666666666668,24.308333333333334,2.0,57.0,53.0,47.0
2026-07-03 04:00:00,27.0,29,1011.4,14.1,46,0.0,6.1,15.9,95.0,0.0,0.4,55.0,42,Umerkot,2026-07-23 16:34:56.886994+00:00,4,4,7,45.0,48.0,43.0,43.833333333333336,44.75,45.833333333333336,7.666666666666667,7.316666666666667,20.766666666666676,23.720833333333335,-1.0,57.0,53.0,49.0
2026-07-03 05:00:00,25.9,32,1011.7,11.5,32,0.0,5.8,16.0,95.0,0.1,0.4,56.0,41,Umerkot,2026-07-23 16:34:56.886994+00:00,5,4,7,45.0,47.0,44.0,43.166666666666664,44.25,45.708333333333336,6.916666666666667,7.137499999999999,17.916666666666675,23.229166666666668,-3.0,58.0,52.0,50.0
2026-07-03 06:00:00,24.6,35,1011.9,8.2,15,0.0,7.3,28.8,95.0,0.1,0.4,59.0,40,Umerkot,2026-07-23 16:34:56.886994+00:00,6,4,7,45.0,46.0,44.0,42.333333333333336,43.75,45.541666666666664,6.633333333333333,7.016666666666667,18.50000000000001,23.258333333333336,-4.0,58.0,52.0,50.0
2026-07-03 07:00:00,24.3,37,1012.6,6.5,5,0.0,15.1,79.2,95.0,0.1,0.4,66.0,39,Umerkot,2026-07-23 16:34:56.886994+00:00,7,4,7,44.0,46.0,45.0,41.5,43.166666666666664,45.291666666666664,7.883333333333333,7.154166666666666,28.533333333333342,24.77916666666667,-6.0,58.0,52.0,51.0
2026-07-03 08:00:00,26.2,32,1013.5,7.9,13,0.0,22.9,123.9,96.0,0.1,0.4,75.0,40,Umerkot,2026-07-23 16:34:56.886994+00:00,8,4,7,44.0,45.0,45.0,40.833333333333336,42.75,45.083333333333336,10.583333333333332,7.591666666666668,46.55000000000001,27.920833333333334,-5.0,57.0,52.0,51.0
2026-07-03 09:00:00,28.4,28,1013.9,12.2,26,0.0,21.8,115.0,96.0,0.1,0.4,82.0,42,Umerkot,2026-07-23 16:34:56.886994+00:00,9,4,7,43.0,45.0,46.0,40.666666666666664,42.5,44.916666666666664,13.166666666666666,8.020833333333332,63.13333333333335,30.945833333333336,-4.0,56.0,53.0,50.0
2026-07-03 10:00:00,30.2,25,1014.0,12.1,40,0.0,21.3,109.2,96.0,0.1,0.4,85.0,45,Umerkot,2026-07-23 16:34:56.886994+00:00,10,4,7,42.0,45.0,48.0,41.166666666666664,42.5,44.791666666666664,15.700000000000001,8.4625,78.68333333333335,33.925000000000004,-3.0,56.0,53.0,49.0
2026-07-03 11:00:00,32.4,23,1014.1,15.3,47,0.0,22.2,112.7,96.0,0.0,0.4,86.0,47,Umerkot,2026-07-23 16:34:56.886994+00:00,11,4,7,41.0,45.0,48.0,42.166666666666664,42.666666666666664,44.75,18.433333333333334,8.970833333333333,94.80000000000001,37.19166666666667,-1.0,55.0,54.0,48.0
2026-07-03 12:00:00,34.0,20,1014.2,18.3,45,0.0,19.8,102.7,96.0,0.0,0.4,87.0,50,Umerkot,2026-07-23 16:34:56.886994+00:00,12,4,7,40.0,45.0,49.0,43.833333333333336,43.083333333333336,44.791666666666664,20.516666666666666,9.595833333333333,107.11666666666669,40.729166666666664,1.0,54.0,54.0,48.0
2026-07-03 13:00:00,35.0,19,1013.7,17.5,32,0.0,19.5,99.0,97.0,0.0,0.4,88.0,51,Umerkot,2026-07-23 16:34:56.886994+00:00,13,4,7,39.0,44.0,49.0,45.833333333333336,43.666666666666664,44.875,21.25,10.233333333333333,110.41666666666669,44.208333333333336,2.0,53.0,54.0,49.0
2026-07-03 14:00:00,35.8,18,1013.1,17.6,23,0.0,18.5,91.0,97.0,0.1,0.4,90.0,52,Umerkot,2026-07-23 16:34:56.886994+00:00,14,4,7,40.0,44.0,49.0,47.833333333333336,44.333333333333336,45.0,20.516666666666666,10.845833333333333,104.93333333333335,47.42083333333334,3.0,52.0,54.0,50.0
2026-07-03 15:00:00,36.1,18,1012.6,19.9,20,0.0,16.8,79.2,98.0,0.1,0.4,91.0,53,Umerkot,2026-07-23 16:34:56.886994+00:00,15,4,7,42.0,43.0,48.0,49.666666666666664,45.166666666666664,45.208333333333336,19.683333333333334,11.404166666666667,98.96666666666668,50.20000000000001,5.0,52.0,53.0,51.0
2026-07-03 16:00:00,36.3,17,1012.3,20.2,19,0.0,14.7,64.7,98.0,0.1,0.4,91.0,55,Umerkot,2026-07-23 16:34:56.886994+00:00,16,4,7,45.0,42.0,48.0,51.333333333333336,46.25,45.5,18.583333333333332,11.887500000000001,91.55000000000001,52.44166666666666,7.0,51.0,53.0,52.0
2026-07-03 17:00:00,36.2,17,1011.8,19.9,20,0.0,12.4,49.6,98.0,0.1,0.4,91.0,55,Umerkot,2026-07-23 16:34:56.886994+00:00,17,4,7,47.0,41.0,47.0,52.666666666666664,47.416666666666664,45.833333333333336,16.95,12.2875,81.03333333333335,54.125,8.0,51.0,52.0,53.0
2026-07-03 18:00:00,35.8,18,1011.5,19.6,24,0.0,10.3,34.3,98.0,0.1,0.4,89.0,56,Umerkot,2026-07-23 16:34:56.886994+00:00,18,4,7,50.0,40.0,46.0,53.666666666666664,48.75,46.25,15.366666666666667,12.595833333333333,69.63333333333334,55.1875,10.0,51.0,51.0,54.0
2026-07-03 19:00:00,35.1,18,1011.7,20.4,22,0.0,8.8,23.4,98.0,0.1,0.4,84.0,57,Umerkot,2026-07-23 16:34:56.886994+00:00,19,4,7,51.0,39.0,46.0,54.666666666666664,50.25,46.708333333333336,13.583333333333334,12.804166666666667,57.03333333333335,55.65416666666667,11.0,52.0,51.0,55.0
2026-07-03 20:00:00,34.1,18,1012.1,22.1,12,0.0,8.2,17.6,97.0,0.1,0.3,78.0,57,Umerkot,2026-07-23 16:34:56.886994+00:00,20,4,7,52.0,40.0,45.0,55.5,51.666666666666664,47.208333333333336,11.866666666666667,12.899999999999999,44.80000000000001,55.550000000000004,12.0,52.0,49.0,56.0
2026-07-03 21:00:00,33.1,21,1012.5,18.4,18,0.0,8.1,15.8,97.0,0.1,0.3,73.0,57,Umerkot,2026-07-23 16:34:56.886994+00:00,21,4,7,53.0,42.0,45.0,56.166666666666664,52.916666666666664,47.708333333333336,10.416666666666666,12.891666666666667,34.23333333333334,55.012499999999996,12.0,53.0,47.0,57.0
2026-07-03 22:00:00,32.2,23,1013.1,15.4,30,0.0,8.4,16.2,97.0,0.1,0.3,69.0,57,Umerkot,2026-07-23 16:34:56.886994+00:00,22,4,7,55.0,45.0,45.0,56.5,53.916666666666664,48.208333333333336,9.366666666666667,12.829166666666666,26.15000000000001,54.2875,12.0,53.0,45.0,57.0
2026-07-03 23:00:00,31.3,24,1013.7,15.1,39,0.0,8.8,16.9,97.0,0.1,0.3,66.0,57,Umerkot,2026-07-23 16:34:56.886994+00:00,23,4,7,55.0,47.0,45.0,56.833333333333336,54.75,48.708333333333336,8.766666666666667,12.766666666666666,20.70000000000001,53.612500000000004,12.0,54.0,43.0,57.0
2026-07-04 00:00:00,30.2,27,1013.7,12.0,39,0.0,8.7,16.2,97.0,0.1,0.3,64.0,57,Umerkot,2026-07-23 16:34:56.886994+00:00,0,5,7,56.0,50.0,45.0,57.0,55.333333333333336,49.208333333333336,8.5,12.754166666666665,17.683333333333344,53.23333333333333,12.0,54.0,43.0,58.0
2026-07-04 01:00:00,29.0,29,1013.6,10.8,21,0.0,8.4,15.4,97.0,0.1,0.3,63.0,57,Umerkot,2026-07-23 16:34:56.886994+00:00,1,5,7,57.0,51.0,44.0,57.0,55.833333333333336,49.75,8.433333333333334,12.787500000000001,16.35000000000001,53.083333333333336,13.0,53.0,43.0,58.0
2026-07-04 02:00:00,28.1,32,1013.3,11.2,22,0.0,8.0,14.9,96.0,0.0,0.4,62.0,57,Umerkot,2026-07-23 16:34:56.886994+00:00,2,5,7,57.0,52.0,44.0,57.0,56.25,50.291666666666664,8.4,12.841666666666669,15.900000000000011,53.04583333333334,13.0,53.0,44.0,58.0
2026-07-04 03:00:00,27.4,34,1013.2,12.8,22,0.0,7.9,15.3,96.0,0.0,0.4,62.0,57,Umerkot,2026-07-23 16:34:56.886994+00:00,3,5,7,57.0,53.0,43.0,57.0,56.583333333333336,50.875,8.366666666666665,12.908333333333333,15.816666666666675,53.0375,14.0,53.0,47.0,58.0
2026-07-04 04:00:00,26.5,36,1013.1,10.9,31,0.0,7.9,16.5,97.0,0.0,0.5,63.0,57,Umerkot,2026-07-23 16:34:56.886994+00:00,4,5,7,57.0,55.0,42.0,57.0,56.75,51.5,8.283333333333333,12.983333333333333,15.866666666666674,53.0625,15.0,53.0,49.0,58.0
2026-07-04 05:00:00,25.5,38,1012.9,9.6,40,0.0,7.9,17.8,97.0,0.1,0.5,66.0,58,Umerkot,2026-07-23 16:34:56.886994+00:00,5,5,7,57.0,55.0,41.0,57.166666666666664,57.0,52.208333333333336,8.133333333333335,13.070833333333333,16.016666666666676,53.137499999999996,17.0,52.0,50.0,58.0
2026-07-04 06:00:00,24.8,40,1013.1,7.9,35,0.0,8.2,20.3,98.0,0.1,0.6,70.0,58,Umerkot,2026-07-23 16:34:56.886994+00:00,6,5,7,57.0,56.0,40.0,57.333333333333336,57.166666666666664,52.958333333333336,8.049999999999999,13.108333333333334,16.70000000000001,52.78333333333333,18.0,52.0,50.0,58.0
2026-07-04 07:00:00,24.8,40,1013.4,4.1,23,0.0,8.7,26.8,98.0,0.1,0.6,78.0,58,Umerkot,2026-07-23 16:34:56.886994+00:00,7,5,7,57.0,57.0,39.0,57.5,57.25,53.75,8.1,12.841666666666667,18.600000000000012,50.6,19.0,52.0,51.0,58.0
2026-07-04 08:00:00,26.8,34,1013.5,5.8,290,0.0,11.4,48.5,98.0,0.1,0.7,89.0,57,Umerkot,2026-07-23 16:34:56.886994+00:00,8,5,7,57.0,57.0,40.0,57.5,57.25,54.458333333333336,8.666666666666666,12.362500000000002,24.200000000000006,47.458333333333336,17.0,52.0,51.0,58.0
2026-07-04 09:00:00,29.4,29,1013.8,6.9,279,0.0,11.2,50.2,98.0,0.1,0.7,96.0,56,Umerkot,2026-07-23 16:34:56.886994+00:00,9,5,7,57.0,57.0,42.0,57.333333333333336,57.166666666666664,55.041666666666664,9.216666666666667,11.920833333333334,30.016666666666676,44.75833333333333,14.0,53.0,50.0,58.0
2026-07-04 10:00:00,32.0,24,1013.9,10.6,350,0.0,11.6,54.9,97.0,0.1,0.7,98.0,56,Umerkot,2026-07-23 16:34:56.886994+00:00,10,5,7,57.0,57.0,45.0,57.166666666666664,57.083333333333336,55.5,9.833333333333332,11.516666666666666,36.41666666666668,42.49583333333333,11.0,53.0,49.0,59.0
2026-07-04 11:00:00,33.2,22,1013.8,15.8,19,0.0,12.0,60.1,97.0,0.0,0.7,96.0,55,Umerkot,2026-07-23 16:34:56.886994+00:00,11,5,7,58.0,57.0,47.0,56.666666666666664,56.916666666666664,55.833333333333336,10.516666666666666,11.091666666666667,43.466666666666676,40.30416666666667,8.0,54.0,48.0,59.0
2026-07-04 12:00:00,34.3,20,1013.6,13.0,14,0.0,10.2,55.1,96.0,0.0,0.7,93.0,54,Umerkot,2026-07-23 16:34:56.886994+00:00,12,5,7,58.0,57.0,50.0,56.0,56.666666666666664,56.0,10.85,10.691666666666668,49.26666666666668,38.32083333333333,4.0,54.0,48.0,59.0
2026-07-04 13:00:00,35.3,19,1013.1,13.5,8,0.0,10.4,57.4,96.0,0.0,0.7,91.0,53,Umerkot,2026-07-23 16:34:56.886994+00:00,13,5,7,58.0,57.0,51.0,55.166666666666664,56.333333333333336,56.083333333333336,11.133333333333333,10.3125,54.366666666666674,36.5875,2.0,54.0,49.0,59.0
2026-07-04 14:00:00,36.2,17,1012.4,16.0,9,0.0,10.5,58.0,96.0,0.1,0.7,89.0,52,Umerkot,2026-07-23 16:34:56.886994+00:00,14,5,7,57.0,57.0,52.0,54.333333333333336,55.916666666666664,56.083333333333336,10.983333333333334,9.979166666666666,55.95000000000001,35.2125,0.0,54.0,50.0,59.0
2026-07-04 15:00:00,36.5,17,1011.7,19.9,12,0.0,11.1,60.1,96.0,0.1,0.7,87.0,52,Umerkot,2026-07-23 16:34:56.886994+00:00,15,5,7,56.0,57.0,53.0,53.666666666666664,55.5,56.041666666666664,10.966666666666667,9.741666666666665,57.600000000000016,34.416666666666664,-1.0,53.0,51.0,59.0
2026-07-04 16:00:00,37.0,16,1011.2,20.7,8,0.0,12.4,63.8,96.0,0.1,0.7,85.0,51,Umerkot,2026-07-23 16:34:56.886994+00:00,16,5,7,56.0,57.0,55.0,52.833333333333336,55.0,55.875,11.1,9.645833333333334,59.08333333333334,34.37916666666667,-4.0,53.0,52.0,58.0
2026-07-04 17:00:00,36.8,15,1010.8,23.0,6,0.0,14.1,66.6,95.0,0.1,0.8,83.0,51,Umerkot,2026-07-23 16:34:56.886994+00:00,17,5,7,55.0,58.0,55.0,52.166666666666664,54.416666666666664,55.708333333333336,11.450000000000001,9.716666666666667,60.16666666666668,35.0875,-4.0,52.0,53.0,58.0
2026-07-04 18:00:00,36.4,15,1010.4,22.2,6,0.0,15.3,60.8,95.0,0.1,0.8,80.0,51,Umerkot,2026-07-23 16:34:56.886994+00:00,18,5,7,54.0,58.0,56.0,51.666666666666664,53.833333333333336,55.5,12.299999999999999,9.925,61.116666666666674,36.19166666666667,-5.0,51.0,54.0,58.0
2026-07-04 19:00:00,35.8,17,1010.3,20.5,8,0.0,15.8,54.7,95.0,0.1,0.8,76.0,52,Umerkot,2026-07-23 16:34:56.886994+00:00,19,5,7,53.0,58.0,57.0,51.5,53.333333333333336,55.291666666666664,13.200000000000001,10.216666666666667,60.66666666666668,37.49583333333334,-5.0,51.0,55.0,58.0
2026-07-04 20:00:00,35.2,17,1010.0,18.6,12,0.0,15.4,47.3,95.0,0.0,0.8,72.0,52,Umerkot,2026-07-23 16:34:56.886994+00:00,20,5,7,52.0,57.0,57.0,51.5,52.916666666666664,55.083333333333336,14.016666666666666,10.516666666666667,58.88333333333335,38.733333333333334,-5.0,49.0,56.0,58.0
2026-07-04 21:00:00,34.3,16,1010.0,23.8,12,0.0,14.3,39.2,95.0,0.0,0.7,68.0,53,Umerkot,2026-07-23 16:34:56.886994+00:00,21,5,7,52.0,56.0,57.0,51.666666666666664,52.666666666666664,54.916666666666664,14.550000000000002,10.774999999999999,55.400000000000006,39.708333333333336,-4.0,47.0,57.0,58.0
2026-07-04 22:00:00,33.1,19,1010.6,23.1,11,0.0,12.3,29.9,95.0,0.0,0.6,66.0,53,Umerkot,2026-07-23 16:34:56.886994+00:00,22,5,7,51.0,56.0,57.0,52.0,52.416666666666664,54.75,14.533333333333333,10.9375,49.75000000000001,40.27916666666667,-4.0,45.0,57.0,59.0
2026-07-04 23:00:00,32.0,21,1011.2,18.6,14,0.0,9.6,19.8,94.0,0.0,0.5,65.0,54,Umerkot,2026-07-23 16:34:56.886994+00:00,23,5,7,51.0,55.0,57.0,52.5,52.333333333333336,54.625,13.783333333333333,10.970833333333333,41.95000000000001,40.4,-3.0,43.0,57.0,60.0
2026-07-05 00:00:00,30.6,23,1011.3,15.2,17,0.0,5.5,7.7,94.0,0.0,0.3,66.0,54,Umerkot,2026-07-23 16:34:56.886994+00:00,0,6,7,51.0,54.0,57.0,53.0,52.333333333333336,54.5,12.149999999999999,10.8375,33.10000000000001,40.045833333333334,-3.0,43.0,58.0,60.0
2026-07-05 01:00:00,29.5,24,1011.1,15.7,11,0.0,4.6,7.1,93.0,0.0,0.3,64.0,53,Umerkot,2026-07-23 16:34:56.886994+00:00,1,6,7,52.0,53.0,57.0,53.166666666666664,52.333333333333336,54.333333333333336,10.283333333333333,10.679166666666667,25.166666666666675,39.699999999999996,-4.0,43.0,58.0,60.0
2026-07-05 02:00:00,28.6,26,1011.1,17.4,14,0.0,4.3,7.1,93.0,0.0,0.2,62.0,53,Umerkot,2026-07-23 16:34:56.886994+00:00,2,6,7,52.0,52.0,57.0,53.333333333333336,52.416666666666664,54.166666666666664,8.433333333333334,10.525,18.466666666666676,39.375,-4.0,44.0,58.0,60.0
2026-07-05 03:00:00,27.7,28,1010.8,15.6,24,0.0,4.4,8.0,92.0,0.0,0.2,61.0,53,Umerkot,2026-07-23 16:34:56.886994+00:00,3,6,7,53.0,52.0,57.0,53.333333333333336,52.5,54.0,6.783333333333332,10.379166666666666,13.266666666666675,39.07083333333333,-4.0,47.0,58.0,61.0
2026-07-05 04:00:00,26.7,30,1010.8,12.2,45,0.0,4.6,9.6,92.0,0.0,0.2,61.0,53,Umerkot,2026-07-23 16:34:56.886994+00:00,4,6,7,53.0,51.0,57.0,53.333333333333336,52.666666666666664,53.833333333333336,5.5,10.241666666666665,9.883333333333342,38.78333333333333,-4.0,49.0,58.0,61.0
2026-07-05 05:00:00,25.5,34,1010.9,9.9,69,0.0,4.9,11.4,92.0,0.0,0.2,62.0,52,Umerkot,2026-07-23 16:34:56.886994+00:00,5,6,7,54.0,51.0,58.0,53.0,52.75,53.583333333333336,4.716666666666666,10.116666666666665,8.483333333333343,38.516666666666666,-6.0,50.0,58.0,61.0
2026-07-05 06:00:00,24.6,37,1011.1,7.7,74,0.0,5.9,18.3,92.0,0.0,0.2,65.0,52,Umerkot,2026-07-23 16:34:56.886994+00:00,6,6,7,54.0,51.0,58.0,52.666666666666664,52.833333333333336,53.333333333333336,4.783333333333333,10.020833333333334,10.250000000000009,38.43333333333333,-6.0,50.0,58.0,61.0
2026-07-05 07:00:00,24.3,38,1011.3,5.2,65,0.0,10.0,41.1,93.0,0.0,0.3,72.0,52,Umerkot,2026-07-23 16:34:56.886994+00:00,7,6,7,53.0,52.0,58.0,52.5,52.833333333333336,53.083333333333336,5.683333333333334,10.075000000000001,15.916666666666677,39.02916666666667,-6.0,51.0,58.0,62.0
2026-07-05 08:00:00,26.1,34,1011.5,2.3,72,0.0,19.8,98.3,94.0,0.0,0.3,82.0,52,Umerkot,2026-07-23 16:34:56.886994+00:00,8,6,7,53.0,52.0,57.0,52.333333333333336,52.833333333333336,52.875,8.266666666666667,10.425,31.116666666666674,41.104166666666664,-5.0,51.0,58.0,62.0
2026-07-05 09:00:00,29.3,28,1011.8,4.3,105,0.0,20.7,101.3,95.0,0.0,0.4,89.0,53,Umerkot,2026-07-23 16:34:56.886994+00:00,9,6,7,53.0,53.0,56.0,52.333333333333336,52.833333333333336,52.75,10.983333333333334,10.820833333333333,46.66666666666668,43.23333333333333,-3.0,50.0,58.0,62.0
2026-07-05 10:00:00,31.8,25,1011.7,10.1,102,0.0,17.7,83.1,95.0,0.0,0.4,90.0,53,Umerkot,2026-07-23 16:34:56.886994+00:00,10,6,7,53.0,53.0,56.0,52.333333333333336,52.833333333333336,52.625,13.166666666666666,11.075000000000001,58.916666666666664,44.40833333333333,-3.0,49.0,59.0,62.0
2026-07-05 11:00:00,33.5,22,1011.5,15.9,100,0.0,15.2,68.9,95.0,0.0,0.3,89.0,54,Umerkot,2026-07-23 16:34:56.886994+00:00,11,6,7,52.0,54.0,55.0,52.666666666666664,52.833333333333336,52.583333333333336,14.883333333333333,11.208333333333334,68.50000000000001,44.775,-1.0,48.0,59.0,63.0
2026-07-05 12:00:00,34.8,20,1011.4,16.5,98,0.0,6.7,34.9,95.0,0.0,0.3,86.0,54,Umerkot,2026-07-23 16:34:56.886994+00:00,12,6,7,52.0,54.0,54.0,53.0,52.833333333333336,52.583333333333336,15.016666666666667,11.0625,71.26666666666667,43.93333333333334,0.0,48.0,59.0,63.0
2026-07-05 13:00:00,35.9,18,1011.0,14.2,88,0.0,5.7,30.2,95.0,0.0,0.3,84.0,54,Umerkot,2026-07-23 16:34:56.886994+00:00,13,6,7,52.0,53.0,53.0,53.333333333333336,52.916666666666664,52.625,14.299999999999999,10.866666666666667,69.45,42.800000000000004,1.0,49.0,59.0,64.0
2026-07-05 14:00:00,36.8,17,1010.3,12.0,69,0.0,5.2,27.1,96.0,0.0,0.4,82.0,54,Umerkot,2026-07-23 16:34:56.886994+00:00,14,6,7,52.0,53.0,52.0,53.666666666666664,53.0,52.708333333333336,11.866666666666667,10.645833333333334,57.58333333333334,41.512499999999996,2.0,50.0,59.0,64.0
2026-07-05 15:00:00,37.1,16,1009.9,12.6,43,0.0,5.0,25.9,96.0,0.0,0.4,79.0,53,Umerkot,2026-07-23 16:34:56.886994+00:00,15,6,7,53.0,53.0,52.0,53.666666666666664,53.0,52.75,9.25,10.391666666666667,45.01666666666668,40.0875,1.0,51.0,59.0,65.0
2026-07-05 16:00:00,37.5,16,1009.4,12.9,33,0.0,5.0,25.7,96.0,0.0,0.4,77.0,53,Umerkot,2026-07-23 16:34:56.886994+00:00,16,6,7,53.0,53.0,51.0,53.666666666666664,53.0,52.833333333333336,7.133333333333333,10.083333333333334,35.45000000000001,38.5,2.0,52.0,58.0,65.0
2026-07-05 17:00:00,37.6,16,1008.9,15.7,24,0.0,5.1,25.5,96.0,0.1,0.4,75.0,52,Umerkot,2026-07-23 16:34:56.886994+00:00,17,6,7,54.0,52.0,51.0,53.333333333333336,53.0,52.875,5.45,9.708333333333334,28.21666666666668,36.7875,1.0,53.0,58.0,66.0
2026-07-05 18:00:00,37.1,17,1008.5,17.8,18,0.0,5.2,24.0,96.0,0.1,0.4,72.0,51,Umerkot,2026-07-23 16:34:56.886994+00:00,18,6,7,54.0,52.0,51.0,52.833333333333336,52.916666666666664,52.875,5.2,9.2875,26.400000000000006,35.25416666666667,0.0,54.0,58.0,66.0
2026-07-05 19:00:00,36.7,17,1008.7,14.5,5,0.0,5.2,21.6,96.0,0.1,0.4,68.0,51,Umerkot,2026-07-23 16:34:56.886994+00:00,19,6,7,54.0,52.0,52.0,52.333333333333336,52.833333333333336,52.833333333333336,5.116666666666666,8.845833333333333,24.96666666666668,33.875,-1.0,55.0,58.0,66.0
2026-07-05 20:00:00,35.8,18,1008.7,14.3,23,0.0,5.5,21.4,96.0,0.0,0.4,63.0,49,Umerkot,2026-07-23 16:34:56.886994+00:00,20,6,7,54.0,52.0,52.0,51.5,52.583333333333336,52.708333333333336,5.166666666666667,8.433333333333334,24.016666666666676,32.795833333333334,-3.0,56.0,58.0,66.0
2026-07-05 21:00:00,35.3,19,1008.8,12.8,59,0.0,5.9,22.9,95.0,0.0,0.4,59.0,47,Umerkot,2026-07-23 16:34:56.886994+00:00,21,6,7,53.0,53.0,53.0,50.5,52.083333333333336,52.458333333333336,5.316666666666666,8.083333333333334,23.516666666666676,32.11666666666667,-6.0,57.0,58.0,66.0
2026-07-05 22:00:00,34.2,20,1009.1,12.0,81,0.0,6.2,24.2,94.0,0.0,0.4,56.0,45,Umerkot,2026-07-23 16:34:56.886994+00:00,22,6,7,53.0,53.0,53.0,49.166666666666664,51.416666666666664,52.125,5.516666666666667,7.829166666666666,23.266666666666676,31.879166666666663,-8.0,57.0,59.0,66.0
2026-07-05 23:00:00,33.0,23,1009.2,6.2,102,0.0,6.5,26.0,92.0,0.0,0.4,54.0,43,Umerkot,2026-07-23 16:34:56.886994+00:00,23,6,7,52.0,54.0,54.0,47.666666666666664,50.5,51.666666666666664,5.75,7.699999999999999,23.35000000000001,32.137499999999996,-11.0,57.0,60.0,66.0
2026-07-06 00:00:00,32.1,26,1009.6,3.9,56,0.0,7.1,25.8,92.0,0.1,0.3,47.0,43,Umerkot,2026-07-23 16:34:56.886994+00:00,0,0,7,51.0,54.0,54.0,46.333333333333336,49.583333333333336,51.208333333333336,6.066666666666666,7.766666666666666,23.65000000000001,32.891666666666666,-11.0,58.0,60.0,66.0
2026-07-06 01:00:00,31.6,26,1010.1,7.3,10,0.0,10.4,33.5,93.0,0.1,0.3,49.0,43,Umerkot,2026-07-23 16:34:56.886994+00:00,1,0,7,51.0,54.0,53.0,45.0,48.666666666666664,50.791666666666664,6.933333333333334,8.008333333333333,25.633333333333344,33.99166666666667,-10.0,58.0,60.0,66.0
2026-07-06 02:00:00,31.1,26,1010.1,10.6,339,0.0,13.2,39.5,95.0,0.0,0.3,52.0,44,Umerkot,2026-07-23 16:34:56.886994+00:00,2,0,7,49.0,54.0,53.0,44.166666666666664,47.833333333333336,50.416666666666664,8.216666666666667,8.379166666666668,28.65000000000001,35.34166666666667,-9.0,58.0,60.0,66.0
2026-07-06 03:00:00,31.1,31,1010.2,20.0,349,0.0,12.9,35.3,97.0,0.0,0.3,56.0,47,Umerkot,2026-07-23 16:34:56.886994+00:00,3,0,7,47.0,53.0,53.0,44.166666666666664,47.333333333333336,50.166666666666664,9.383333333333333,8.733333333333334,30.716666666666672,36.479166666666664,-6.0,58.0,61.0,67.0
2026-07-06 04:00:00,29.8,35,1010.2,16.1,347,0.0,11.6,30.0,98.0,0.0,0.3,62.0,49,Umerkot,2026-07-23 16:34:56.886994+00:00,4,0,7,45.0,53.0,53.0,44.833333333333336,47.0,50.0,10.283333333333333,9.025,31.68333333333334,37.329166666666666,-4.0,58.0,61.0,67.0
2026-07-06 05:00:00,28.7,37,1010.4,14.1,345,0.0,10.5,28.8,98.0,0.0,0.4,68.0,50,Umerkot,2026-07-23 16:34:56.886994+00:00,5,0,7,43.0,52.0,52.0,46.0,46.833333333333336,49.916666666666664,10.950000000000001,9.258333333333335,32.15000000000001,38.05416666666667,-2.0,58.0,61.0,67.0
2026-07-06 06:00:00,27.9,40,1010.6,14.3,345,0.0,10.7,48.2,98.0,0.0,0.4,74.0,50,Umerkot,2026-07-23 16:34:56.886994+00:00,6,0,7,43.0,51.0,52.0,47.166666666666664,46.75,49.833333333333336,11.549999999999999,9.458333333333334,35.88333333333335,39.3,-2.0,58.0,61.0,67.0
2026-07-06 07:00:00,27.3,42,1011.2,11.6,344,0.0,11.8,67.3,98.0,0.0,0.4,78.0,51,Umerkot,2026-07-23 16:34:56.886994+00:00,7,0,7,43.0,51.0,52.0,48.5,46.75,49.791666666666664,11.783333333333333,9.533333333333333,41.51666666666667,40.391666666666666,-1.0,58.0,62.0,67.0
2026-07-06 08:00:00,28.6,38,1012.0,7.2,342,0.0,12.0,67.5,99.0,0.0,0.4,81.0,51,Umerkot,2026-07-23 16:34:56.886994+00:00,8,0,7,44.0,49.0,52.0,49.666666666666664,46.916666666666664,49.75,11.583333333333334,9.208333333333334,46.18333333333334,39.108333333333334,-1.0,58.0,62.0,67.0
2026-07-06 09:00:00,30.5,32,1012.1,13.2,346,0.0,12.3,66.8,99.0,0.0,0.4,83.0,50,Umerkot,2026-07-23 16:34:56.886994+00:00,9,0,7,47.0,47.0,53.0,50.166666666666664,47.166666666666664,49.625,11.483333333333333,8.858333333333333,51.433333333333344,37.670833333333334,-3.0,58.0,62.0,67.0
2026-07-06 10:00:00,32.3,28,1012.2,15.1,359,0.0,13.0,69.6,99.0,0.0,0.4,82.0,49,Umerkot,2026-07-23 16:34:56.886994+00:00,10,0,7,49.0,45.0,53.0,50.166666666666664,47.5,49.458333333333336,11.716666666666667,8.6625,58.03333333333334,37.108333333333334,-4.0,59.0,62.0,66.0
2026-07-06 11:00:00,33.5,27,1012.1,13.9,358,0.0,13.7,73.6,99.0,0.0,0.4,79.0,48,Umerkot,2026-07-23 16:34:56.886994+00:00,11,0,7,50.0,43.0,54.0,49.833333333333336,47.916666666666664,49.208333333333336,12.25,8.6,65.50000000000001,37.30416666666667,-6.0,59.0,63.0,66.0
2026-07-06 12:00:00,34.7,25,1012.2,12.4,347,0.0,13.2,75.9,99.0,0.0,0.4,78.0,48,Umerkot,2026-07-23 16:34:56.886994+00:00,12,0,7,50.0,43.0,54.0,49.5,48.333333333333336,48.958333333333336,12.666666666666666,8.870833333333334,70.11666666666667,39.0125,-6.0,59.0,63.0,66.0
2026-07-06 13:00:00,35.7,23,1011.8,11.4,335,0.0,13.7,81.3,99.0,0.0,0.4,81.0,49,Umerkot,2026-07-23 16:34:56.886994+00:00,13,0,7,51.0,43.0,54.0,49.166666666666664,48.833333333333336,48.75,12.983333333333334,9.204166666666666,72.45,41.141666666666666,-5.0,59.0,64.0,65.0
2026-07-06 14:00:00,37.0,21,1011.3,11.8,314,0.0,15.1,93.4,100.0,0.0,0.3,85.0,50,Umerkot,2026-07-23 16:34:56.886994+00:00,14,0,7,51.0,44.0,54.0,49.0,49.333333333333336,48.583333333333336,13.5,9.616666666666667,76.76666666666667,43.90416666666667,-4.0,59.0,64.0,64.0
2026-07-06 15:00:00,37.1,21,1010.7,13.9,321,0.0,16.9,107.3,100.0,0.0,0.3,88.0,51,Umerkot,2026-07-23 16:34:56.886994+00:00,15,0,7,50.0,47.0,53.0,49.166666666666664,49.666666666666664,48.5,14.266666666666666,10.112499999999999,83.51666666666667,47.29583333333333,-2.0,59.0,65.0,64.0
2026-07-06 16:00:00,37.8,20,1010.2,15.9,314,0.0,18.2,115.7,100.0,0.0,0.3,90.0,52,Umerkot,2026-07-23 16:34:56.886994+00:00,16,0,7,49.0,49.0,53.0,49.666666666666664,49.916666666666664,48.458333333333336,15.133333333333333,10.6625,91.2,51.04583333333334,-1.0,58.0,65.0,63.0
2026-07-06 17:00:00,38.0,20,1009.7,19.1,305,0.0,18.6,114.1,100.0,0.1,0.3,90.0,53,Umerkot,2026-07-23 16:34:56.886994+00:00,17,0,7,48.0,50.0,52.0,50.5,50.166666666666664,48.5,15.950000000000001,11.225,97.95,54.737500000000004,1.0,58.0,66.0,63.0
2026-07-06 18:00:00,37.8,19,1009.2,19.2,315,0.0,17.6,97.1,100.0,0.1,0.3,90.0,54,Umerkot,2026-07-23 16:34:56.886994+00:00,18,0,7,48.0,50.0,51.0,51.5,50.5,48.625,16.683333333333334,11.741666666666667,101.48333333333335,57.78333333333333,3.0,58.0,66.0,62.0
2026-07-06 19:00:00,36.5,21,1009.5,24.8,344,0.0,15.4,68.2,100.0,0.1,0.3,88.0,55,Umerkot,2026-07-23 16:34:56.886994+00:00,19,0,7,49.0,51.0,51.0,52.5,50.833333333333336,48.791666666666664,16.966666666666665,12.166666666666666,99.30000000000001,59.724999999999994,4.0,58.0,66.0,62.0
2026-07-06 20:00:00,35.1,22,1010.2,25.2,348,0.0,13.0,41.1,100.0,0.1,0.3,84.0,56,Umerkot,2026-07-23 16:34:56.886994+00:00,20,0,7,50.0,51.0,49.0,53.5,51.25,49.083333333333336,16.616666666666667,12.479166666666666,90.58333333333333,60.54583333333334,7.0,58.0,66.0,61.0
2026-07-06 21:00:00,34.2,24,1010.4,22.3,360,0.0,11.4,25.0,100.0,0.1,0.3,81.0,57,Umerkot,2026-07-23 16:34:56.886994+00:00,21,0,7,51.0,50.0,47.0,54.5,51.833333333333336,49.5,15.700000000000003,12.708333333333334,76.86666666666667,60.63333333333333,10.0,58.0,66.0,61.0
2026-07-06 22:00:00,33.3,27,1011.1,19.2,7,0.0,10.7,19.3,100.0,0.1,0.3,78.0,57,Umerkot,2026-07-23 16:34:56.886994+00:00,22,0,7,52.0,49.0,45.0,55.333333333333336,52.5,50.0,14.450000000000001,12.895833333333334,60.800000000000004,60.42916666666667,12.0,59.0,66.0,61.0
2026-07-06 23:00:00,32.3,30,1011.8,19.0,10,0.0,10.8,17.7,100.0,0.1,0.2,75.0,57,Umerkot,2026-07-23 16:34:56.886994+00:00,23,0,7,53.0,48.0,43.0,56.0,53.25,50.583333333333336,13.15,13.075000000000001,44.73333333333334,60.083333333333336,14.0,60.0,66.0,61.0
2026-07-07 00:00:00,31.2,31,1012.2,18.3,10,0.0,10.9,16.8,100.0,0.0,0.2,72.0,58,Umerkot,2026-07-23 16:34:56.886994+00:00,0,1,7,54.0,48.0,43.0,56.666666666666664,54.083333333333336,51.208333333333336,12.033333333333333,13.233333333333333,31.35000000000001,59.708333333333336,15.0,60.0,66.0,61.0
2026-07-07 01:00:00,30.2,31,1012.4,18.0,14,0.0,10.8,15.4,100.0,0.0,0.2,69.0,58,Umerkot,2026-07-23 16:34:56.886994+00:00,1,1,7,55.0,49.0,43.0,57.166666666666664,54.833333333333336,51.833333333333336,11.266666666666666,13.25,22.55000000000001,58.95416666666666,15.0,60.0,66.0,61.0
2026-07-07 02:00:00,29.2,32,1012.2,16.7,16,0.0,10.7,15.1,101.0,0.0,0.2,66.0,58,Umerkot,2026-07-23 16:34:56.886994+00:00,2,1,7,56.0,50.0,44.0,57.5,55.5,52.416666666666664,10.883333333333333,13.145833333333334,18.21666666666668,57.9375,14.0,60.0,66.0,60.0
2026-07-07 03:00:00,28.3,32,1012.1,14.7,17,0.0,10.7,15.7,101.0,0.0,0.2,64.0,58,Umerkot,2026-07-23 16:34:56.886994+00:00,3,1,7,57.0,51.0,47.0,57.666666666666664,56.083333333333336,52.875,10.766666666666666,13.054166666666667,16.666666666666675,57.12083333333334,11.0,61.0,67.0,60.0
2026-07-07 04:00:00,27.4,33,1012.2,13.8,14,0.0,10.9,16.7,101.0,0.0,0.2,64.0,58,Umerkot,2026-07-23 16:34:56.886994+00:00,4,1,7,57.0,52.0,49.0,57.833333333333336,56.583333333333336,53.25,10.799999999999999,13.025,16.23333333333334,56.56666666666666,9.0,61.0,67.0,60.0
2026-07-07 05:00:00,26.4,36,1012.4,11.4,13,0.0,11.1,17.6,102.0,0.1,0.3,65.0,58,Umerkot,2026-07-23 16:34:56.886994+00:00,5,1,7,57.0,53.0,50.0,58.0,57.0,53.583333333333336,10.85,13.050000000000002,16.216666666666676,56.1,8.0,61.0,67.0,59.0
2026-07-07 06:00:00,25.3,40,1012.8,9.1,8,0.0,11.9,20.4,102.0,0.1,0.3,68.0,58,Umerkot,2026-07-23 16:34:56.886994+00:00,6,1,7,58.0,54.0,50.0,58.0,57.333333333333336,53.916666666666664,11.016666666666666,13.1,16.816666666666674,54.94166666666666,8.0,61.0,67.0,59.0
2026-07-07 07:00:00,24.6,42,1013.3,7.4,13,0.0,13.8,31.9,102.0,0.1,0.3,75.0,58,Umerkot,2026-07-23 16:34:56.886994+00:00,7,1,7,58.0,55.0,51.0,58.0,57.583333333333336,54.208333333333336,11.516666666666666,13.183333333333335,19.566666666666677,53.46666666666667,7.0,62.0,67.0,59.0
2026-07-07 08:00:00,26.4,38,1014.2,5.4,20,0.0,17.2,55.6,103.0,0.1,0.3,85.0,58,Umerkot,2026-07-23 16:34:56.886994+00:00,8,1,7,58.0,56.0,51.0,58.0,57.75,54.5,12.6,13.4,26.316666666666674,52.97083333333333,7.0,62.0,67.0,58.0
2026-07-07 09:00:00,28.9,33,1014.5,6.3,15,0.0,17.5,57.3,103.0,0.1,0.3,92.0,58,Umerkot,2026-07-23 16:34:56.886994+00:00,9,1,7,58.0,57.0,50.0,58.0,57.833333333333336,54.833333333333336,13.733333333333334,13.616666666666667,33.25000000000001,52.57500000000001,8.0,62.0,67.0,58.0
2026-07-07 10:00:00,31.3,29,1014.7,15.3,12,0.0,17.3,56.6,103.0,0.1,0.3,94.0,59,Umerkot,2026-07-23 16:34:56.886994+00:00,10,1,7,58.0,57.0,49.0,58.166666666666664,58.0,55.25,14.799999999999999,13.795833333333334,39.900000000000006,52.03333333333333,10.0,62.0,66.0,57.0
2026-07-07 11:00:00,32.8,26,1014.8,17.9,15,0.0,17.1,55.3,102.0,0.1,0.3,93.0,59,Umerkot,2026-07-23 16:34:56.886994+00:00,11,1,7,58.0,57.0,48.0,58.333333333333336,58.166666666666664,55.708333333333336,15.799999999999999,13.9375,46.18333333333334,51.270833333333336,11.0,63.0,66.0,57.0
2026-07-07 12:00:00,33.9,23,1014.7,16.3,13,0.0,11.3,39.3,102.0,0.1,0.3,93.0,59,Umerkot,2026-07-23 16:34:56.886994+00:00,12,1,7,58.0,58.0,48.0,58.5,58.25,56.166666666666664,15.700000000000003,13.858333333333333,49.33333333333334,49.74583333333333,11.0,63.0,66.0,57.0
2026-07-07 13:00:00,34.7,22,1014.3,15.6,11,0.0,11.5,42.3,102.0,0.1,0.3,93.0,59,Umerkot,2026-07-23 16:34:56.886994+00:00,13,1,7,58.0,58.0,49.0,58.666666666666664,58.333333333333336,56.583333333333336,15.316666666666668,13.766666666666666,51.06666666666667,48.12083333333334,10.0,64.0,65.0,57.0
2026-07-07 14:00:00,35.4,20,1013.8,15.0,11,0.0,12.1,46.0,101.0,0.1,0.3,92.0,59,Umerkot,2026-07-23 16:34:56.886994+00:00,14,1,7,58.0,58.0,50.0,58.833333333333336,58.416666666666664,56.958333333333336,14.466666666666669,13.641666666666667,49.466666666666676,46.145833333333336,9.0,64.0,64.0,57.0
2026-07-07 15:00:00,35.6,20,1013.1,15.2,10,0.0,13.2,50.8,101.0,0.1,0.3,91.0,59,Umerkot,2026-07-23 16:34:56.886994+00:00,15,1,7,58.0,58.0,51.0,59.0,58.5,57.291666666666664,13.750000000000002,13.487499999999999,48.38333333333335,43.791666666666664,8.0,65.0,64.0,56.0
2026-07-07 16:00:00,36.0,19,1012.8,15.7,11,0.0,14.4,56.2,101.0,0.1,0.3,90.0,58,Umerkot,2026-07-23 16:34:56.886994+00:00,16,1,7,59.0,58.0,52.0,58.833333333333336,58.5,57.541666666666664,13.266666666666666,13.329166666666666,48.31666666666667,41.3125,6.0,65.0,63.0,56.0
2026-07-07 17:00:00,35.9,19,1012.6,16.0,14,0.0,15.8,61.5,100.0,0.1,0.4,89.0,58,Umerkot,2026-07-23 16:34:56.886994+00:00,17,1,7,59.0,58.0,53.0,58.666666666666664,58.5,57.75,13.050000000000002,13.212499999999999,49.35,39.12083333333333,5.0,66.0,63.0,56.0
2026-07-07 18:00:00,35.5,20,1012.2,15.9,20,0.0,17.1,64.0,100.0,0.1,0.4,87.0,58,Umerkot,2026-07-23 16:34:56.886994+00:00,18,1,7,59.0,58.0,54.0,58.5,58.5,57.916666666666664,14.016666666666666,13.191666666666668,53.466666666666676,37.74166666666667,4.0,66.0,62.0,56.0
2026-07-07 19:00:00,34.7,20,1012.3,16.6,31,0.0,17.8,61.9,100.0,0.1,0.4,84.0,58,Umerkot,2026-07-23 16:34:56.886994+00:00,19,1,7,59.0,58.0,55.0,58.333333333333336,58.5,58.041666666666664,15.066666666666665,13.291666666666666,56.73333333333335,37.479166666666664,3.0,66.0,62.0,56.0
2026-07-07 20:00:00,33.8,21,1012.4,17.5,37,0.0,18.0,57.2,99.0,0.0,0.4,80.0,58,Umerkot,2026-07-23 16:34:56.886994+00:00,20,1,7,59.0,58.0,56.0,58.166666666666664,58.5,58.125,16.05,13.5,58.600000000000016,38.15,2.0,66.0,61.0,55.0
2026-07-07 21:00:00,33.4,22,1012.6,18.3,38,0.0,17.8,52.4,99.0,0.0,0.5,76.0,58,Umerkot,2026-07-23 16:34:56.886994+00:00,21,1,7,59.0,58.0,57.0,58.0,58.5,58.166666666666664,16.816666666666666,13.766666666666666,58.866666666666674,39.291666666666664,1.0,66.0,61.0,55.0
2026-07-07 22:00:00,32.4,23,1013.3,18.3,16,0.0,17.2,45.9,98.0,0.0,0.7,74.0,59,Umerkot,2026-07-23 16:34:56.886994+00:00,22,1,7,58.0,59.0,57.0,58.166666666666664,58.5,58.25,17.283333333333335,14.037500000000001,57.15000000000001,40.4,2.0,66.0,61.0,55.0
2026-07-07 23:00:00,31.1,25,1013.9,18.2,20,0.0,16.2,38.1,98.0,0.0,1.0,72.0,60,Umerkot,2026-07-23 16:34:56.886994+00:00,23,1,7,58.0,59.0,57.0,58.5,58.583333333333336,58.375,17.35,14.262500000000001,53.25000000000002,41.25,3.0,66.0,61.0,54.0
2026-07-08 00:00:00,30.1,27,1014.1,15.3,36,0.0,14.6,28.4,97.0,0.0,1.4,72.0,60,Umerkot,2026-07-23 16:34:56.886994+00:00,0,2,7,58.0,59.0,58.0,58.833333333333336,58.666666666666664,58.458333333333336,16.933333333333334,14.416666666666666,47.31666666666667,41.73333333333333,2.0,66.0,61.0,54.0
2026-07-08 01:00:00,29.1,27,1014.0,15.2,41,0.0,14.1,25.0,97.0,0.0,1.4,70.0,60,Umerkot,2026-07-23 16:34:56.886994+00:00,1,2,7,58.0,59.0,58.0,59.166666666666664,58.75,58.541666666666664,16.316666666666666,14.554166666666667,41.16666666666668,42.13333333333333,2.0,66.0,61.0,54.0
2026-07-08 02:00:00,28.1,28,1013.6,16.3,31,0.0,13.9,23.9,96.0,0.0,1.4,68.0,60,Umerkot,2026-07-23 16:34:56.886994+00:00,2,2,7,58.0,59.0,58.0,59.5,58.833333333333336,58.625,15.633333333333333,14.6875,35.616666666666674,42.5,2.0,66.0,60.0,53.0
2026-07-08 03:00:00,27.2,29,1013.4,17.7,33,0.0,13.9,23.5,96.0,0.0,1.3,67.0,61,Umerkot,2026-07-23 16:34:56.886994+00:00,3,2,7,58.0,59.0,58.0,60.0,59.0,58.75,14.983333333333334,14.820833333333333,30.80000000000001,42.824999999999996,3.0,67.0,60.0,53.0
2026-07-08 04:00:00,26.3,30,1013.5,15.8,32,0.0,14.0,24.4,96.0,0.0,1.1,67.0,61,Umerkot,2026-07-23 16:34:56.886994+00:00,4,2,7,59.0,58.0,58.0,60.333333333333336,59.25,58.875,14.450000000000001,14.950000000000001,27.216666666666672,43.145833333333336,3.0,67.0,60.0,53.0
2026-07-08 05:00:00,25.3,31,1013.6,13.1,32,0.0,13.7,24.6,97.0,0.1,0.9,68.0,61,Umerkot,2026-07-23 16:34:56.886994+00:00,5,2,7,60.0,58.0,58.0,60.5,59.5,59.0,14.033333333333333,15.058333333333332,24.96666666666668,43.4375,3.0,67.0,59.0,53.0
2026-07-08 06:00:00,24.3,32,1013.5,10.5,31,0.0,14.2,29.8,97.0,0.1,0.8,71.0,61,Umerkot,2026-07-23 16:34:56.886994+00:00,6,2,7,60.0,58.0,58.0,60.666666666666664,59.75,59.125,13.966666666666669,15.154166666666667,25.200000000000006,43.82916666666667,3.0,67.0,59.0,53.0
2026-07-08 07:00:00,23.6,33,1013.9,8.5,29,0.0,18.3,55.3,96.0,0.1,1.0,78.0,62,Umerkot,2026-07-23 16:34:56.886994+00:00,7,2,7,60.0,58.0,58.0,61.0,60.083333333333336,59.291666666666664,14.666666666666666,15.341666666666667,30.25000000000001,44.80416666666667,4.0,67.0,59.0,53.0
2026-07-08 08:00:00,25.8,28,1014.3,6.8,27,0.0,20.2,69.6,95.0,0.1,1.3,86.0,62,Umerkot,2026-07-23 16:34:56.886994+00:00,8,2,7,60.0,58.0,58.0,61.333333333333336,60.416666666666664,59.458333333333336,15.716666666666669,15.466666666666667,37.866666666666674,45.387499999999996,4.0,67.0,58.0,53.0
2026-07-08 09:00:00,28.1,23,1014.8,12.1,21,0.0,21.2,81.5,94.0,0.1,1.9,93.0,62,Umerkot,2026-07-23 16:34:56.886994+00:00,9,2,7,61.0,58.0,58.0,61.5,60.75,59.625,16.933333333333334,15.620833333333332,47.53333333333334,46.395833333333336,4.0,67.0,58.0,53.0
2026-07-08 10:00:00,29.8,22,1014.9,14.0,30,0.0,22.6,92.9,94.0,0.1,2.8,95.0,62,Umerkot,2026-07-23 16:34:56.886994+00:00,10,2,7,61.0,59.0,59.0,61.666666666666664,61.0,59.75,18.366666666666667,15.841666666666667,58.95000000000001,47.90833333333333,3.0,66.0,57.0,53.0
2026-07-08 11:00:00,31.5,20,1014.9,15.3,32,0.0,22.8,93.6,94.0,0.0,3.9,95.0,63,Umerkot,2026-07-23 16:34:56.886994+00:00,11,2,7,61.0,60.0,59.0,62.0,61.25,59.916666666666664,19.883333333333333,16.07916666666667,70.45,49.50416666666666,4.0,66.0,57.0,53.0
2026-07-08 12:00:00,32.7,19,1014.6,14.9,21,0.0,17.8,77.3,94.0,0.0,4.6,94.0,63,Umerkot,2026-07-23 16:34:56.886994+00:00,12,2,7,61.0,60.0,59.0,62.333333333333336,61.5,60.083333333333336,20.48333333333333,16.35,78.36666666666667,51.0875,4.0,66.0,57.0,53.0
2026-07-08 13:00:00,33.7,18,1013.9,14.4,3,0.0,17.9,76.1,93.0,0.0,5.3,95.0,64,Umerkot,2026-07-23 16:34:56.886994+00:00,13,2,7,62.0,60.0,59.0,62.666666666666664,61.833333333333336,60.291666666666664,20.416666666666668,16.616666666666667,81.83333333333333,52.49583333333334,5.0,65.0,57.0,53.0
2026-07-08 14:00:00,34.5,16,1013.2,16.1,344,0.0,18.2,76.1,93.0,0.1,6.2,95.0,64,Umerkot,2026-07-23 16:34:56.886994+00:00,14,2,7,62.0,60.0,59.0,63.0,62.166666666666664,60.5,20.083333333333332,16.870833333333334,82.91666666666667,53.75,5.0,64.0,57.0,52.0
2026-07-08 15:00:00,34.7,16,1012.6,17.8,344,0.0,18.5,77.1,92.0,0.1,6.5,95.0,65,Umerkot,2026-07-23 16:34:56.886994+00:00,15,2,7,62.0,61.0,59.0,63.5,62.5,60.75,19.633333333333336,17.091666666666665,82.18333333333334,54.84583333333333,6.0,64.0,56.0,52.0
2026-07-08 16:00:00,35.0,16,1012.3,18.3,347,0.0,19.0,78.7,92.0,0.1,5.8,93.0,65,Umerkot,2026-07-23 16:34:56.886994+00:00,16,2,7,62.0,61.0,58.0,64.0,62.833333333333336,61.041666666666664,19.03333333333333,17.283333333333335,79.81666666666668,55.78333333333333,7.0,63.0,56.0,52.0
2026-07-08 17:00:00,34.8,15,1011.9,18.4,352,0.0,19.3,78.7,92.0,0.1,4.5,91.0,66,Umerkot,2026-07-23 16:34:56.886994+00:00,17,2,7,63.0,61.0,58.0,64.5,63.25,61.375,18.45,17.429166666666667,77.33333333333334,56.5,8.0,63.0,56.0,51.0
2026-07-08 18:00:00,34.4,15,1011.6,18.6,354,0.0,18.7,67.5,92.0,0.1,3.4,87.0,66,Umerkot,2026-07-23 16:34:56.886994+00:00,18,2,7,63.0,61.0,58.0,65.0,63.666666666666664,61.708333333333336,18.599999999999998,17.495833333333334,75.7,56.645833333333336,8.0,62.0,56.0,51.0
2026-07-08 19:00:00,33.5,16,1011.6,18.8,357,0.0,18.0,58.9,92.0,0.1,2.6,82.0,66,Umerkot,2026-07-23 16:34:56.886994+00:00,19,2,7,64.0,62.0,58.0,65.33333333333333,64.0,62.041666666666664,18.616666666666664,17.504166666666666,72.83333333333333,56.520833333333336,8.0,62.0,56.0,51.0
2026-07-08 20:00:00,32.4,18,1011.9,18.2,1,0.0,17.4,52.9,92.0,0.1,2.0,75.0,66,Umerkot,2026-07-23 16:34:56.886994+00:00,20,2,7,64.0,62.0,58.0,65.66666666666667,64.33333333333333,62.375,18.483333333333334,17.479166666666668,68.96666666666668,56.34166666666666,8.0,61.0,55.0,51.0
2026-07-08 21:00:00,31.6,19,1012.0,15.2,10,0.0,17.1,49.6,92.0,0.1,1.5,70.0,66,Umerkot,2026-07-23 16:34:56.886994+00:00,21,2,7,65.0,62.0,58.0,65.83333333333333,64.66666666666667,62.708333333333336,18.25,17.45,64.38333333333334,56.225,8.0,61.0,55.0,50.0
2026-07-08 22:00:00,30.8,20,1012.5,10.4,37,0.0,16.9,47.7,92.0,0.1,1.3,67.0,66,Umerkot,2026-07-23 16:34:56.886994+00:00,22,2,7,65.0,62.0,59.0,66.0,65.0,63.0,17.900000000000002,17.4375,59.216666666666676,56.29999999999999,7.0,61.0,55.0,50.0
2026-07-08 23:00:00,29.7,22,1012.6,10.4,58,0.0,16.9,48.2,91.0,0.1,1.4,64.0,66,Umerkot,2026-07-23 16:34:56.886994+00:00,23,2,7,66.0,63.0,60.0,66.0,65.25,63.25,17.5,17.466666666666665,54.13333333333335,56.72083333333333,6.0,61.0,54.0,49.0
2026-07-09 00:00:00,28.6,24,1012.5,10.1,63,0.0,16.8,46.9,91.0,0.1,1.5,61.0,66,Umerkot,2026-07-23 16:34:56.886994+00:00,0,3,7,66.0,63.0,60.0,66.0,65.5,63.5,17.183333333333334,17.558333333333334,50.70000000000001,57.49166666666667,6.0,61.0,54.0,49.0
2026-07-09 01:00:00,27.3,27,1012.2,8.1,59,0.0,16.6,46.1,91.0,0.1,1.5,59.0,66,Umerkot,2026-07-23 16:34:56.886994+00:00,1,3,7,66.0,64.0,60.0,66.0,65.66666666666667,63.75,16.95,17.662499999999998,48.56666666666667,58.37083333333333,6.0,61.0,54.0,48.0
2026-07-09 02:00:00,26.2,29,1011.9,7.5,50,0.0,16.3,44.2,90.0,0.1,1.5,56.0,66,Umerkot,2026-07-23 16:34:56.886994+00:00,2,3,7,66.0,64.0,60.0,66.0,65.83333333333333,64.0,16.766666666666666,17.7625,47.11666666666668,59.21666666666667,6.0,60.0,53.0,48.0
2026-07-09 03:00:00,25.4,30,1011.4,7.1,71,0.0,16.1,42.4,90.0,0.1,1.6,54.0,67,Umerkot,2026-07-23 16:34:56.886994+00:00,3,3,7,66.0,65.0,61.0,66.16666666666667,66.0,64.25,16.6,17.854166666666668,45.91666666666668,60.00416666666667,6.0,60.0,53.0,48.0
2026-07-09 04:00:00,24.9,31,1011.0,4.7,86,0.0,15.9,41.0,91.0,0.1,1.7,54.0,67,Umerkot,2026-07-23 16:34:56.886994+00:00,4,3,7,66.0,65.0,61.0,66.33333333333333,66.16666666666667,64.5,16.433333333333334,17.933333333333334,44.80000000000001,60.69583333333333,6.0,60.0,53.0,48.0
2026-07-09 05:00:00,24.0,32,1011.2,5.2,358,0.0,15.7,39.1,92.0,0.1,1.9,56.0,67,Umerkot,2026-07-23 16:34:56.886994+00:00,5,3,7,66.0,66.0,61.0,66.5,66.25,64.75,16.233333333333334,18.016666666666666,43.28333333333334,61.300000000000004,6.0,59.0,53.0,48.0
2026-07-09 06:00:00,23.2,34,1011.4,5.8,26,0.0,15.3,34.1,93.0,0.1,2.1,60.0,67,Umerkot,2026-07-23 16:34:56.886994+00:00,6,3,7,66.0,66.0,61.0,66.66666666666667,66.33333333333333,65.0,15.983333333333334,18.0625,41.15000000000001,61.47916666666666,6.0,59.0,53.0,49.0
2026-07-09 07:00:00,23.0,34,1011.5,8.3,88,0.0,15.6,35.4,94.0,0.1,2.4,69.0,67,Umerkot,2026-07-23 16:34:56.886994+00:00,7,3,7,66.0,66.0,62.0,66.83333333333333,66.41666666666667,65.20833333333333,15.816666666666668,17.95,39.366666666666674,60.65,5.0,59.0,53.0,50.0
2026-07-09 08:00:00,25.1,29,1012.0,7.9,110,0.0,16.8,41.7,96.0,0.0,2.9,81.0,67,Umerkot,2026-07-23 16:34:56.886994+00:00,8,3,7,66.0,66.0,62.0,67.0,66.5,65.41666666666667,15.899999999999999,17.808333333333334,38.95000000000001,59.487500000000004,5.0,58.0,53.0,51.0
2026-07-09 09:00:00,27.8,26,1012.3,7.3,110,0.0,17.5,51.0,97.0,0.0,3.3,90.0,67,Umerkot,2026-07-23 16:34:56.886994+00:00,9,3,7,67.0,66.0,62.0,67.0,66.58333333333333,65.625,16.133333333333333,17.65416666666667,40.38333333333335,58.21666666666667,5.0,58.0,53.0,51.0
2026-07-09 10:00:00,30.3,23,1012.4,10.9,102,0.0,18.2,55.5,97.0,0.0,3.8,93.0,66,Umerkot,2026-07-23 16:34:56.886994+00:00,10,3,7,67.0,66.0,62.0,66.83333333333333,66.58333333333333,65.79166666666667,16.516666666666666,17.470833333333335,42.80000000000001,56.65833333333333,4.0,57.0,53.0,51.0
2026-07-09 11:00:00,31.9,21,1012.3,10.7,97,0.0,18.7,54.9,96.0,0.0,4.3,92.0,66,Umerkot,2026-07-23 16:34:56.886994+00:00,11,3,7,67.0,66.0,63.0,66.66666666666667,66.58333333333333,65.91666666666667,17.01666666666667,17.3,45.433333333333344,55.04583333333333,3.0,57.0,53.0,52.0
2026-07-09 12:00:00,32.8,19,1012.3,3.1,83,0.0,10.0,28.5,96.0,0.0,4.6,91.0,66,Umerkot,2026-07-23 16:34:56.886994+00:00,12,3,7,67.0,66.0,63.0,66.5,66.58333333333333,66.04166666666667,16.133333333333333,16.974999999999998,44.50000000000001,53.012499999999996,3.0,57.0,53.0,52.0
2026-07-09 13:00:00,33.7,18,1011.9,3.1,320,0.0,10.5,28.9,96.0,0.0,4.5,91.0,65,Umerkot,2026-07-23 16:34:56.886994+00:00,13,3,7,67.0,66.0,64.0,66.16666666666667,66.5,66.08333333333333,15.283333333333333,16.666666666666668,43.41666666666668,51.04583333333333,1.0,57.0,53.0,52.0
2026-07-09 14:00:00,34.6,17,1011.3,6.4,313,0.0,10.9,29.3,96.0,0.1,4.4,92.0,64,Umerkot,2026-07-23 16:34:56.886994+00:00,14,3,7,67.0,66.0,64.0,65.66666666666667,66.33333333333333,66.08333333333333,14.299999999999999,16.3625,41.35000000000001,49.09583333333333,0.0,57.0,52.0,51.0
2026-07-09 15:00:00,35.1,16,1010.5,8.7,315,0.0,11.1,29.6,96.0,0.1,4.3,92.0,64,Umerkot,2026-07-23 16:34:56.886994+00:00,15,3,7,67.0,67.0,65.0,65.16666666666667,66.08333333333333,66.04166666666667,13.233333333333334,16.054166666666667,37.78333333333334,47.116666666666674,-1.0,56.0,52.0,51.0
2026-07-09 16:00:00,35.7,15,1010.0,11.5,318,0.0,11.2,30.9,96.0,0.1,4.1,91.0,63,Umerkot,2026-07-23 16:34:56.886994+00:00,16,3,7,66.0,67.0,65.0,64.66666666666667,65.75,65.95833333333333,12.066666666666668,15.729166666666666,33.683333333333344,45.125,-2.0,56.0,52.0,51.0
2026-07-09 17:00:00,35.8,15,1009.6,13.4,314,0.0,11.7,34.5,96.0,0.1,3.9,90.0,63,Umerkot,2026-07-23 16:34:56.886994+00:00,17,3,7,66.0,67.0,66.0,64.16666666666667,65.41666666666667,65.83333333333333,10.899999999999999,15.4125,30.283333333333342,43.28333333333333,-3.0,56.0,51.0,51.0
2026-07-09 18:00:00,35.4,15,1009.3,13.8,310,0.0,12.5,40.5,96.0,0.1,3.6,87.0,62,Umerkot,2026-07-23 16:34:56.886994+00:00,18,3,7,66.0,67.0,66.0,63.5,65.0,65.66666666666667,11.316666666666665,15.154166666666667,32.28333333333334,42.15833333333333,-4.0,56.0,51.0,51.0
2026-07-09 19:00:00,34.9,16,1009.4,7.7,319,0.0,13.7,48.5,95.0,0.1,3.2,82.0,62,Umerkot,2026-07-23 16:34:56.886994+00:00,19,3,7,65.0,67.0,66.0,63.0,64.58333333333333,65.5,11.85,14.975000000000001,35.55000000000001,41.725,-4.0,56.0,51.0,51.0
2026-07-09 20:00:00,34.5,16,1009.4,7.6,8,0.0,15.5,58.7,94.0,0.1,2.7,75.0,61,Umerkot,2026-07-23 16:34:56.886994+00:00,20,3,7,64.0,67.0,66.0,62.5,64.08333333333333,65.29166666666667,12.616666666666665,14.895833333333334,40.45000000000001,41.96666666666667,-5.0,55.0,51.0,51.0
2026-07-09 21:00:00,33.6,17,1009.5,15.1,15,0.0,16.9,65.7,93.0,0.1,2.3,69.0,61,Umerkot,2026-07-23 16:34:56.886994+00:00,21,3,7,64.0,67.0,66.0,62.0,63.583333333333336,65.08333333333333,13.583333333333334,14.887500000000001,46.466666666666676,42.6375,-5.0,55.0,50.0,51.0
2026-07-09 22:00:00,32.6,17,1010.3,16.8,10,0.0,16.4,60.8,92.0,0.1,2.0,64.0,61,Umerkot,2026-07-23 16:34:56.886994+00:00,22,3,7,63.0,66.0,66.0,61.666666666666664,63.166666666666664,64.875,14.449999999999998,14.866666666666665,51.45000000000001,43.18333333333334,-5.0,55.0,50.0,51.0
2026-07-09 23:00:00,31.3,18,1011.3,16.1,5,0.0,15.5,54.8,91.0,0.1,1.7,61.0,61,Umerkot,2026-07-23 16:34:56.886994+00:00,23,3,7,63.0,66.0,66.0,61.333333333333336,62.75,64.66666666666667,15.083333333333334,14.808333333333332,54.83333333333334,43.458333333333336,-5.0,54.0,49.0,51.0
2026-07-10 00:00:00,29.9,19,1011.5,13.7,10,0.0,12.4,40.5,90.0,0.1,1.6,55.0,61,Umerkot,2026-07-23 16:34:56.886994+00:00,0,4,7,62.0,66.0,66.0,61.166666666666664,62.333333333333336,64.45833333333333,15.066666666666665,14.625,54.83333333333334,43.19166666666666,-5.0,54.0,49.0,51.0
2026-07-10 01:00:00,28.7,21,1011.3,13.2,17,0.0,12.3,42.4,89.0,0.1,1.5,54.0,61,Umerkot,2026-07-23 16:34:56.886994+00:00,1,4,7,62.0,65.0,66.0,61.0,62.0,64.25,14.83333333333333,14.445833333333335,53.81666666666667,43.0375,-5.0,54.0,48.0,51.0
2026-07-10 02:00:00,27.5,22,1011.4,11.1,31,0.0,12.4,44.2,88.0,0.1,1.3,53.0,60,Umerkot,2026-07-23 16:34:56.886994+00:00,2,4,7,61.0,64.0,66.0,60.833333333333336,61.666666666666664,64.0,14.316666666666668,14.283333333333333,51.40000000000001,43.0375,-6.0,53.0,48.0,51.0
2026-07-10 03:00:00,26.3,25,1011.1,6.7,31,0.0,12.4,45.4,88.0,0.1,1.2,52.0,60,Umerkot,2026-07-23 16:34:56.886994+00:00,3,4,7,61.0,64.0,67.0,60.666666666666664,61.333333333333336,63.708333333333336,13.566666666666668,14.129166666666665,48.01666666666667,43.1625,-7.0,53.0,48.0,51.0
2026-07-10 04:00:00,25.5,27,1011.1,5.1,17,0.0,12.3,46.0,88.0,0.1,1.1,51.0,60,Umerkot,2026-07-23 16:34:56.886994+00:00,4,4,7,61.0,63.0,67.0,60.5,61.083333333333336,63.416666666666664,12.883333333333333,13.979166666666666,45.55000000000001,43.37083333333334,-7.0,53.0,48.0,51.0
2026-07-10 05:00:00,24.5,28,1011.0,7.0,348,0.0,12.1,45.8,87.0,0.1,1.1,50.0,59,Umerkot,2026-07-23 16:34:56.886994+00:00,5,4,7,61.0,63.0,67.0,60.166666666666664,60.75,63.083333333333336,12.316666666666668,13.829166666666667,44.05000000000001,43.65,-8.0,53.0,48.0,52.0
2026-07-10 06:00:00,23.6,30,1011.2,5.7,332,0.0,11.4,41.4,88.0,0.1,1.1,53.0,59,Umerkot,2026-07-23 16:34:56.886994+00:00,6,4,7,61.0,62.0,67.0,59.833333333333336,60.5,62.75,12.15,13.666666666666666,44.20000000000001,43.95416666666667,-8.0,53.0,49.0,51.0
2026-07-10 07:00:00,23.2,32,1011.7,3.9,304,0.0,10.5,37.4,90.0,0.1,1.2,63.0,59,Umerkot,2026-07-23 16:34:56.886994+00:00,7,4,7,61.0,62.0,67.0,59.5,60.25,62.416666666666664,11.85,13.454166666666666,43.366666666666674,44.0375,-8.0,53.0,50.0,51.0
2026-07-10 08:00:00,24.6,28,1012.6,3.7,284,0.0,9.7,29.8,92.0,0.0,1.3,77.0,58,Umerkot,2026-07-23 16:34:56.886994+00:00,8,4,7,60.0,61.0,67.0,59.166666666666664,60.0,62.041666666666664,11.4,13.158333333333331,40.966666666666676,43.541666666666664,-9.0,53.0,51.0,50.0
2026-07-10 09:00:00,26.9,25,1013.2,2.7,302,0.0,11.4,48.2,94.0,0.0,1.4,87.0,58,Umerkot,2026-07-23 16:34:56.886994+00:00,9,4,7,60.0,61.0,67.0,58.833333333333336,59.75,61.666666666666664,11.233333333333334,12.904166666666667,41.433333333333344,43.425000000000004,-9.0,53.0,51.0,50.0
2026-07-10 10:00:00,29.7,21,1013.4,2.5,352,0.0,13.2,61.7,94.0,0.0,1.6,90.0,57,Umerkot,2026-07-23 16:34:56.886994+00:00,10,4,7,60.0,61.0,66.0,58.333333333333336,59.416666666666664,61.291666666666664,11.383333333333333,12.695833333333333,44.05000000000001,43.68333333333333,-9.0,53.0,51.0,49.0
2026-07-10 11:00:00,31.9,17,1013.2,2.8,55,0.0,13.9,64.5,93.0,0.0,1.8,90.0,57,Umerkot,2026-07-23 16:34:56.886994+00:00,11,4,7,59.0,61.0,66.0,58.0,59.083333333333336,60.916666666666664,11.683333333333335,12.495833333333332,47.16666666666668,44.083333333333336,-9.0,53.0,52.0,49.0
2026-07-10 12:00:00,33.3,15,1013.2,2.2,99,0.0,9.9,50.2,93.0,0.0,1.9,89.0,57,Umerkot,2026-07-23 16:34:56.886994+00:00,12,4,7,59.0,61.0,66.0,57.666666666666664,58.75,60.541666666666664,11.433333333333332,12.491666666666667,48.63333333333335,44.987500000000004,-9.0,53.0,52.0,49.0
2026-07-10 13:00:00,34.3,14,1012.7,2.2,270,0.0,9.7,48.4,93.0,0.0,1.9,90.0,57,Umerkot,2026-07-23 16:34:56.886994+00:00,13,4,7,59.0,61.0,65.0,57.333333333333336,58.416666666666664,60.208333333333336,11.299999999999999,12.458333333333334,50.466666666666676,45.79999999999999,-8.0,53.0,52.0,49.0
2026-07-10 14:00:00,35.2,14,1012.2,5.4,290,0.0,9.5,46.8,94.0,0.0,1.9,91.0,57,Umerkot,2026-07-23 16:34:56.886994+00:00,14,4,7,58.0,60.0,64.0,57.166666666666664,58.166666666666664,59.916666666666664,11.266666666666666,12.4,53.30000000000001,46.52916666666667,-7.0,52.0,51.0,49.0
2026-07-10 15:00:00,35.3,13,1011.8,4.1,285,0.0,9.4,45.2,94.0,0.0,1.9,91.0,56,Umerkot,2026-07-23 16:34:56.886994+00:00,15,4,7,58.0,60.0,64.0,56.833333333333336,57.833333333333336,59.583333333333336,10.933333333333332,12.329166666666666,52.80000000000001,47.17916666666667,-8.0,52.0,51.0,49.0
2026-07-10 16:00:00,36.0,13,1011.3,5.3,336,0.0,9.5,44.1,94.0,0.0,1.9,90.0,56,Umerkot,2026-07-23 16:34:56.886994+00:00,16,4,7,57.0,60.0,63.0,56.666666666666664,57.5,59.291666666666664,10.316666666666666,12.258333333333333,49.866666666666674,47.729166666666664,-7.0,52.0,51.0,49.0
2026-07-10 17:00:00,36.4,13,1011.2,10.3,355,0.0,9.7,43.0,93.0,0.1,1.9,89.0,56,Umerkot,2026-07-23 16:34:56.886994+00:00,17,4,7,57.0,59.0,63.0,56.5,57.25,59.0,9.616666666666667,12.175000000000002,46.28333333333334,48.083333333333336,-7.0,51.0,51.0,49.0
2026-07-10 18:00:00,36.3,12,1010.6,15.5,351,0.0,9.8,39.1,93.0,0.1,1.9,87.0,56,Umerkot,2026-07-23 16:34:56.886994+00:00,18,4,7,57.0,59.0,62.0,56.333333333333336,57.0,58.75,9.6,12.0625,44.433333333333344,48.025,-6.0,51.0,51.0,50.0
2026-07-10 19:00:00,35.8,13,1010.8,18.2,343,0.0,10.1,34.2,92.0,0.1,1.8,83.0,56,Umerkot,2026-07-23 16:34:56.886994+00:00,19,4,7,57.0,59.0,62.0,56.166666666666664,56.75,58.5,9.666666666666666,11.9125,42.06666666666668,47.42916666666667,-6.0,51.0,51.0,50.0
2026-07-10 20:00:00,34.9,13,1011.2,17.4,343,0.0,10.5,33.2,92.0,0.0,1.7,77.0,55,Umerkot,2026-07-23 16:34:56.886994+00:00,20,4,7,57.0,58.0,61.0,55.833333333333336,56.5,58.25,9.833333333333334,11.704166666666666,39.80000000000001,46.36666666666667,-6.0,51.0,51.0,50.0
2026-07-10 21:00:00,33.8,15,1011.7,19.9,21,0.0,10.9,32.9,91.0,0.0,1.6,73.0,55,Umerkot,2026-07-23 16:34:56.886994+00:00,21,4,7,56.0,58.0,61.0,55.666666666666664,56.25,58.0,10.083333333333334,11.454166666666666,37.75000000000001,45.0,-6.0,50.0,51.0,51.0
2026-07-10 22:00:00,32.5,16,1012.3,20.5,29,0.0,10.8,31.8,91.0,0.0,1.5,70.0,55,Umerkot,2026-07-23 16:34:56.886994+00:00,22,4,7,56.0,57.0,61.0,55.5,56.083333333333336,57.75,10.3,11.220833333333333,35.70000000000001,43.791666666666664,-6.0,50.0,51.0,51.0
2026-07-10 23:00:00,31.6,16,1012.9,18.8,32,0.0,10.5,29.8,90.0,0.0,1.5,69.0,54,Umerkot,2026-07-23 16:34:56.886994+00:00,23,4,7,56.0,57.0,61.0,55.166666666666664,55.833333333333336,57.458333333333336,10.433333333333334,11.012500000000001,33.50000000000001,42.75,-7.0,49.0,51.0,52.0
2026-07-11 00:00:00,30.4,15,1012.9,17.3,27,0.0,10.2,27.9,90.0,0.0,1.4,68.0,54,Umerkot,2026-07-23 16:34:56.886994+00:00,0,5,7,56.0,57.0,61.0,54.833333333333336,55.583333333333336,57.166666666666664,10.5,10.920833333333334,31.633333333333344,42.225,-7.0,49.0,51.0,52.0
2026-07-11 01:00:00,29.3,15,1013.0,15.1,40,0.0,10.0,28.3,90.0,0.0,1.3,66.0,54,Umerkot,2026-07-23 16:34:56.886994+00:00,1,5,7,56.0,57.0,61.0,54.5,55.333333333333336,56.875,10.483333333333333,10.825000000000001,30.65000000000001,41.637499999999996,-7.0,48.0,51.0,52.0
2026-07-11 02:00:00,28.1,17,1012.7,13.6,47,0.0,10.0,28.8,89.0,0.0,1.3,64.0,53,Umerkot,2026-07-23 16:34:56.886994+00:00,2,5,7,55.0,57.0,60.0,54.166666666666664,55.0,56.583333333333336,10.4,10.725,29.916666666666675,40.99583333333334,-7.0,48.0,51.0,52.0
2026-07-11 03:00:00,27.1,19,1012.6,12.3,38,0.0,10.0,29.1,89.0,0.0,1.2,63.0,53,Umerkot,2026-07-23 16:34:56.886994+00:00,3,5,7,55.0,56.0,60.0,53.833333333333336,54.75,56.291666666666664,10.25,10.625,29.283333333333342,40.31666666666666,-7.0,48.0,51.0,52.0
2026-07-11 04:00:00,26.2,19,1012.6,11.7,49,0.0,10.1,29.9,89.0,0.0,1.2,62.0,53,Umerkot,2026-07-23 16:34:56.886994+00:00,4,5,7,55.0,56.0,60.0,53.5,54.5,56.0,10.133333333333333,10.533333333333333,28.966666666666672,39.645833333333336,-7.0,48.0,51.0,52.0
2026-07-11 05:00:00,25.4,19,1012.7,12.2,46,0.0,10.2,30.0,89.0,0.0,1.1,62.0,53,Umerkot,2026-07-23 16:34:56.886994+00:00,5,5,7,54.0,56.0,59.0,53.333333333333336,54.25,55.75,10.083333333333334,10.454166666666666,29.00000000000001,38.987500000000004,-6.0,48.0,52.0,52.0
2026-07-11 06:00:00,24.4,21,1013.1,11.1,59,0.0,10.6,32.6,90.0,0.0,1.1,64.0,53,Umerkot,2026-07-23 16:34:56.886994+00:00,6,5,7,54.0,56.0,59.0,53.166666666666664,54.0,55.5,10.15,10.420833333333333,29.783333333333342,38.62083333333333,-6.0,49.0,51.0,52.0
2026-07-11 07:00:00,23.6,23,1013.7,9.9,75,0.0,12.1,42.4,91.0,0.0,1.1,71.0,53,Umerkot,2026-07-23 16:34:56.886994+00:00,7,5,7,54.0,56.0,59.0,53.0,53.75,55.25,10.5,10.4875,32.13333333333334,38.82916666666667,-6.0,50.0,51.0,52.0
2026-07-11 08:00:00,25.6,21,1014.3,7.4,91,0.0,13.5,51.5,92.0,0.0,1.2,80.0,53,Umerkot,2026-07-23 16:34:56.886994+00:00,8,5,7,53.0,55.0,58.0,53.0,53.583333333333336,55.041666666666664,11.083333333333334,10.645833333333334,35.91666666666668,39.733333333333334,-5.0,51.0,50.0,53.0
2026-07-11 09:00:00,28.1,19,1014.8,7.8,83,0.0,13.1,49.6,93.0,0.0,1.2,87.0,53,Umerkot,2026-07-23 16:34:56.886994+00:00,9,5,7,53.0,55.0,58.0,53.0,53.416666666666664,54.833333333333336,11.6,10.716666666666667,39.33333333333334,39.791666666666664,-5.0,51.0,50.0,54.0
2026-07-11 10:00:00,30.5,20,1014.7,13.0,84,0.0,12.3,45.5,93.0,0.0,1.2,89.0,53,Umerkot,2026-07-23 16:34:56.886994+00:00,10,5,7,53.0,55.0,57.0,53.0,53.25,54.666666666666664,11.966666666666667,10.679166666666667,41.933333333333344,39.11666666666667,-4.0,51.0,49.0,55.0
2026-07-11 11:00:00,32.9,18,1014.4,15.3,90,0.0,11.6,42.5,93.0,0.0,1.2,89.0,53,Umerkot,2026-07-23 16:34:56.886994+00:00,11,5,7,53.0,54.0,57.0,53.0,53.166666666666664,54.5,12.199999999999998,10.583333333333334,44.01666666666668,38.199999999999996,-4.0,52.0,49.0,56.0
2026-07-11 12:00:00,34.7,15,1014.3,15.7,87,0.0,5.9,20.7,93.0,0.0,1.2,89.0,53,Umerkot,2026-07-23 16:34:56.886994+00:00,12,5,7,53.0,54.0,57.0,53.0,53.083333333333336,54.333333333333336,11.416666666666666,10.416666666666666,42.03333333333334,36.97083333333333,-4.0,52.0,49.0,57.0
2026-07-11 13:00:00,35.7,13,1013.7,11.3,76,0.0,5.7,19.8,93.0,0.0,1.1,89.0,53,Umerkot,2026-07-23 16:34:56.886994+00:00,13,5,7,53.0,54.0,57.0,53.0,53.0,54.166666666666664,10.35,10.25,38.26666666666668,35.77916666666666,-4.0,52.0,49.0,58.0
2026-07-11 14:00:00,36.3,12,1013.0,7.3,50,0.0,5.7,19.4,93.0,0.1,1.1,90.0,52,Umerkot,2026-07-23 16:34:56.886994+00:00,14,5,7,53.0,53.0,57.0,52.833333333333336,52.916666666666664,53.958333333333336,9.049999999999999,10.091666666666667,32.91666666666668,34.6375,-5.0,51.0,49.0,60.0
2026-07-11 15:00:00,36.5,12,1012.7,8.3,24,0.0,5.7,19.3,93.0,0.1,1.0,90.0,52,Umerkot,2026-07-23 16:34:56.886994+00:00,15,5,7,53.0,53.0,56.0,52.666666666666664,52.833333333333336,53.791666666666664,7.816666666666666,9.9375,27.866666666666674,33.55833333333333,-4.0,51.0,49.0,61.0
2026-07-11 16:00:00,36.9,11,1012.4,9.1,8,0.0,5.9,19.6,92.0,0.1,0.9,89.0,52,Umerkot,2026-07-23 16:34:56.886994+00:00,16,5,7,53.0,53.0,56.0,52.5,52.75,53.625,6.75,9.7875,23.55000000000001,32.5375,-4.0,51.0,49.0,62.0
2026-07-11 17:00:00,36.9,11,1012.2,10.1,4,0.0,6.1,19.8,92.0,0.1,0.9,87.0,51,Umerkot,2026-07-23 16:34:56.886994+00:00,17,5,7,53.0,53.0,56.0,52.166666666666664,52.583333333333336,53.416666666666664,5.833333333333333,9.637500000000001,19.766666666666676,31.570833333333336,-5.0,51.0,49.0,63.0
2026-07-11 18:00:00,36.6,11,1011.9,11.3,10,0.0,6.1,18.2,91.0,0.1,0.8,85.0,51,Umerkot,2026-07-23 16:34:56.886994+00:00,18,5,7,53.0,53.0,56.0,51.833333333333336,52.416666666666664,53.208333333333336,5.866666666666667,9.483333333333333,19.35000000000001,30.700000000000003,-5.0,51.0,50.0,64.0
2026-07-11 19:00:00,36.0,11,1011.9,13.9,23,0.0,6.4,18.1,91.0,0.1,0.7,82.0,51,Umerkot,2026-07-23 16:34:56.886994+00:00,19,5,7,53.0,53.0,56.0,51.5,52.25,53.0,5.983333333333333,9.329166666666667,19.066666666666677,30.02916666666667,-5.0,51.0,50.0,65.0
2026-07-11 20:00:00,35.1,12,1012.2,16.7,30,0.0,6.7,19.2,91.0,0.1,0.7,78.0,51,Umerkot,2026-07-23 16:34:56.886994+00:00,20,5,7,52.0,53.0,55.0,51.333333333333336,52.083333333333336,52.833333333333336,6.1499999999999995,9.170833333333333,19.033333333333342,29.44583333333333,-4.0,51.0,50.0,65.0
2026-07-11 21:00:00,34.1,13,1012.7,16.4,39,0.0,7.0,19.4,91.0,0.1,0.6,74.0,50,Umerkot,2026-07-23 16:34:56.886994+00:00,21,5,7,52.0,53.0,55.0,51.0,51.833333333333336,52.625,6.366666666666667,9.008333333333333,19.050000000000008,28.88333333333333,-5.0,51.0,51.0,66.0
2026-07-11 22:00:00,32.9,14,1013.1,18.2,30,0.0,7.3,19.0,91.0,0.1,0.6,70.0,50,Umerkot,2026-07-23 16:34:56.886994+00:00,22,5,7,52.0,53.0,55.0,50.666666666666664,51.583333333333336,52.416666666666664,6.6000000000000005,8.8625,18.95000000000001,28.349999999999998,-5.0,51.0,51.0,66.0
2026-07-11 23:00:00,31.7,16,1013.4,18.6,32,0.0,7.7,19.0,91.0,0.0,0.6,66.0,49,Umerkot,2026-07-23 16:34:56.886994+00:00,23,5,7,51.0,53.0,54.0,50.333333333333336,51.25,52.208333333333336,6.866666666666667,8.745833333333334,18.816666666666677,27.899999999999995,-5.0,51.0,52.0,66.0
2026-07-12 00:00:00,30.4,18,1013.5,15.7,32,0.0,8.8,19.8,91.0,0.0,0.6,64.0,49,Umerkot,2026-07-23 16:34:56.886994+00:00,0,6,7,51.0,53.0,54.0,50.0,50.916666666666664,52.0,7.316666666666666,8.6875,19.083333333333343,27.5625,-5.0,51.0,52.0,66.0
2026-07-12 01:00:00,29.1,19,1013.2,13.0,33,0.0,9.2,20.1,91.0,0.0,0.6,62.0,48,Umerkot,2026-07-23 16:34:56.886994+00:00,1,6,7,51.0,53.0,54.0,49.5,50.5,51.75,7.783333333333334,8.654166666666667,19.416666666666675,27.220833333333335,-6.0,51.0,52.0,66.0
2026-07-12 02:00:00,27.7,22,1012.8,11.1,44,0.0,9.5,21.0,91.0,0.0,0.6,58.0,48,Umerkot,2026-07-23 16:34:56.886994+00:00,2,6,7,51.0,52.0,53.0,49.0,50.166666666666664,51.541666666666664,8.25,8.633333333333333,19.71666666666668,26.895833333333332,-5.0,51.0,52.0,67.0
2026-07-12 03:00:00,27.5,24,1012.1,16.1,40,0.0,10.1,24.9,91.0,0.0,0.6,56.0,48,Umerkot,2026-07-23 16:34:56.886994+00:00,3,6,7,50.0,52.0,53.0,48.666666666666664,49.833333333333336,51.333333333333336,8.766666666666666,8.6375,20.633333333333344,26.720833333333335,-5.0,51.0,52.0,67.0
2026-07-12 04:00:00,26.8,26,1012.4,15.4,63,0.0,11.0,32.2,91.0,0.0,0.6,55.0,48,Umerkot,2026-07-23 16:34:56.886994+00:00,4,6,7,50.0,52.0,53.0,48.333333333333336,49.5,51.125,9.383333333333333,8.674999999999999,22.833333333333343,26.816666666666663,-5.0,51.0,52.0,67.0
2026-07-12 05:00:00,25.5,28,1012.4,12.6,85,0.0,12.4,43.5,91.0,0.1,0.7,54.0,48,Umerkot,2026-07-23 16:34:56.886994+00:00,5,6,7,49.0,51.0,53.0,48.166666666666664,49.25,50.916666666666664,10.166666666666666,8.766666666666667,26.916666666666675,27.379166666666663,-5.0,52.0,52.0,67.0
2026-07-12 06:00:00,24.7,29,1012.7,12.6,92,0.0,15.6,68.5,91.0,0.1,0.7,57.0,49,Umerkot,2026-07-23 16:34:56.886994+00:00,6,6,7,49.0,51.0,53.0,48.166666666666664,49.083333333333336,50.75,11.299999999999999,8.975,35.03333333333334,28.875,-4.0,51.0,52.0,67.0
2026-07-12 07:00:00,24.2,30,1013.1,12.4,103,0.0,22.0,113.2,92.0,0.1,0.7,65.0,50,Umerkot,2026-07-23 16:34:56.886994+00:00,7,6,7,48.0,51.0,53.0,48.5,49.0,50.625,13.433333333333332,9.3875,50.55000000000001,31.825,-3.0,51.0,52.0,67.0
2026-07-12 08:00:00,26.0,28,1013.3,11.6,120,0.0,20.0,94.1,93.0,0.0,0.8,76.0,51,Umerkot,2026-07-23 16:34:56.886994+00:00,8,6,7,48.0,51.0,53.0,49.0,49.0,50.541666666666664,15.183333333333332,9.658333333333333,62.73333333333334,33.6,-2.0,50.0,53.0,67.0
2026-07-12 09:00:00,29.0,24,1013.6,10.0,129,0.0,16.2,68.2,94.0,0.0,0.8,85.0,51,Umerkot,2026-07-23 16:34:56.886994+00:00,9,6,7,48.0,50.0,53.0,49.5,49.083333333333336,50.458333333333336,16.2,9.7875,69.95,34.375,-2.0,50.0,54.0,69.0
2026-07-12 10:00:00,31.9,21,1013.5,13.8,121,0.0,14.1,56.9,94.0,0.0,0.8,88.0,51,Umerkot,2026-07-23 16:34:56.886994+00:00,10,6,7,48.0,50.0,53.0,50.0,49.166666666666664,50.375,16.716666666666665,9.8625,74.06666666666668,34.85,-2.0,49.0,55.0,70.0
2026-07-12 11:00:00,33.8,18,1013.4,15.9,105,0.0,12.4,47.7,93.0,0.0,0.7,89.0,52,Umerkot,2026-07-23 16:34:56.886994+00:00,11,6,7,48.0,49.0,53.0,50.666666666666664,49.416666666666664,50.333333333333336,16.716666666666665,9.895833333333334,74.76666666666668,35.06666666666667,-1.0,49.0,56.0,71.0
2026-07-12 12:00:00,35.0,16,1013.3,10.8,86,0.0,4.8,17.0,93.0,0.0,0.7,89.0,52,Umerkot,2026-07-23 16:34:56.886994+00:00,12,6,7,49.0,49.0,53.0,51.166666666666664,49.666666666666664,50.291666666666664,14.916666666666666,9.85,66.18333333333334,34.9125,-1.0,49.0,57.0,72.0
2026-07-12 13:00:00,35.9,15,1012.8,8.8,44,0.0,4.0,14.5,93.0,0.0,0.7,90.0,52,Umerkot,2026-07-23 16:34:56.886994+00:00,13,6,7,50.0,48.0,53.0,51.5,50.0,50.25,11.916666666666666,9.779166666666667,49.73333333333334,34.69166666666667,-1.0,49.0,58.0,72.0
2026-07-12 14:00:00,36.7,14,1012.2,11.0,14,0.0,3.6,13.1,93.0,0.1,0.6,92.0,51,Umerkot,2026-07-23 16:34:56.886994+00:00,14,6,7,51.0,48.0,52.0,51.5,50.25,50.208333333333336,9.183333333333334,9.691666666666666,36.23333333333334,34.42916666666667,-1.0,49.0,60.0,72.0
2026-07-12 15:00:00,36.9,13,1011.8,13.2,10,0.0,3.5,12.9,93.0,0.1,0.6,92.0,51,Umerkot,2026-07-23 16:34:56.886994+00:00,15,6,7,51.0,48.0,52.0,51.5,50.5,50.166666666666664,7.066666666666666,9.6,27.016666666666676,34.1625,-1.0,49.0,61.0,73.0
2026-07-12 16:00:00,37.3,12,1011.2,14.3,10,0.0,3.8,13.4,93.0,0.1,0.6,90.0,51,Umerkot,2026-07-23 16:34:56.886994+00:00,16,6,7,51.0,48.0,52.0,51.5,50.75,50.125,5.3500000000000005,9.512500000000001,19.766666666666676,33.90416666666666,-1.0,49.0,62.0,73.0
2026-07-12 17:00:00,37.2,12,1010.7,16.3,16,0.0,4.3,14.5,93.0,0.1,0.6,87.0,51,Umerkot,2026-07-23 16:34:56.886994+00:00,17,6,7,52.0,48.0,51.0,51.333333333333336,51.0,50.125,4.0,9.4375,14.233333333333343,33.68333333333333,0.0,49.0,63.0,73.0
2026-07-12 18:00:00,36.8,12,1010.3,18.7,18,0.0,4.9,14.4,93.0,0.1,0.6,83.0,51,Umerkot,2026-07-23 16:34:56.886994+00:00,18,6,7,52.0,49.0,51.0,51.166666666666664,51.166666666666664,50.125,4.016666666666667,9.3875,13.800000000000011,33.525,0.0,50.0,64.0,74.0
2026-07-12 19:00:00,36.1,12,1010.6,19.3,14,0.0,5.6,14.6,93.0,0.1,0.6,77.0,51,Umerkot,2026-07-23 16:34:56.886994+00:00,19,6,7,52.0,50.0,51.0,51.0,51.25,50.125,4.283333333333333,9.354166666666666,13.816666666666677,33.37916666666666,0.0,50.0,65.0,74.0
2026-07-12 20:00:00,35.0,13,1011.0,20.1,13,0.0,6.5,16.2,92.0,0.1,0.5,71.0,51,Umerkot,2026-07-23 16:34:56.886994+00:00,20,6,7,51.0,51.0,51.0,51.0,51.25,50.125,4.766666666666667,9.345833333333333,14.333333333333343,33.25416666666667,0.0,50.0,65.0,75.0
2026-07-12 21:00:00,33.8,14,1011.3,20.0,27,0.0,7.3,18.6,92.0,0.1,0.5,65.0,51,Umerkot,2026-07-23 16:34:56.886994+00:00,21,6,7,51.0,51.0,50.0,51.0,51.25,50.166666666666664,5.3999999999999995,9.358333333333333,15.28333333333334,33.22083333333334,1.0,51.0,66.0,75.0
2026-07-12 22:00:00,32.7,16,1011.9,17.3,42,0.0,8.1,21.7,92.0,0.1,0.5,61.0,51,Umerkot,2026-07-23 16:34:56.886994+00:00,22,6,7,51.0,51.0,50.0,51.0,51.25,50.208333333333336,6.116666666666667,9.391666666666666,16.666666666666675,33.333333333333336,1.0,51.0,66.0,75.0
2026-07-12 23:00:00,31.7,18,1012.0,15.4,52,0.0,9.0,25.7,92.0,0.0,0.5,58.0,51,Umerkot,2026-07-23 16:34:56.886994+00:00,23,6,7,51.0,52.0,49.0,51.0,51.166666666666664,50.291666666666664,6.900000000000001,9.445833333333333,18.533333333333342,33.612500000000004,2.0,52.0,66.0,74.0
2026-07-13 00:00:00,30.7,20,1012.0,14.9,54,0.0,10.6,31.8,92.0,0.0,0.5,55.0,51,Umerkot,2026-07-23 16:34:56.886994+00:00,0,0,7,51.0,52.0,49.0,51.0,51.083333333333336,50.375,7.849999999999999,9.520833333333334,21.43333333333334,34.1125,2.0,52.0,66.0,74.0
2026-07-13 01:00:00,29.8,21,1011.8,14.6,56,0.0,11.4,34.6,92.0,0.0,0.5,53.0,51,Umerkot,2026-07-23 16:34:56.886994+00:00,1,0,7,51.0,52.0,48.0,51.0,51.0,50.5,8.816666666666668,9.612499999999999,24.76666666666668,34.71666666666666,3.0,52.0,66.0,74.0
2026-07-13 02:00:00,28.7,25,1011.3,15.5,48,0.0,11.8,35.9,91.0,0.0,0.4,50.0,51,Umerkot,2026-07-23 16:34:56.886994+00:00,2,0,7,51.0,51.0,48.0,51.0,51.0,50.625,9.700000000000001,9.708333333333334,28.05000000000001,35.3375,3.0,52.0,67.0,73.0
2026-07-13 03:00:00,27.5,28,1011.2,15.5,35,0.0,11.8,36.8,91.0,0.0,0.4,48.0,51,Umerkot,2026-07-23 16:34:56.886994+00:00,3,0,7,51.0,51.0,48.0,51.0,51.0,50.75,10.450000000000001,9.779166666666667,31.083333333333343,35.833333333333336,3.0,52.0,67.0,73.0
2026-07-13 04:00:00,26.7,31,1011.3,15.9,39,0.0,11.7,39.0,91.0,0.0,0.4,48.0,51,Umerkot,2026-07-23 16:34:56.886994+00:00,4,0,7,51.0,51.0,48.0,51.0,51.0,50.875,11.050000000000002,9.808333333333334,33.966666666666676,36.11666666666667,3.0,52.0,67.0,72.0
2026-07-13 05:00:00,25.8,35,1011.4,13.6,51,0.0,11.5,40.4,92.0,0.0,0.4,49.0,52,Umerkot,2026-07-23 16:34:56.886994+00:00,5,0,7,51.0,51.0,48.0,51.166666666666664,51.083333333333336,51.041666666666664,11.466666666666669,9.770833333333334,36.41666666666668,35.987500000000004,4.0,52.0,67.0,72.0
2026-07-13 06:00:00,24.6,38,1011.7,9.7,68,0.0,12.0,50.1,93.0,0.0,0.4,52.0,51,Umerkot,2026-07-23 16:34:56.886994+00:00,6,0,7,51.0,51.0,49.0,51.166666666666664,51.083333333333336,51.125,11.700000000000001,9.620833333333334,39.466666666666676,35.22083333333334,2.0,52.0,67.0,72.0
2026-07-13 07:00:00,23.8,41,1012.2,7.3,83,0.0,13.0,66.1,94.0,0.0,0.4,60.0,51,Umerkot,2026-07-23 16:34:56.886994+00:00,7,0,7,51.0,51.0,50.0,51.166666666666664,51.083333333333336,51.166666666666664,11.966666666666667,9.245833333333334,44.716666666666676,33.25833333333333,1.0,52.0,67.0,71.0
2026-07-13 08:00:00,25.7,37,1012.4,3.9,103,0.0,13.4,66.1,95.0,0.0,0.4,70.0,50,Umerkot,2026-07-23 16:34:56.886994+00:00,8,0,7,51.0,51.0,51.0,51.0,51.0,51.125,12.233333333333334,8.970833333333333,49.75000000000001,32.09166666666666,-1.0,53.0,67.0,69.0
2026-07-13 09:00:00,28.5,31,1012.8,3.1,97,0.0,14.3,66.6,96.0,0.0,0.4,78.0,50,Umerkot,2026-07-23 16:34:56.886994+00:00,9,0,7,51.0,51.0,51.0,50.833333333333336,50.916666666666664,51.083333333333336,12.65,8.891666666666666,54.716666666666676,32.025,-1.0,54.0,69.0,67.0
2026-07-13 10:00:00,31.1,27,1012.7,4.3,88,0.0,14.2,64.5,97.0,0.0,0.4,82.0,49,Umerkot,2026-07-23 16:34:56.886994+00:00,10,0,7,51.0,51.0,51.0,50.5,50.75,51.0,13.066666666666668,8.895833333333334,58.966666666666676,32.34166666666666,-2.0,55.0,70.0,64.0
2026-07-13 11:00:00,33.1,22,1012.7,7.4,34,0.0,12.5,53.8,97.0,0.0,0.3,84.0,49,Umerkot,2026-07-23 16:34:56.886994+00:00,11,0,7,52.0,51.0,52.0,50.0,50.583333333333336,50.875,13.233333333333334,8.9,61.20000000000001,32.59583333333333,-3.0,56.0,71.0,63.0
2026-07-13 12:00:00,34.7,19,1012.5,10.8,357,0.0,4.3,19.2,97.0,0.0,0.3,85.0,49,Umerkot,2026-07-23 16:34:56.886994+00:00,12,0,7,51.0,51.0,52.0,49.666666666666664,50.416666666666664,50.75,11.950000000000001,8.879166666666666,56.050000000000004,32.6875,-3.0,57.0,72.0,61.0
2026-07-13 13:00:00,35.9,17,1012.0,14.8,339,0.0,3.3,15.7,97.0,0.0,0.3,87.0,49,Umerkot,2026-07-23 16:34:56.886994+00:00,13,0,7,51.0,51.0,52.0,49.333333333333336,50.25,50.625,10.333333333333334,8.85,47.65000000000001,32.737500000000004,-3.0,58.0,72.0,60.0
2026-07-13 14:00:00,36.7,15,1011.2,17.5,334,0.0,3.0,15.7,96.0,0.1,0.2,89.0,49,Umerkot,2026-07-23 16:34:56.886994+00:00,14,0,7,50.0,51.0,51.0,49.166666666666664,50.083333333333336,50.541666666666664,8.6,8.825000000000001,39.25000000000001,32.84583333333333,-2.0,60.0,72.0,59.0
2026-07-13 15:00:00,37.1,15,1010.6,20.5,342,0.0,3.4,20.0,96.0,0.1,0.2,90.0,49,Umerkot,2026-07-23 16:34:56.886994+00:00,15,0,7,50.0,51.0,51.0,49.0,49.916666666666664,50.458333333333336,6.783333333333332,8.820833333333335,31.483333333333345,33.141666666666666,-2.0,61.0,73.0,59.0
2026-07-13 16:00:00,37.2,14,1010.1,23.0,343,0.0,4.5,27.2,97.0,0.1,0.2,90.0,49,Umerkot,2026-07-23 16:34:56.886994+00:00,16,0,7,49.0,51.0,51.0,49.0,49.75,50.375,5.166666666666667,8.85,25.266666666666676,33.71666666666667,-2.0,62.0,73.0,58.0
2026-07-13 17:00:00,37.0,14,1009.9,21.4,348,0.0,6.1,35.4,97.0,0.1,0.2,88.0,49,Umerkot,2026-07-23 16:34:56.886994+00:00,17,0,7,49.0,52.0,51.0,49.0,49.5,50.291666666666664,4.1000000000000005,8.924999999999999,22.200000000000006,34.5875,-2.0,63.0,73.0,58.0
2026-07-13 18:00:00,36.6,15,1009.6,20.7,353,0.0,7.8,37.3,98.0,0.1,0.2,86.0,50,Umerkot,2026-07-23 16:34:56.886994+00:00,18,0,7,49.0,51.0,51.0,49.166666666666664,49.416666666666664,50.25,4.683333333333334,9.045833333333334,25.216666666666672,35.541666666666664,-1.0,64.0,74.0,59.0
2026-07-13 19:00:00,35.8,16,1009.8,21.7,355,0.0,9.3,35.4,98.0,0.1,0.2,82.0,50,Umerkot,2026-07-23 16:34:56.886994+00:00,19,0,7,49.0,51.0,51.0,49.333333333333336,49.333333333333336,50.208333333333336,5.683333333333334,9.2,28.50000000000001,36.40833333333333,-1.0,65.0,74.0,59.0
2026-07-13 20:00:00,34.8,17,1010.1,21.7,4,0.0,10.9,35.2,98.0,0.0,0.3,77.0,50,Umerkot,2026-07-23 16:34:56.886994+00:00,20,0,7,49.0,50.0,51.0,49.5,49.333333333333336,50.166666666666664,7.0,9.383333333333333,31.75000000000001,37.199999999999996,-1.0,65.0,75.0,60.0
2026-07-13 21:00:00,33.8,19,1010.3,19.9,13,0.0,12.3,35.6,98.0,0.0,0.3,73.0,51,Umerkot,2026-07-23 16:34:56.886994+00:00,21,0,7,49.0,50.0,51.0,49.833333333333336,49.416666666666664,50.166666666666664,8.483333333333334,9.591666666666667,34.35000000000001,37.90833333333333,0.0,66.0,75.0,61.0
2026-07-13 22:00:00,32.7,21,1011.0,18.6,12,0.0,13.0,33.6,97.0,0.0,0.3,70.0,51,Umerkot,2026-07-23 16:34:56.886994+00:00,22,0,7,49.0,49.0,51.0,50.166666666666664,49.583333333333336,50.166666666666664,9.9,9.795833333333334,35.41666666666668,38.40416666666667,0.0,66.0,75.0,61.0
2026-07-13 23:00:00,31.5,23,1011.4,18.1,11,0.0,13.0,29.6,96.0,0.0,0.3,68.0,52,Umerkot,2026-07-23 16:34:56.886994+00:00,23,0,7,49.0,49.0,51.0,50.666666666666664,49.833333333333336,50.208333333333336,11.049999999999999,9.9625,34.45000000000001,38.56666666666667,1.0,66.0,74.0,61.0
2026-07-14 00:00:00,30.4,24,1011.5,18.6,10,0.0,12.0,22.2,95.0,0.0,0.3,70.0,52,Umerkot,2026-07-23 16:34:56.886994+00:00,0,1,7,50.0,49.0,51.0,51.0,50.083333333333336,50.25,11.75,10.020833333333334,31.933333333333348,38.166666666666664,1.0,66.0,74.0,61.0
2026-07-14 01:00:00,29.2,23,1011.5,17.6,13,0.0,11.3,20.1,95.0,0.0,0.3,70.0,52,Umerkot,2026-07-23 16:34:56.886994+00:00,1,1,7,50.0,49.0,51.0,51.333333333333336,50.333333333333336,50.291666666666664,12.083333333333334,10.016666666666667,29.383333333333344,37.5625,1.0,66.0,74.0,61.0
2026-07-14 02:00:00,27.9,22,1011.4,14.6,9,0.0,11.2,20.7,95.0,0.0,0.4,69.0,52,Umerkot,2026-07-23 16:34:56.886994+00:00,2,1,7,50.0,49.0,51.0,51.666666666666664,50.583333333333336,50.333333333333336,12.133333333333333,9.991666666666667,26.96666666666668,36.92916666666667,1.0,67.0,73.0,61.0
2026-07-14 03:00:00,26.9,22,1011.5,13.5,8,0.0,11.7,23.9,95.0,0.0,0.4,70.0,52,Umerkot,2026-07-23 16:34:56.886994+00:00,3,1,7,51.0,49.0,51.0,51.833333333333336,50.833333333333336,50.375,12.033333333333333,9.987499999999999,25.016666666666676,36.391666666666666,1.0,67.0,73.0,60.0
2026-07-14 04:00:00,25.8,26,1011.2,11.6,4,0.0,12.7,30.5,95.0,0.0,0.4,72.0,52,Umerkot,2026-07-23 16:34:56.886994+00:00,4,1,7,51.0,49.0,51.0,52.0,51.083333333333336,50.416666666666664,11.983333333333333,10.029166666666667,24.50000000000001,36.0375,1.0,67.0,72.0,60.0
2026-07-14 05:00:00,24.6,31,1011.1,9.5,358,0.0,13.8,38.2,95.0,0.1,0.5,75.0,52,Umerkot,2026-07-23 16:34:56.886994+00:00,5,1,7,52.0,49.0,52.0,52.0,51.333333333333336,50.416666666666664,12.116666666666667,10.125,25.933333333333348,35.94583333333333,0.0,67.0,72.0,60.0
2026-07-14 06:00:00,23.8,35,1011.2,6.9,351,0.0,15.5,53.1,95.0,0.1,0.5,79.0,52,Umerkot,2026-07-23 16:34:56.886994+00:00,6,1,7,52.0,50.0,51.0,52.0,51.5,50.458333333333336,12.700000000000001,10.270833333333334,31.083333333333343,36.07083333333333,1.0,67.0,72.0,60.0
2026-07-14 07:00:00,23.6,36,1011.6,4.2,329,0.0,23.3,109.7,95.0,0.1,0.5,86.0,52,Umerkot,2026-07-23 16:34:56.886994+00:00,7,1,7,52.0,50.0,51.0,52.0,51.666666666666664,50.5,14.700000000000001,10.700000000000001,46.01666666666667,37.887499999999996,1.0,67.0,71.0,60.0
2026-07-14 08:00:00,25.6,32,1012.0,4.2,306,0.0,28.3,138.3,96.0,0.1,0.5,94.0,53,Umerkot,2026-07-23 16:34:56.886994+00:00,8,1,7,52.0,50.0,50.0,52.166666666666664,51.916666666666664,50.625,17.55,11.320833333333333,65.61666666666667,40.895833333333336,3.0,67.0,69.0,60.0
2026-07-14 09:00:00,28.6,29,1012.2,10.1,333,0.0,26.6,128.5,96.0,0.1,0.5,100.0,54,Umerkot,2026-07-23 16:34:56.886994+00:00,9,1,7,52.0,51.0,50.0,52.5,52.166666666666664,50.791666666666664,20.033333333333335,11.833333333333334,83.05000000000001,43.475,4.0,69.0,67.0,59.0
2026-07-14 10:00:00,31.1,26,1012.3,14.0,344,0.0,25.3,122.5,96.0,0.1,0.5,102.0,55,Umerkot,2026-07-23 16:34:56.886994+00:00,10,1,7,52.0,51.0,49.0,53.0,52.5,51.041666666666664,22.133333333333336,12.295833333333334,98.38333333333334,45.89166666666667,6.0,70.0,64.0,59.0
2026-07-14 11:00:00,32.8,22,1012.4,18.6,3,0.0,23.9,115.5,95.0,0.1,0.4,101.0,56,Umerkot,2026-07-23 16:34:56.886994+00:00,11,1,7,52.0,52.0,49.0,53.666666666666664,52.833333333333336,51.333333333333336,23.816666666666666,12.770833333333334,111.26666666666667,48.462500000000006,7.0,71.0,63.0,59.0
2026-07-14 12:00:00,34.0,19,1012.5,19.3,9,0.0,20.6,94.1,95.0,0.1,0.4,101.0,57,Umerkot,2026-07-23 16:34:56.886994+00:00,12,1,7,52.0,52.0,49.0,54.5,53.25,51.666666666666664,24.666666666666668,13.450000000000001,118.10000000000001,51.583333333333336,8.0,72.0,61.0,59.0
2026-07-14 13:00:00,34.9,18,1012.3,20.4,9,0.0,19.2,79.4,95.0,0.1,0.4,102.0,58,Umerkot,2026-07-23 16:34:56.886994+00:00,13,1,7,52.0,52.0,49.0,55.5,53.75,52.041666666666664,23.983333333333334,14.112499999999999,113.05000000000001,54.237500000000004,9.0,72.0,60.0,59.0
2026-07-14 14:00:00,35.7,16,1011.7,22.0,8,0.0,18.2,64.0,94.0,0.1,0.3,104.0,60,Umerkot,2026-07-23 16:34:56.886994+00:00,14,1,7,53.0,52.0,49.0,56.666666666666664,54.416666666666664,52.5,22.3,14.745833333333335,100.66666666666667,56.25,11.0,72.0,59.0,59.0
2026-07-14 15:00:00,36.0,16,1011.3,23.8,10,0.0,17.6,51.2,94.0,0.1,0.3,105.0,61,Umerkot,2026-07-23 16:34:56.886994+00:00,15,1,7,54.0,52.0,49.0,57.833333333333336,55.166666666666664,53.0,20.8,15.3375,87.78333333333335,57.54999999999999,12.0,73.0,59.0,60.0
2026-07-14 16:00:00,36.4,14,1010.9,24.3,10,0.0,17.5,42.0,94.0,0.1,0.3,104.0,62,Umerkot,2026-07-23 16:34:56.886994+00:00,16,1,7,55.0,52.0,49.0,59.0,56.0,53.541666666666664,19.5,15.879166666666668,74.36666666666667,58.166666666666664,13.0,73.0,58.0,60.0
2026-07-14 17:00:00,36.3,12,1010.6,25.3,13,0.0,17.0,35.2,95.0,0.1,0.3,102.0,63,Umerkot,2026-07-23 16:34:56.886994+00:00,17,1,7,56.0,52.0,49.0,60.166666666666664,56.916666666666664,54.125,18.349999999999998,16.333333333333332,60.98333333333334,58.15833333333333,14.0,73.0,58.0,60.0
2026-07-14 18:00:00,35.6,12,1010.2,25.4,15,0.0,17.3,30.2,95.0,0.1,0.3,99.0,64,Umerkot,2026-07-23 16:34:56.886994+00:00,18,1,7,57.0,52.0,50.0,61.333333333333336,57.916666666666664,54.708333333333336,17.8,16.729166666666668,50.33333333333334,57.862500000000004,14.0,74.0,59.0,60.0
2026-07-14 19:00:00,34.8,13,1010.5,24.4,17,0.0,17.2,26.1,95.0,0.1,0.3,93.0,65,Umerkot,2026-07-23 16:34:56.886994+00:00,19,1,7,58.0,52.0,50.0,62.5,59.0,55.333333333333336,17.466666666666665,17.058333333333334,41.45000000000001,57.474999999999994,15.0,74.0,59.0,59.0
2026-07-14 20:00:00,33.7,15,1010.9,22.8,16,0.0,16.6,23.9,95.0,0.1,0.3,85.0,65,Umerkot,2026-07-23 16:34:56.886994+00:00,20,1,7,60.0,53.0,50.0,63.333333333333336,60.0,55.958333333333336,17.2,17.29583333333333,34.76666666666667,57.00416666666666,15.0,75.0,60.0,57.0
2026-07-14 21:00:00,32.6,17,1011.3,19.0,22,0.0,16.0,23.1,95.0,0.1,0.3,78.0,66,Umerkot,2026-07-23 16:34:56.886994+00:00,21,1,7,61.0,54.0,51.0,64.16666666666667,61.0,56.583333333333336,16.933333333333334,17.45,30.083333333333343,56.48333333333333,15.0,75.0,61.0,56.0
2026-07-14 22:00:00,31.4,20,1012.1,14.4,26,0.0,15.4,22.7,94.0,0.1,0.3,74.0,66,Umerkot,2026-07-23 16:34:56.886994+00:00,22,1,7,62.0,55.0,51.0,64.83333333333333,61.916666666666664,57.208333333333336,16.583333333333332,17.55,26.866666666666674,56.02916666666667,15.0,75.0,61.0,55.0
2026-07-14 23:00:00,30.2,22,1012.8,11.0,30,0.0,14.8,22.8,94.0,0.1,0.4,71.0,66,Umerkot,2026-07-23 16:34:56.886994+00:00,23,1,7,63.0,56.0,52.0,65.33333333333333,62.75,57.791666666666664,16.216666666666665,17.625,24.80000000000001,55.74583333333333,14.0,74.0,61.0,54.0
2026-07-15 00:00:00,29.0,25,1012.8,10.2,31,0.0,13.8,22.2,93.0,0.1,0.4,70.0,66,Umerkot,2026-07-23 16:34:56.886994+00:00,0,2,7,64.0,57.0,52.0,65.66666666666667,63.5,58.375,15.633333333333335,17.7,23.46666666666668,55.74583333333333,14.0,74.0,61.0,54.0
2026-07-15 01:00:00,28.0,27,1012.8,9.9,29,0.0,13.4,22.9,92.0,0.1,0.4,71.0,66,Umerkot,2026-07-23 16:34:56.886994+00:00,1,2,7,65.0,58.0,52.0,65.83333333333333,64.16666666666667,58.958333333333336,15.0,17.7875,22.93333333333334,55.862500000000004,14.0,74.0,61.0,54.0
2026-07-15 02:00:00,27.2,29,1012.5,9.9,29,0.0,13.2,23.6,92.0,0.0,0.4,72.0,67,Umerkot,2026-07-23 16:34:56.886994+00:00,2,2,7,65.0,60.0,52.0,66.16666666666667,64.75,59.583333333333336,14.433333333333335,17.870833333333334,22.883333333333344,55.98333333333333,15.0,73.0,61.0,54.0
2026-07-15 03:00:00,26.6,32,1012.1,9.0,30,0.0,13.2,23.6,92.0,0.0,0.4,72.0,67,Umerkot,2026-07-23 16:34:56.886994+00:00,3,2,7,66.0,61.0,52.0,66.33333333333333,65.25,60.208333333333336,13.966666666666667,17.933333333333334,22.96666666666668,55.97083333333334,15.0,73.0,60.0,54.0
2026-07-15 04:00:00,25.8,35,1011.7,7.3,16,0.0,12.9,21.8,92.0,0.0,0.4,70.0,67,Umerkot,2026-07-23 16:34:56.886994+00:00,4,2,7,66.0,62.0,52.0,66.5,65.66666666666667,60.833333333333336,13.549999999999999,17.941666666666666,22.816666666666677,55.60833333333334,15.0,72.0,60.0,54.0
2026-07-15 05:00:00,25.3,36,1011.7,5.4,6,0.0,12.5,21.2,93.0,0.1,0.4,66.0,67,Umerkot,2026-07-23 16:34:56.886994+00:00,5,2,7,66.0,63.0,52.0,66.66666666666667,66.0,61.458333333333336,13.166666666666666,17.8875,22.55000000000001,54.900000000000006,15.0,72.0,60.0,54.0
2026-07-15 06:00:00,24.6,37,1011.8,6.6,9,0.0,14.9,41.3,94.0,0.1,0.4,67.0,67,Umerkot,2026-07-23 16:34:56.886994+00:00,6,2,7,66.0,64.0,52.0,66.83333333333333,66.25,62.083333333333336,13.35,17.8625,25.733333333333345,54.40833333333333,15.0,72.0,60.0,55.0
2026-07-15 07:00:00,23.9,39,1012.3,9.9,12,0.0,32.5,165.3,95.0,0.1,0.4,75.0,67,Umerkot,2026-07-23 16:34:56.886994+00:00,7,2,7,66.0,65.0,52.0,67.0,66.41666666666667,62.708333333333336,16.533333333333335,18.245833333333334,49.466666666666676,56.725,15.0,71.0,60.0,55.0
2026-07-15 08:00:00,25.8,36,1012.7,6.7,5,0.0,47.6,282.2,96.0,0.1,0.5,87.0,67,Umerkot,2026-07-23 16:34:56.886994+00:00,8,2,7,67.0,65.0,53.0,67.0,66.58333333333333,63.291666666666664,22.266666666666666,19.05,92.56666666666668,62.72083333333333,14.0,69.0,60.0,55.0
2026-07-15 09:00:00,28.4,31,1013.3,3.7,29,0.0,42.8,247.7,96.0,0.1,0.5,96.0,69,Umerkot,2026-07-23 16:34:56.886994+00:00,9,2,7,67.0,66.0,54.0,67.33333333333333,66.83333333333333,63.916666666666664,27.2,19.724999999999998,129.91666666666666,67.6875,15.0,67.0,59.0,56.0
2026-07-15 10:00:00,30.8,27,1013.5,5.3,62,0.0,37.6,207.7,96.0,0.1,0.6,99.0,70,Umerkot,2026-07-23 16:34:56.886994+00:00,10,2,7,67.0,66.0,55.0,67.83333333333333,67.16666666666667,64.54166666666667,31.316666666666663,20.2375,160.9,71.2375,15.0,64.0,59.0,56.0
2026-07-15 11:00:00,32.7,24,1013.7,6.5,60,0.0,34.5,182.1,95.0,0.1,0.6,99.0,71,Umerkot,2026-07-23 16:34:56.886994+00:00,11,2,7,67.0,66.0,56.0,68.5,67.58333333333333,65.16666666666667,34.98333333333333,20.679166666666667,187.71666666666667,74.0125,15.0,63.0,59.0,57.0
2026-07-15 12:00:00,34.1,22,1013.5,7.2,32,0.0,22.8,128.1,95.0,0.1,0.7,98.0,72,Umerkot,2026-07-23 16:34:56.886994+00:00,12,2,7,67.0,66.0,57.0,69.33333333333333,68.08333333333333,65.79166666666667,36.300000000000004,20.770833333333332,202.1833333333333,75.42916666666666,15.0,61.0,59.0,58.0
2026-07-15 13:00:00,35.1,20,1013.2,10.1,1,0.0,21.8,119.7,95.0,0.1,0.7,98.0,72,Umerkot,2026-07-23 16:34:56.886994+00:00,13,2,7,67.0,66.0,58.0,70.16666666666667,68.58333333333333,66.375,34.51666666666667,20.879166666666666,194.58333333333334,77.10833333333333,14.0,60.0,59.0,58.0
2026-07-15 14:00:00,36.0,18,1012.7,13.3,359,0.0,21.6,114.6,95.0,0.1,0.7,98.0,72,Umerkot,2026-07-23 16:34:56.886994+00:00,14,2,7,67.0,67.0,60.0,71.0,69.0,66.875,30.183333333333334,21.020833333333332,166.65,79.21666666666665,12.0,59.0,59.0,58.0
2026-07-15 15:00:00,36.1,18,1012.1,16.4,8,0.0,22.1,114.1,95.0,0.1,0.7,97.0,73,Umerkot,2026-07-23 16:34:56.886994+00:00,15,2,7,69.0,67.0,61.0,71.66666666666667,69.5,67.375,26.733333333333334,21.208333333333332,144.38333333333335,81.8375,12.0,59.0,60.0,58.0
2026-07-15 16:00:00,36.4,17,1011.8,16.3,10,0.0,22.8,113.4,95.0,0.1,0.7,96.0,73,Umerkot,2026-07-23 16:34:56.886994+00:00,16,2,7,70.0,67.0,62.0,72.16666666666667,70.0,67.83333333333333,24.266666666666666,21.429166666666664,128.66666666666666,84.8125,11.0,58.0,60.0,58.0
2026-07-15 17:00:00,36.4,16,1011.5,15.6,11,0.0,23.2,110.4,95.0,0.1,0.6,94.0,73,Umerkot,2026-07-23 16:34:56.886994+00:00,17,2,7,71.0,67.0,63.0,72.5,70.5,68.25,22.383333333333336,21.6875,116.71666666666668,87.94583333333334,10.0,58.0,60.0,57.0
2026-07-15 18:00:00,35.9,17,1011.0,15.3,13,0.0,22.4,97.8,95.0,0.1,0.6,92.0,74,Umerkot,2026-07-23 16:34:56.886994+00:00,18,2,7,72.0,67.0,64.0,72.83333333333333,71.08333333333333,68.66666666666667,22.316666666666666,21.900000000000002,111.66666666666667,90.76249999999999,10.0,59.0,60.0,57.0
2026-07-15 19:00:00,35.3,17,1011.0,15.0,17,0.0,20.4,77.1,95.0,0.1,0.6,88.0,74,Umerkot,2026-07-23 16:34:56.886994+00:00,19,2,7,72.0,67.0,65.0,73.16666666666667,71.66666666666667,69.04166666666667,22.083333333333332,22.03333333333333,104.56666666666668,92.88749999999999,9.0,59.0,59.0,58.0
2026-07-15 20:00:00,34.5,18,1011.3,15.2,24,0.0,17.7,58.6,95.0,0.1,0.5,83.0,75,Umerkot,2026-07-23 16:34:56.886994+00:00,20,2,7,72.0,67.0,65.0,73.66666666666667,72.33333333333333,69.45833333333333,21.433333333333334,22.079166666666666,95.23333333333335,94.33333333333333,10.0,60.0,57.0,58.0
2026-07-15 21:00:00,33.8,19,1011.7,15.5,36,0.0,15.0,44.2,95.0,0.1,0.5,78.0,75,Umerkot,2026-07-23 16:34:56.886994+00:00,21,2,7,73.0,69.0,66.0,74.0,72.83333333333333,69.83333333333333,20.25,22.037499999999998,83.58333333333334,95.21249999999999,9.0,61.0,56.0,59.0
2026-07-15 22:00:00,32.7,20,1012.4,16.5,32,0.0,12.7,32.8,95.0,0.1,0.5,73.0,75,Umerkot,2026-07-23 16:34:56.886994+00:00,22,2,7,73.0,70.0,66.0,74.33333333333333,73.25,70.20833333333333,18.566666666666666,21.924999999999997,70.15,95.63333333333334,9.0,61.0,55.0,61.0
2026-07-15 23:00:00,31.6,23,1012.7,13.9,30,0.0,10.9,25.4,96.0,0.0,0.4,69.0,74,Umerkot,2026-07-23 16:34:56.886994+00:00,23,2,7,73.0,71.0,66.0,74.5,73.5,70.54166666666667,16.516666666666666,21.762500000000003,55.98333333333335,95.74166666666666,8.0,61.0,54.0,62.0
2026-07-16 00:00:00,30.8,24,1012.7,14.1,30,0.0,9.1,16.9,96.0,0.0,0.4,66.0,74,Umerkot,2026-07-23 16:34:56.886994+00:00,0,3,7,74.0,72.0,66.0,74.5,73.66666666666667,70.875,14.299999999999999,21.566666666666666,42.50000000000001,95.52083333333333,8.0,61.0,54.0,62.0
2026-07-16 01:00:00,29.7,26,1012.9,16.1,36,0.0,8.3,14.8,96.0,0.0,0.4,64.0,74,Umerkot,2026-07-23 16:34:56.886994+00:00,1,3,7,74.0,72.0,66.0,74.5,73.83333333333333,71.20833333333333,12.283333333333333,21.354166666666668,32.116666666666674,95.18333333333334,8.0,61.0,54.0,63.0
2026-07-16 02:00:00,28.6,28,1012.7,14.4,37,0.0,7.9,13.9,95.0,0.0,0.4,62.0,73,Umerkot,2026-07-23 16:34:56.886994+00:00,2,3,7,75.0,72.0,67.0,74.16666666666667,73.91666666666667,71.45833333333333,10.65,21.133333333333333,24.666666666666675,94.77916666666668,6.0,61.0,54.0,64.0
2026-07-16 03:00:00,27.8,30,1012.4,14.5,28,0.0,7.7,13.8,95.0,0.0,0.4,61.0,73,Umerkot,2026-07-23 16:34:56.886994+00:00,3,3,7,75.0,73.0,67.0,73.83333333333333,73.91666666666667,71.70833333333333,9.433333333333334,20.904166666666665,19.60000000000001,94.37083333333334,6.0,60.0,54.0,64.0
2026-07-16 04:00:00,26.7,32,1012.5,10.8,30,0.0,7.7,14.2,95.0,0.0,0.4,63.0,72,Umerkot,2026-07-23 16:34:56.886994+00:00,4,3,7,75.0,73.0,67.0,73.33333333333333,73.83333333333333,71.91666666666667,8.6,20.6875,16.50000000000001,94.05416666666667,5.0,60.0,54.0,65.0
2026-07-16 05:00:00,25.3,36,1012.4,6.7,46,0.0,7.6,14.0,95.0,0.1,0.4,66.0,72,Umerkot,2026-07-23 16:34:56.886994+00:00,5,3,7,74.0,73.0,67.0,73.0,73.75,72.125,8.05,20.483333333333334,14.600000000000009,93.75416666666668,5.0,60.0,54.0,66.0
2026-07-16 06:00:00,24.7,38,1012.5,3.5,99,0.0,7.8,15.1,95.0,0.1,0.4,71.0,72,Umerkot,2026-07-23 16:34:56.886994+00:00,6,3,7,74.0,74.0,67.0,72.66666666666667,73.58333333333333,72.33333333333333,7.833333333333333,20.1875,14.30000000000001,92.66250000000001,5.0,60.0,55.0,67.0
2026-07-16 07:00:00,24.3,39,1012.5,3.8,172,0.0,9.9,24.0,96.0,0.1,0.4,80.0,71,Umerkot,2026-07-23 16:34:56.886994+00:00,7,3,7,74.0,74.0,67.0,72.16666666666667,73.33333333333333,72.5,8.100000000000001,19.245833333333334,15.833333333333343,86.77499999999999,4.0,60.0,55.0,67.0
2026-07-16 08:00:00,26.1,34,1012.8,4.9,186,0.0,12.9,39.7,98.0,0.1,0.5,92.0,69,Umerkot,2026-07-23 16:34:56.886994+00:00,8,3,7,73.0,75.0,67.0,71.5,72.83333333333333,72.58333333333333,8.933333333333334,17.8,20.133333333333344,76.67083333333333,2.0,60.0,55.0,68.0
2026-07-16 09:00:00,29.0,28,1012.8,4.2,185,0.0,15.0,51.6,99.0,0.1,0.5,100.0,67,Umerkot,2026-07-23 16:34:56.886994+00:00,9,3,7,73.0,75.0,69.0,70.5,72.16666666666667,72.5,10.15,16.64166666666667,26.43333333333334,68.5,-2.0,59.0,56.0,67.0
2026-07-16 10:00:00,31.1,25,1013.0,2.2,114,0.0,15.8,56.2,99.0,0.1,0.5,102.0,64,Umerkot,2026-07-23 16:34:56.886994+00:00,10,3,7,72.0,75.0,70.0,69.16666666666667,71.25,72.25,11.5,15.733333333333334,33.433333333333344,62.1875,-6.0,59.0,56.0,67.0
2026-07-16 11:00:00,32.4,24,1013.1,3.4,6,0.0,15.8,54.8,99.0,0.0,0.5,101.0,63,Umerkot,2026-07-23 16:34:56.886994+00:00,11,3,7,72.0,74.0,71.0,67.66666666666667,70.33333333333333,71.91666666666667,12.866666666666667,14.954166666666666,40.23333333333334,56.88333333333333,-8.0,59.0,57.0,67.0
2026-07-16 12:00:00,33.6,22,1012.9,7.0,316,0.0,10.4,41.1,98.0,0.0,0.5,99.0,61,Umerkot,2026-07-23 16:34:56.886994+00:00,12,3,7,72.0,74.0,72.0,65.83333333333333,69.25,71.45833333333333,13.300000000000002,14.4375,44.566666666666684,53.25833333333333,-11.0,59.0,58.0,67.0
2026-07-16 13:00:00,35.0,20,1012.5,12.3,305,0.0,10.9,46.6,98.0,0.0,0.5,99.0,60,Umerkot,2026-07-23 16:34:56.886994+00:00,13,3,7,71.0,74.0,72.0,64.0,68.08333333333333,70.95833333333333,13.466666666666667,13.983333333333334,48.33333333333334,50.2125,-12.0,59.0,58.0,68.0
2026-07-16 14:00:00,35.9,19,1011.6,16.8,303,0.0,12.7,61.5,97.0,0.1,0.4,99.0,59,Umerkot,2026-07-23 16:34:56.886994+00:00,14,3,7,69.0,73.0,72.0,62.333333333333336,66.91666666666667,70.41666666666667,13.433333333333335,13.612499999999999,51.966666666666676,48.0,-13.0,59.0,58.0,68.0
2026-07-16 15:00:00,36.5,18,1011.0,18.1,302,0.0,16.4,89.9,97.0,0.1,0.4,98.0,59,Umerkot,2026-07-23 16:34:56.886994+00:00,15,3,7,67.0,73.0,73.0,61.0,65.75,69.83333333333333,13.666666666666666,13.375,58.35,46.99166666666667,-14.0,60.0,58.0,68.0
2026-07-16 16:00:00,37.1,17,1010.3,20.9,299,0.0,21.9,131.8,98.0,0.1,0.4,98.0,58,Umerkot,2026-07-23 16:34:56.886994+00:00,16,3,7,64.0,72.0,73.0,60.0,64.58333333333333,69.20833333333333,14.683333333333332,13.337499999999999,70.95,47.75833333333333,-15.0,60.0,58.0,69.0
2026-07-16 17:00:00,37.0,17,1009.9,24.2,294,0.0,28.0,175.6,99.0,0.1,0.4,97.0,58,Umerkot,2026-07-23 16:34:56.886994+00:00,17,3,7,63.0,72.0,73.0,59.166666666666664,63.416666666666664,68.58333333333333,16.716666666666665,13.5375,91.08333333333333,50.474999999999994,-15.0,60.0,57.0,69.0
2026-07-16 18:00:00,36.5,18,1009.6,22.1,288,0.0,31.7,191.4,99.0,0.1,0.4,95.0,59,Umerkot,2026-07-23 16:34:56.886994+00:00,18,3,7,61.0,72.0,74.0,58.833333333333336,62.333333333333336,67.95833333333333,20.26666666666667,13.924999999999999,116.13333333333334,54.375,-15.0,60.0,57.0,69.0
2026-07-16 19:00:00,36.0,18,1009.4,20.7,301,0.0,31.5,179.3,98.0,0.1,0.4,91.0,59,Umerkot,2026-07-23 16:34:56.886994+00:00,19,3,7,60.0,71.0,74.0,58.666666666666664,61.333333333333336,67.33333333333333,23.7,14.387499999999998,138.25000000000003,58.63333333333333,-15.0,59.0,58.0,68.0
2026-07-16 20:00:00,34.8,20,1009.6,24.9,319,0.0,27.2,142.5,97.0,0.1,0.4,86.0,60,Umerkot,2026-07-23 16:34:56.886994+00:00,20,3,7,59.0,69.0,75.0,58.833333333333336,60.583333333333336,66.70833333333333,26.11666666666667,14.783333333333331,151.75000000000003,62.12916666666666,-15.0,57.0,58.0,68.0
2026-07-16 21:00:00,33.8,22,1009.7,22.1,339,0.0,20.0,92.4,96.0,0.1,0.4,81.0,61,Umerkot,2026-07-23 16:34:56.886994+00:00,21,3,7,59.0,67.0,75.0,59.166666666666664,60.083333333333336,66.125,26.71666666666667,14.991666666666665,152.16666666666669,64.1375,-14.0,56.0,59.0,67.0
2026-07-16 22:00:00,32.6,23,1010.3,23.4,344,0.0,13.0,48.9,96.0,0.1,0.4,76.0,61,Umerkot,2026-07-23 16:34:56.886994+00:00,22,3,7,58.0,64.0,75.0,59.666666666666664,59.833333333333336,65.54166666666667,25.233333333333334,15.004166666666668,138.35,64.80833333333332,-14.0,55.0,61.0,66.0
2026-07-16 23:00:00,31.3,23,1010.9,23.2,344,0.0,8.2,21.8,95.0,0.0,0.3,72.0,61,Umerkot,2026-07-23 16:34:56.886994+00:00,23,3,7,58.0,63.0,74.0,60.166666666666664,59.666666666666664,65.0,21.933333333333334,14.891666666666667,112.71666666666668,64.65833333333335,-13.0,54.0,62.0,65.0
2026-07-17 00:00:00,29.9,25,1011.3,21.1,349,0.0,5.8,12.2,95.0,0.0,0.3,67.0,61,Umerkot,2026-07-23 16:34:56.886994+00:00,0,4,7,59.0,61.0,74.0,60.5,59.666666666666664,64.45833333333333,17.616666666666664,14.754166666666665,82.85000000000001,64.46249999999999,-13.0,54.0,62.0,64.0
2026-07-17 01:00:00,28.7,27,1011.6,17.0,350,0.0,5.2,8.8,94.0,0.0,0.3,65.0,61,Umerkot,2026-07-23 16:34:56.886994+00:00,1,4,7,59.0,60.0,74.0,60.833333333333336,59.75,63.916666666666664,13.233333333333333,14.625,54.433333333333344,64.2125,-13.0,54.0,63.0,64.0
2026-07-17 02:00:00,27.6,28,1011.4,14.7,354,0.0,5.1,8.0,93.0,0.0,0.3,63.0,61,Umerkot,2026-07-23 16:34:56.886994+00:00,2,4,7,60.0,59.0,73.0,61.0,59.916666666666664,63.416666666666664,9.549999999999999,14.508333333333333,32.01666666666667,63.96666666666667,-12.0,54.0,64.0,64.0
2026-07-17 03:00:00,26.4,29,1011.1,12.8,354,0.0,5.2,8.1,92.0,0.0,0.3,63.0,60,Umerkot,2026-07-23 16:34:56.886994+00:00,3,4,7,61.0,59.0,73.0,60.833333333333336,60.0,62.875,7.083333333333333,14.404166666666667,17.966666666666676,63.729166666666664,-13.0,54.0,64.0,63.0
2026-07-17 04:00:00,25.1,31,1010.9,9.9,351,0.0,5.3,8.1,92.0,0.0,0.3,65.0,60,Umerkot,2026-07-23 16:34:56.886994+00:00,4,4,7,61.0,58.0,72.0,60.666666666666664,60.166666666666664,62.375,5.8,14.304166666666667,11.166666666666677,63.474999999999994,-12.0,54.0,65.0,63.0
2026-07-17 05:00:00,23.9,34,1010.7,6.6,331,0.0,5.3,8.1,92.0,0.1,0.3,68.0,60,Umerkot,2026-07-23 16:34:56.886994+00:00,5,4,7,61.0,58.0,72.0,60.5,60.333333333333336,61.875,5.316666666666666,14.208333333333334,8.883333333333344,63.229166666666664,-12.0,54.0,66.0,62.0
2026-07-17 06:00:00,23.3,35,1010.3,5.2,284,0.0,5.5,8.3,93.0,0.1,0.3,73.0,60,Umerkot,2026-07-23 16:34:56.886994+00:00,6,4,7,61.0,59.0,72.0,60.333333333333336,60.416666666666664,61.375,5.266666666666667,14.112499999999999,8.233333333333343,62.94583333333333,-12.0,55.0,67.0,62.0
2026-07-17 07:00:00,22.7,36,1010.5,7.6,245,0.0,8.5,22.5,95.0,0.1,0.3,82.0,60,Umerkot,2026-07-23 16:34:56.886994+00:00,7,4,7,61.0,59.0,71.0,60.166666666666664,60.5,60.916666666666664,5.816666666666666,14.054166666666667,10.516666666666675,62.88333333333333,-11.0,55.0,67.0,61.0
2026-07-17 08:00:00,24.8,31,1010.6,7.1,234,0.0,11.3,48.5,96.0,0.0,0.4,92.0,60,Umerkot,2026-07-23 16:34:56.886994+00:00,8,4,7,61.0,60.0,69.0,60.0,60.5,60.541666666666664,6.849999999999999,13.987499999999999,17.266666666666676,63.25,-9.0,55.0,68.0,60.0
2026-07-17 09:00:00,28.2,26,1010.9,8.3,265,0.0,12.0,64.0,98.0,0.0,0.4,99.0,59,Umerkot,2026-07-23 16:34:56.886994+00:00,9,4,7,60.0,61.0,67.0,59.833333333333336,60.333333333333336,60.208333333333336,7.983333333333334,13.862499999999999,26.583333333333343,63.76666666666667,-8.0,56.0,67.0,60.0
2026-07-17 10:00:00,30.7,25,1010.8,12.1,295,0.0,11.7,67.1,99.0,0.0,0.4,100.0,59,Umerkot,2026-07-23 16:34:56.886994+00:00,10,4,7,60.0,61.0,64.0,59.666666666666664,60.166666666666664,60.0,9.049999999999999,13.691666666666665,36.41666666666668,64.22083333333333,-5.0,56.0,67.0,59.0
2026-07-17 11:00:00,32.2,24,1010.6,12.5,310,0.0,11.6,69.4,99.0,0.0,0.4,97.0,59,Umerkot,2026-07-23 16:34:56.886994+00:00,11,4,7,60.0,61.0,63.0,59.5,60.0,59.833333333333336,10.1,13.516666666666667,46.63333333333335,64.82916666666667,-4.0,57.0,67.0,59.0
2026-07-17 12:00:00,33.5,23,1010.3,13.6,309,0.0,14.6,88.5,99.0,0.0,0.4,94.0,59,Umerkot,2026-07-23 16:34:56.886994+00:00,12,4,7,60.0,61.0,61.0,59.333333333333336,59.833333333333336,59.75,11.616666666666667,13.691666666666665,60.00000000000001,66.80416666666666,-2.0,58.0,67.0,58.0
2026-07-17 13:00:00,34.9,21,1009.6,16.8,302,0.0,16.1,100.1,98.0,0.0,0.4,94.0,59,Umerkot,2026-07-23 16:34:56.886994+00:00,13,4,7,60.0,61.0,60.0,59.166666666666664,59.666666666666664,59.708333333333336,12.883333333333333,13.908333333333333,72.93333333333334,69.03333333333333,-1.0,58.0,68.0,58.0
2026-07-17 14:00:00,36.0,19,1008.7,20.1,301,0.0,18.2,116.2,98.0,0.1,0.4,94.0,59,Umerkot,2026-07-23 16:34:56.886994+00:00,14,4,7,60.0,61.0,59.0,59.0,59.5,59.708333333333336,14.033333333333333,14.137500000000001,84.21666666666668,71.3125,0.0,58.0,68.0,57.0
2026-07-17 15:00:00,36.7,18,1008.0,22.1,302,0.0,20.6,133.6,97.0,0.1,0.4,94.0,60,Umerkot,2026-07-23 16:34:56.886994+00:00,15,4,7,59.0,60.0,59.0,59.166666666666664,59.5,59.75,15.466666666666669,14.3125,95.81666666666668,73.13333333333333,1.0,58.0,68.0,56.0
2026-07-17 16:00:00,37.1,16,1007.5,23.4,307,0.0,22.2,143.9,97.0,0.1,0.4,94.0,60,Umerkot,2026-07-23 16:34:56.886994+00:00,16,4,7,59.0,60.0,58.0,59.333333333333336,59.5,59.833333333333336,17.216666666666665,14.325000000000001,108.61666666666667,73.6375,2.0,58.0,69.0,56.0
2026-07-17 17:00:00,36.9,16,1007.2,25.3,315,0.0,22.1,138.8,97.0,0.1,0.4,94.0,60,Umerkot,2026-07-23 16:34:56.886994+00:00,17,4,7,59.0,60.0,58.0,59.5,59.5,59.916666666666664,18.96666666666667,14.079166666666666,120.18333333333334,72.10416666666667,2.0,57.0,69.0,55.0
2026-07-17 18:00:00,36.2,16,1006.9,24.6,324,0.0,19.3,109.9,97.0,0.1,0.4,93.0,60,Umerkot,2026-07-23 16:34:56.886994+00:00,18,4,7,59.0,60.0,59.0,59.666666666666664,59.5,59.958333333333336,19.75,13.5625,123.75,68.70833333333333,1.0,57.0,69.0,54.0
2026-07-17 19:00:00,35.2,19,1007.2,23.4,335,0.0,15.1,71.0,97.0,0.1,0.4,89.0,59,Umerkot,2026-07-23 16:34:56.886994+00:00,19,4,7,59.0,60.0,59.0,59.666666666666664,59.416666666666664,59.958333333333336,19.583333333333332,12.879166666666668,118.90000000000002,64.19583333333334,0.0,58.0,68.0,54.0
2026-07-17 20:00:00,33.9,21,1007.5,22.6,349,0.0,10.7,38.0,96.0,0.1,0.4,84.0,57,Umerkot,2026-07-23 16:34:56.886994+00:00,20,4,7,59.0,60.0,60.0,59.333333333333336,59.166666666666664,59.833333333333336,18.333333333333332,12.191666666666665,105.86666666666667,59.84166666666667,-3.0,58.0,68.0,53.0
2026-07-17 21:00:00,32.9,22,1008.1,21.1,359,0.0,7.0,15.0,96.0,0.1,0.4,79.0,56,Umerkot,2026-07-23 16:34:56.886994+00:00,21,4,7,60.0,59.0,61.0,58.666666666666664,58.916666666666664,59.625,16.066666666666666,11.65,86.10000000000002,56.61666666666667,-5.0,59.0,67.0,53.0
2026-07-17 22:00:00,32.0,22,1008.8,18.9,357,0.0,5.1,6.4,95.0,0.1,0.4,74.0,55,Umerkot,2026-07-23 16:34:56.886994+00:00,22,4,7,60.0,59.0,61.0,57.833333333333336,58.583333333333336,59.375,13.216666666666669,11.320833333333335,63.183333333333344,54.84583333333334,-6.0,61.0,66.0,53.0
2026-07-17 23:00:00,30.8,22,1009.4,17.9,354,0.0,4.8,6.0,95.0,0.0,0.4,68.0,54,Umerkot,2026-07-23 16:34:56.886994+00:00,23,4,7,60.0,59.0,61.0,56.833333333333336,58.166666666666664,59.083333333333336,10.333333333333332,11.179166666666665,41.05000000000001,54.1875,-7.0,62.0,65.0,53.0
2026-07-18 00:00:00,29.6,23,1009.4,14.1,355,0.0,5.6,6.6,94.0,0.0,0.4,66.0,54,Umerkot,2026-07-23 16:34:56.886994+00:00,0,5,7,60.0,59.0,61.0,55.833333333333336,57.75,58.791666666666664,8.049999999999999,11.170833333333334,23.833333333333343,53.95416666666667,-7.0,62.0,64.0,53.0
2026-07-18 01:00:00,28.5,25,1009.5,12.2,352,0.0,5.9,7.0,93.0,0.0,0.4,67.0,54,Umerkot,2026-07-23 16:34:56.886994+00:00,1,5,7,59.0,59.0,61.0,55.0,57.333333333333336,58.5,6.516666666666666,11.199999999999998,13.166666666666677,53.87916666666666,-7.0,63.0,64.0,53.0
2026-07-18 02:00:00,27.4,28,1009.3,11.0,350,0.0,6.3,7.5,92.0,0.0,0.4,69.0,54,Umerkot,2026-07-23 16:34:56.886994+00:00,2,5,7,57.0,59.0,61.0,54.5,56.916666666666664,58.208333333333336,5.783333333333334,11.25,8.083333333333343,53.85833333333333,-7.0,64.0,64.0,52.0
2026-07-18 03:00:00,26.0,32,1009.1,7.4,334,0.0,6.5,7.7,92.0,0.0,0.4,70.0,54,Umerkot,2026-07-23 16:34:56.886994+00:00,3,5,7,56.0,60.0,60.0,54.166666666666664,56.416666666666664,57.958333333333336,5.7,11.304166666666667,6.866666666666677,53.84166666666667,-6.0,64.0,63.0,52.0
2026-07-18 04:00:00,25.3,34,1009.0,5.2,301,0.0,6.7,7.9,92.0,0.0,0.4,70.0,54,Umerkot,2026-07-23 16:34:56.886994+00:00,4,5,7,55.0,60.0,60.0,54.0,55.916666666666664,57.708333333333336,5.966666666666666,11.362499999999999,7.116666666666677,53.833333333333336,-6.0,65.0,63.0,52.0
2026-07-18 05:00:00,24.8,36,1008.7,7.0,230,0.0,6.7,7.9,93.0,0.1,0.4,70.0,54,Umerkot,2026-07-23 16:34:56.886994+00:00,5,5,7,54.0,60.0,60.0,54.0,55.416666666666664,57.458333333333336,6.283333333333334,11.420833333333334,7.433333333333343,53.824999999999996,-6.0,66.0,62.0,52.0
2026-07-18 06:00:00,24.2,37,1008.6,9.1,214,0.0,7.2,8.9,94.0,0.1,0.4,73.0,55,Umerkot,2026-07-23 16:34:56.886994+00:00,6,5,7,54.0,60.0,60.0,54.166666666666664,55.0,57.25,6.55,11.491666666666667,7.816666666666677,53.85,-5.0,67.0,62.0,52.0
2026-07-18 07:00:00,23.7,38,1008.8,9.5,226,0.0,12.6,28.7,95.0,0.1,0.4,81.0,55,Umerkot,2026-07-23 16:34:56.886994+00:00,7,5,7,54.0,59.0,60.0,54.333333333333336,54.666666666666664,57.041666666666664,7.666666666666667,11.6625,11.433333333333342,54.10833333333333,-5.0,67.0,61.0,53.0
2026-07-18 08:00:00,25.9,33,1009.2,6.8,233,0.0,20.2,81.3,97.0,0.0,0.5,91.0,55,Umerkot,2026-07-23 16:34:56.886994+00:00,8,5,7,54.0,57.0,60.0,54.5,54.5,56.833333333333336,9.983333333333334,12.033333333333333,23.733333333333345,55.475,-5.0,68.0,60.0,53.0
2026-07-18 09:00:00,29.7,26,1009.5,5.8,250,0.0,21.5,93.6,98.0,0.0,0.5,99.0,56,Umerkot,2026-07-23 16:34:56.886994+00:00,9,5,7,54.0,56.0,59.0,54.833333333333336,54.5,56.708333333333336,12.483333333333334,12.429166666666667,38.05000000000001,56.708333333333336,-3.0,67.0,60.0,53.0
2026-07-18 10:00:00,32.0,25,1009.6,7.9,287,0.0,21.2,93.8,98.0,0.0,0.5,101.0,56,Umerkot,2026-07-23 16:34:56.886994+00:00,10,5,7,54.0,55.0,59.0,55.166666666666664,54.583333333333336,56.583333333333336,14.9,12.825000000000001,52.366666666666674,57.82083333333333,-3.0,67.0,59.0,53.0
2026-07-18 11:00:00,33.2,25,1009.7,10.5,308,0.0,20.4,89.2,98.0,0.1,0.5,99.0,57,Umerkot,2026-07-23 16:34:56.886994+00:00,11,5,7,54.0,54.0,59.0,55.666666666666664,54.833333333333336,56.5,17.183333333333334,13.191666666666665,65.91666666666667,58.645833333333336,-2.0,67.0,59.0,53.0
2026-07-18 12:00:00,34.5,23,1009.8,12.3,310,0.0,16.8,80.6,98.0,0.1,0.5,96.0,58,Umerkot,2026-07-23 16:34:56.886994+00:00,12,5,7,55.0,54.0,59.0,56.166666666666664,55.166666666666664,56.458333333333336,18.78333333333333,13.283333333333333,77.86666666666667,58.31666666666666,-1.0,67.0,58.0,53.0
2026-07-18 13:00:00,35.6,22,1009.2,12.8,309,0.0,16.1,78.0,98.0,0.1,0.5,98.0,58,Umerkot,2026-07-23 16:34:56.886994+00:00,13,5,7,55.0,54.0,59.0,56.666666666666664,55.5,56.416666666666664,19.366666666666667,13.283333333333333,86.08333333333333,57.395833333333336,-1.0,68.0,58.0,52.0
2026-07-18 14:00:00,36.4,20,1008.8,12.9,307,0.0,16.1,80.6,97.0,0.1,0.4,100.0,58,Umerkot,2026-07-23 16:34:56.886994+00:00,14,5,7,55.0,54.0,59.0,57.166666666666664,55.833333333333336,56.375,18.683333333333334,13.195833333333333,85.96666666666668,55.9125,-1.0,68.0,57.0,52.0
2026-07-18 15:00:00,37.3,19,1008.1,14.1,304,0.0,17.3,89.4,97.0,0.1,0.4,101.0,58,Umerkot,2026-07-23 16:34:56.886994+00:00,15,5,7,56.0,54.0,60.0,57.5,56.166666666666664,56.291666666666664,17.983333333333334,13.058333333333332,85.26666666666667,54.07083333333333,-2.0,68.0,56.0,51.0
2026-07-18 16:00:00,37.9,18,1007.7,13.5,295,0.0,19.1,101.7,97.0,0.1,0.4,101.0,58,Umerkot,2026-07-23 16:34:56.886994+00:00,16,5,7,56.0,54.0,60.0,57.833333333333336,56.5,56.208333333333336,17.633333333333336,12.929166666666667,86.58333333333336,52.3125,-2.0,69.0,56.0,51.0
2026-07-18 17:00:00,38.0,16,1007.1,13.5,286,0.0,20.9,114.3,98.0,0.1,0.4,100.0,57,Umerkot,2026-07-23 16:34:56.886994+00:00,17,5,7,57.0,54.0,60.0,57.833333333333336,56.75,56.083333333333336,17.71666666666667,12.879166666666668,90.76666666666667,51.291666666666664,-3.0,69.0,55.0,50.0
2026-07-18 18:00:00,37.8,16,1006.5,12.2,294,0.0,23.0,127.1,98.0,0.1,0.4,98.0,57,Umerkot,2026-07-23 16:34:56.886994+00:00,18,5,7,58.0,55.0,60.0,57.666666666666664,56.916666666666664,55.958333333333336,18.75,13.033333333333333,98.51666666666667,52.00833333333333,-3.0,69.0,54.0,50.0
2026-07-18 19:00:00,37.4,15,1006.4,9.1,309,0.0,24.4,129.9,98.0,0.1,0.4,94.0,58,Umerkot,2026-07-23 16:34:56.886994+00:00,19,5,7,58.0,55.0,59.0,57.666666666666664,57.166666666666664,55.916666666666664,20.133333333333333,13.420833333333334,107.16666666666667,54.4625,-1.0,68.0,54.0,49.0
2026-07-18 20:00:00,36.2,19,1006.8,26.7,337,0.0,24.7,122.9,97.0,0.1,0.5,89.0,58,Umerkot,2026-07-23 16:34:56.886994+00:00,20,5,7,58.0,55.0,57.0,57.666666666666664,57.416666666666664,55.958333333333336,21.566666666666666,14.004166666666668,114.21666666666668,58.0,1.0,68.0,53.0,49.0
2026-07-18 21:00:00,35.6,20,1007.5,20.6,330,0.0,22.2,100.6,97.0,0.1,0.5,83.0,59,Umerkot,2026-07-23 16:34:56.886994+00:00,21,5,7,58.0,56.0,56.0,57.833333333333336,57.666666666666664,56.083333333333336,22.38333333333333,14.637500000000001,116.08333333333333,61.56666666666666,3.0,67.0,53.0,48.0
2026-07-18 22:00:00,35.2,21,1008.1,17.9,347,0.0,16.8,55.9,97.0,0.1,0.5,77.0,61,Umerkot,2026-07-23 16:34:56.886994+00:00,22,5,7,58.0,56.0,55.0,58.333333333333336,58.083333333333336,56.333333333333336,22.0,15.125,108.45,63.62916666666666,6.0,66.0,53.0,49.0
2026-07-18 23:00:00,34.0,23,1008.8,16.4,355,0.0,14.3,38.0,96.0,0.0,0.6,71.0,62,Umerkot,2026-07-23 16:34:56.886994+00:00,23,5,7,57.0,57.0,54.0,59.166666666666664,58.5,56.666666666666664,20.9,15.520833333333334,95.73333333333335,64.96249999999999,8.0,65.0,53.0,49.0
