time,temperature_2m,relative_humidity_2m,pressure_msl,wind_speed_10m,wind_direction_10m,precipitation,pm2_5,pm10,carbon_monoxide,nitrogen_dioxide,sulphur_dioxide,ozone,us_aqi,city,fetched_at
2026-04-22 00:00:00,19.9,27,1015.9,11.3,54,0.0,11.6,34.5,131.0,0.1,0.9,72.0,58,Umerkot,2026-07-23 16:34:56.886994+00:00
2026-04-22 01:00:00,18.5,29,1015.8,9.4,55,0.0,11.2,34.2,130.0,0.1,0.8,71.0,58,Umerkot,2026-07-23 16:34:56.886994+00:00
2026-04-22 02:00:00,17.5,29,1015.2,11.3,54,0.0,10.7,33.9,128.0,0.1,0.7,70.0,58,Umerkot,2026-07-23 16:34:56.886994+00:00
2026-04-22 03:00:00,16.8,31,1015.1,12.6,62,0.0,10.3,35.0,127.0,0.1,0.6,69.0,58,Umerkot,2026-07-23 16:34:56.886994+00:00
2026-04-22 04:00:00,15.8,32,1015.1,12.0,82,0.0,9.9,36.3,127.0,0.1,0.5,68.0,58,Umerkot,2026-07-23 16:34:56.886994+00:00
2026-04-22 05:00:00,14.9,33,1015.3,12.2,99,0.0,9.4,37.3,127.0,0.1,0.4,68.0,58,Umerkot,2026-07-23 16:34:56.886994+00:00
2026-04-22 06:00:00,14.0,34,1015.3,12.6,104,0.0,9.5,44.5,127.0,0.1,0.4,71.0,58,Umerkot,2026-07-23 16:34:56.886994+00:00
2026-04-22 07:00:00,13.2,35,1015.2,12.2,114,0.0,10.3,60.8,128.0,0.1,0.4,82.0,58,Umerkot,2026-07-23 16:34:56.886994+00:00
2026-04-22 08:00:00,14.4,32,1015.5,10.0,118,0.0,11.1,64.3,130.0,0.1,0.5,96.0,58,Umerkot,2026-07-23 16:34:56.886994+00:00
2026-04-22 09:00:00,17.5,25,1016.1,8.1,122,0.0,11.8,56.6,131.0,0.1,0.6,107.0,58,Umerkot,2026-07-23 16:34:56.886994+00:00
2026-04-22 10:00:00,20.5,19,1016.6,11.6,126,0.0,12.0,50.8,130.0,0.1,0.7,111.0,57,Umerkot,2026-07-23 16:34:56.886994+00:00
2026-04-22 11:00:00,22.9,15,1016.6,13.9,119,0.0,11.8,46.1,129.0,0.1,0.8,112.0,57,Umerkot,2026-07-23 16:34:56.886994+00:00
2026-04-22 12:00:00,24.2,15,1016.6,11.1,107,0.0,9.1,35.0,128.0,0.1,0.8,113.0,56,Umerkot,2026-07-23 16:34:56.886994+00:00
2026-04-22 13:00:00,25.3,14,1016.2,9.5,100,0.0,8.4,31.5,128.0,0.1,0.7,115.0,56,Umerkot,2026-07-23 16:34:56.886994+00:00
2026-04-22 14:00:00,26.2,13,1015.3,8.1,94,0.0,7.8,28.7,128.0,0.1,0.7,117.0,55,Umerkot,2026-07-23 16:34:56.886994+00:00
2026-04-22 15:00:00,26.3,11,1014.5,9.3,80,0.0,7.3,26.5,128.0,0.1,0.6,117.0,55,Umerkot,2026-07-23 16:34:56.886994+00:00
2026-04-22 16:00:00,26.9,10,1013.7,8.5,69,0.0,6.9,24.9,128.0,0.1,0.5,113.0,55,Umerkot,2026-07-23 16:34:56.886994+00:00
2026-04-22 17:00:00,27.0,10,1013.2,8.9,58,0.0,6.5,22.1,128.0,0.1,0.5,107.0,59,Umerkot,2026-07-23 16:34:56.886994+00:00
2026-04-22 18:00:00,26.8,10,1012.9,10.7,55,0.0,5.4,16.8,127.0,0.1,0.4,102.0,59,Umerkot,2026-07-23 16:34:56.886994+00:00
2026-04-22 19:00:00,26.1,10,1013.0,10.2,51,0.0,4.5,13.4,126.0,0.1,0.3,98.0,57,Umerkot,2026-07-23 16:34:56.886994+00:00
2026-04-22 20:00:00,25.2,11,1013.2,9.7,40,0.0,4.4,13.7,125.0,0.1,0.2,94.0,54,Umerkot,2026-07-23 16:34:56.886994+00:00
2026-04-22 21:00:00,23.7,13,1013.9,13.1,41,0.0,4.0,11.8,124.0,0.1,0.2,90.0,51,Umerkot,2026-07-23 16:34:56.886994+00:00
2026-04-22 22:00:00,22.5,14,1014.2,12.6,47,0.0,3.9,10.5,124.0,0.1,0.2,86.0,50,Umerkot,2026-07-23 16:34:56.886994+00:00
2026-04-22 23:00:00,21.2,15,1014.6,11.4,66,0.0,4.1,11.8,124.0,0.1,0.3,83.0,49,Umerkot,2026-07-23 16:34:56.886994+00:00
2026-04-23 00:00:00,20.0,16,1014.6,11.0,66,0.0,5.1,16.6,124.0,0.1,0.4,79.0,47,Umerkot,2026-07-23 16:34:56.886994+00:00
2026-04-23 01:00:00,18.9,17,1014.1,11.2,79,0.0,6.0,19.8,123.0,0.1,0.4,77.0,45,Umerkot,2026-07-23 16:34:56.886994+00:00
2026-04-23 02:00:00,17.6,18,1013.6,10.3,77,0.0,6.8,22.9,121.0,0.1,0.4,74.0,44,Umerkot,2026-07-23 16:34:56.886994+00:00
2026-04-23 03:00:00,17.0,18,1013.1,10.8,85,0.0,7.3,25.2,120.0,0.1,0.4,72.0,43,Umerkot,2026-07-23 16:34:56.886994+00:00
2026-04-23 04:00:00,15.6,20,1012.8,11.0,104,0.0,7.7,26.5,120.0,0.1,0.4,72.0,42,Umerkot,2026-07-23 16:34:56.886994+00:00
2026-04-23 05:00:00,14.7,21,1012.6,11.6,114,0.0,7.9,26.7,120.0,0.1,0.4,73.0,42,Umerkot,2026-07-23 16:34:56.886994+00:00
2026-04-23 06:00:00,13.9,23,1012.7,12.6,115,0.0,8.6,28.8,121.0,0.1,0.5,77.0,42,Umerkot,2026-07-23 16:34:56.886994+00:00
2026-04-23 07:00:00,13.1,26,1013.0,12.3,128,0.0,10.5,38.0,123.0,0.1,0.6,87.0,41,Umerkot,2026-07-23 16:34:56.886994+00:00
2026-04-23 08:00:00,14.7,23,1013.6,11.3,143,0.0,11.0,39.8,125.0,0.1,0.8,101.0,41,Umerkot,2026-07-23 16:34:56.886994+00:00
2026-04-23 09:00:00,18.8,18,1014.2,10.5,145,0.0,10.6,35.4,127.0,0.1,0.9,111.0,41,Umerkot,2026-07-23 16:34:56.886994+00:00
2026-04-23 10:00:00,22.5,15,1014.7,11.8,144,0.0,9.5,29.9,128.0,0.1,1.0,114.0,41,Umerkot,2026-07-23 16:34:56.886994+00:00
2026-04-23 11:00:00,24.9,14,1014.5,14.5,126,0.0,9.7,27.5,128.0,0.1,1.1,114.0,41,Umerkot,2026-07-23 16:34:56.886994+00:00
2026-04-23 12:00:00,26.3,12,1014.1,14.5,122,0.0,4.5,13.3,129.0,0.1,1.1,115.0,43,Umerkot,2026-07-23 16:34:56.886994+00:00
2026-04-23 13:00:00,27.5,11,1013.3,12.6,116,0.0,4.1,11.6,130.0,0.1,1.1,116.0,46,Umerkot,2026-07-23 16:34:56.886994+00:00
2026-04-23 14:00:00,28.3,10,1012.1,10.2,100,0.0,4.0,10.8,131.0,0.1,1.1,118.0,48,Umerkot,2026-07-23 16:34:56.886994+00:00
2026-04-23 15:00:00,28.5,10,1011.3,8.8,88,0.0,4.1,10.4,132.0,0.1,1.1,117.0,53,Umerkot,2026-07-23 16:34:56.886994+00:00
2026-04-23 16:00:00,28.9,9,1010.4,8.5,89,0.0,4.1,10.2,132.0,0.1,1.2,113.0,59,Umerkot,2026-07-23 16:34:56.886994+00:00
2026-04-23 17:00:00,29.1,8,1009.8,7.9,87,0.0,4.2,9.7,131.0,0.1,1.3,108.0,62,Umerkot,2026-07-23 16:34:56.886994+00:00
2026-04-23 18:00:00,28.8,8,1009.4,7.4,83,0.0,4.4,9.0,131.0,0.1,1.5,102.0,61,Umerkot,2026-07-23 16:34:56.886994+00:00
2026-04-23 19:00:00,28.3,8,1009.5,9.6,74,0.0,4.8,9.3,131.0,0.1,1.8,97.0,59,Umerkot,2026-07-23 16:34:56.886994+00:00
2026-04-23 20:00:00,26.8,9,1009.5,11.4,74,0.0,5.2,10.1,130.0,0.1,2.1,92.0,55,Umerkot,2026-07-23 16:34:56.886994+00:00
2026-04-23 21:00:00,25.4,11,1010.2,12.3,76,0.0,5.5,10.8,130.0,0.1,2.3,87.0,50,Umerkot,2026-07-23 16:34:56.886994+00:00
2026-04-23 22:00:00,24.1,12,1010.4,12.5,78,0.0,5.8,11.3,130.0,0.1,2.4,83.0,48,Umerkot,2026-07-23 16:34:56.886994+00:00
2026-04-23 23:00:00,22.8,13,1010.6,14.7,79,0.0,5.9,11.8,130.0,0.1,2.4,79.0,46,Umerkot,2026-07-23 16:34:56.886994+00:00
2026-04-24 00:00:00,21.7,14,1010.7,14.9,89,0.0,5.7,11.8,129.0,0.1,2.2,73.0,44,Umerkot,2026-07-23 16:34:56.886994+00:00
2026-04-24 01:00:00,20.5,15,1010.5,13.7,92,0.0,5.8,12.7,127.0,0.1,2.1,70.0,42,Umerkot,2026-07-23 16:34:56.886994+00:00
2026-04-24 02:00:00,19.3,17,1010.2,12.5,106,0.0,5.8,13.7,124.0,0.1,1.9,66.0,40,Umerkot,2026-07-23 16:34:56.886994+00:00
2026-04-24 03:00:00,18.5,18,1009.9,13.2,116,0.0,5.8,15.0,122.0,0.1,1.8,65.0,38,Umerkot,2026-07-23 16:34:56.886994+00:00
2026-04-24 04:00:00,17.3,20,1009.5,12.5,120,0.0,5.7,16.3,120.0,0.1,1.7,67.0,36,Umerkot,2026-07-23 16:34:56.886994+00:00
2026-04-24 05:00:00,16.5,22,1009.5,12.9,130,0.0,5.8,17.6,119.0,0.1,1.7,71.0,35,Umerkot,2026-07-23 16:34:56.886994+00:00
2026-04-24 06:00:00,16.0,23,1009.7,14.7,138,0.0,6.8,21.9,119.0,0.1,1.7,77.0,35,Umerkot,2026-07-23 16:34:56.886994+00:00
2026-04-24 07:00:00,15.6,24,1009.9,14.5,135,0.0,8.2,28.5,120.0,0.1,1.8,88.0,35,Umerkot,2026-07-23 16:34:56.886994+00:00
2026-04-24 08:00:00,17.4,21,1010.4,14.3,135,0.0,9.7,38.0,121.0,0.1,1.9,101.0,34,Umerkot,2026-07-23 16:34:56.886994+00:00
2026-04-24 09:00:00,20.8,17,1011.0,12.4,137,0.0,9.4,36.1,122.0,0.1,1.9,110.0,35,Umerkot,2026-07-23 16:34:56.886994+00:00
2026-04-24 10:00:00,23.9,14,1011.2,16.6,146,0.0,7.8,26.7,123.0,0.1,1.7,113.0,37,Umerkot,2026-07-23 16:34:56.886994+00:00
2026-04-24 11:00:00,27.2,11,1010.8,22.5,151,0.0,6.8,22.8,123.0,0.1,1.3,113.0,40,Umerkot,2026-07-23 16:34:56.886994+00:00
2026-04-24 12:00:00,29.2,9,1010.3,21.7,159,0.0,0.0,0.0,123.0,0.1,0.9,114.0,43,Umerkot,2026-07-23 16:34:56.886994+00:00
2026-04-24 13:00:00,30.4,8,1009.2,17.5,171,0.0,0.2,0.8,123.0,0.1,0.8,114.0,46,Umerkot,2026-07-23 16:34:56.886994+00:00
2026-04-24 14:00:00,31.3,7,1008.1,14.3,185,0.0,0.7,3.2,123.0,0.1,0.8,115.0,48,Umerkot,2026-07-23 16:34:56.886994+00:00
2026-04-24 15:00:00,31.2,6,1007.5,4.3,213,0.0,1.2,6.7,122.0,0.1,0.7,113.0,51,Umerkot,2026-07-23 16:34:56.886994+00:00
2026-04-24 16:00:00,32.2,5,1006.7,10.5,273,0.0,1.5,9.4,121.0,0.1,0.7,108.0,57,Umerkot,2026-07-23 16:34:56.886994+00:00
2026-04-24 17:00:00,32.1,5,1006.1,20.4,274,0.0,1.5,9.0,120.0,0.1,0.7,100.0,58,Umerkot,2026-07-23 16:34:56.886994+00:00
2026-04-24 18:00:00,31.4,5,1006.1,20.8,276,0.0,1.2,5.5,119.0,0.1,0.7,93.0,56,Umerkot,2026-07-23 16:34:56.886994+00:00
2026-04-24 19:00:00,30.6,6,1006.6,16.5,288,0.0,1.2,5.2,116.0,0.1,0.7,87.0,52,Umerkot,2026-07-23 16:34:56.886994+00:00
2026-04-24 20:00:00,28.8,7,1007.2,11.4,307,0.0,1.2,5.4,113.0,0.1,0.7,83.0,49,Umerkot,2026-07-23 16:34:56.886994+00:00
2026-04-24 21:00:00,27.0,9,1007.6,7.2,328,0.0,1.2,5.0,111.0,0.1,0.7,78.0,47,Umerkot,2026-07-23 16:34:56.886994+00:00
2026-04-24 22:00:00,26.3,10,1008.4,4.9,354,0.0,1.0,3.9,111.0,0.1,0.7,74.0,45,Umerkot,2026-07-23 16:34:56.886994+00:00
2026-04-24 23:00:00,25.4,11,1008.7,5.9,70,0.0,0.8,2.7,112.0,0.1,0.8,70.0,43,Umerkot,2026-07-23 16:34:56.886994+00:00
2026-04-25 00:00:00,23.3,11,1008.9,11.9,119,0.0,0.4,1.8,113.0,0.1,1.1,73.0,40,Umerkot,2026-07-23 16:34:56.886994+00:00
2026-04-25 01:00:00,21.7,13,1008.8,9.4,128,0.0,0.3,1.0,114.0,0.1,1.0,70.0,38,Umerkot,2026-07-23 16:34:56.886994+00:00
2026-04-25 02:00:00,21.1,15,1008.5,6.4,106,0.0,0.2,0.8,116.0,0.1,1.0,66.0,36,Umerkot,2026-07-23 16:34:56.886994+00:00
2026-04-25 03:00:00,20.0,15,1007.7,14.0,148,0.0,0.2,0.6,116.0,0.1,0.9,62.0,35,Umerkot,2026-07-23 16:34:56.886994+00:00
2026-04-25 04:00:00,19.1,16,1007.5,11.8,144,0.0,0.1,0.6,114.0,0.1,0.9,59.0,33,Umerkot,2026-07-23 16:34:56.886994+00:00
2026-04-25 05:00:00,18.5,17,1007.7,12.5,147,0.0,0.3,0.9,111.0,0.1,1.0,57.0,32,Umerkot,2026-07-23 16:34:56.886994+00:00
2026-04-25 06:00:00,17.7,17,1008.1,12.9,152,0.0,2.6,9.2,110.0,0.1,1.0,58.0,31,Umerkot,2026-07-23 16:34:56.886994+00:00
2026-04-25 07:00:00,16.8,19,1008.8,5.2,248,0.0,17.6,84.3,115.0,0.1,0.9,64.0,30,Umerkot,2026-07-23 16:34:56.886994+00:00
2026-04-25 08:00:00,17.2,20,1010.6,17.6,319,0.0,30.4,149.5,122.0,0.1,0.7,73.0,30,Umerkot,2026-07-23 16:34:56.886994+00:00
2026-04-25 09:00:00,18.8,40,1011.4,14.8,308,0.0,35.2,174.2,127.0,0.1,0.5,81.0,30,Umerkot,2026-07-23 16:34:56.886994+00:00
2026-04-25 10:00:00,21.2,48,1011.9,20.5,331,0.0,34.7,174.2,128.0,0.1,0.5,86.0,30,Umerkot,2026-07-23 16:34:56.886994+00:00
2026-04-25 11:00:00,23.5,40,1012.2,21.9,343,0.0,31.9,159.3,128.0,0.1,0.5,90.0,33,Umerkot,2026-07-23 16:34:56.886994+00:00
2026-04-25 12:00:00,25.2,35,1012.2,22.6,347,0.0,31.8,164.4,127.0,0.1,0.4,96.0,38,Umerkot,2026-07-23 16:34:56.886994+00:00
2026-04-25 13:00:00,26.8,31,1011.6,22.5,350,0.0,28.4,143.4,127.0,0.1,0.4,96.0,46,Umerkot,2026-07-23 16:34:56.886994+00:00
2026-04-25 14:00:00,28.0,29,1011.1,21.0,351,0.0,25.8,129.0,127.0,0.1,0.4,97.0,51,Umerkot,2026-07-23 16:34:56.886994+00:00
2026-04-25 15:00:00,28.1,29,1011.4,21.6,342,0.0,24.0,119.0,127.0,0.1,0.5,97.0,53,Umerkot,2026-07-23 16:34:56.886994+00:00
2026-04-25 16:00:00,28.5,28,1010.8,20.9,339,0.0,22.4,112.7,127.0,0.1,0.8,97.0,55,Umerkot,2026-07-23 16:34:56.886994+00:00
2026-04-25 17:00:00,28.1,27,1010.6,21.4,338,0.0,20.7,104.8,126.0,0.1,1.1,97.0,56,Umerkot,2026-07-23 16:34:56.886994+00:00
2026-04-25 18:00:00,27.5,26,1010.7,21.8,339,0.0,18.3,86.4,126.0,0.1,1.4,97.0,58,Umerkot,2026-07-23 16:34:56.886994+00:00
2026-04-25 19:00:00,26.4,26,1011.4,22.2,340,0.0,16.1,74.0,126.0,0.1,1.5,96.0,59,Umerkot,2026-07-23 16:34:56.886994+00:00
2026-04-25 20:00:00,25.1,27,1012.2,20.8,346,0.0,14.5,66.6,126.0,0.1,1.6,95.0,60,Umerkot,2026-07-23 16:34:56.886994+00:00
2026-04-25 21:00:00,23.9,28,1013.0,19.4,353,0.0,13.4,63.3,127.0,0.1,1.6,93.0,61,Umerkot,2026-07-23 16:34:56.886994+00:00
2026-04-25 22:00:00,22.8,28,1014.1,19.0,347,0.0,12.3,57.2,129.0,0.1,1.5,91.0,62,Umerkot,2026-07-23 16:34:56.886994+00:00
2026-04-25 23:00:00,21.5,28,1014.8,19.0,345,0.0,11.0,47.8,132.0,0.1,1.3,89.0,63,Umerkot,2026-07-23 16:34:56.886994+00:00
2026-04-26 00:00:00,20.4,28,1015.2,18.1,343,0.0,10.0,39.7,134.0,0.1,1.1,87.0,64,Umerkot,2026-07-23 16:34:56.886994+00:00
2026-04-26 01:00:00,19.2,30,1015.2,16.8,342,0.0,8.6,27.5,133.0,0.1,1.1,84.0,65,Umerkot,2026-07-23 16:34:56.886994+00:00
2026-04-26 02:00:00,18.3,32,1015.1,16.7,341,0.0,7.9,24.4,131.0,0.1,1.0,79.0,65,Umerkot,2026-07-23 16:34:56.886994+00:00
2026-04-26 03:00:00,17.4,34,1015.4,16.7,340,0.0,7.7,26.4,130.0,0.1,1.0,76.0,66,Umerkot,2026-07-23 16:34:56.886994+00:00
2026-04-26 04:00:00,16.2,37,1015.4,15.1,342,0.0,7.8,31.5,131.0,0.1,1.0,75.0,66,Umerkot,2026-07-23 16:34:56.886994+00:00
2026-04-26 05:00:00,15.3,41,1015.9,13.0,342,0.0,8.1,38.1,132.0,0.1,0.9,75.0,67,Umerkot,2026-07-23 16:34:56.886994+00:00
2026-04-26 06:00:00,14.3,45,1016.3,11.8,340,0.0,9.9,61.2,134.0,0.1,0.9,79.0,68,Umerkot,2026-07-23 16:34:56.886994+00:00
2026-04-26 07:00:00,13.4,48,1017.2,10.7,337,0.0,13.7,106.9,136.0,0.1,0.9,89.0,68,Umerkot,2026-07-23 16:34:56.886994+00:00
2026-04-26 08:00:00,14.5,46,1018.1,9.3,333,0.0,15.7,125.7,138.0,0.1,0.8,101.0,68,Umerkot,2026-07-23 16:34:56.886994+00:00
2026-04-26 09:00:00,16.6,39,1019.1,10.2,332,0.0,15.5,122.5,139.0,0.1,0.8,111.0,67,Umerkot,2026-07-23 16:34:56.886994+00:00
2026-04-26 10:00:00,19.0,33,1019.2,12.4,341,0.0,15.9,124.3,140.0,0.1,0.8,115.0,66,Umerkot,2026-07-23 16:34:56.886994+00:00
2026-04-26 11:00:00,20.9,29,1019.0,14.9,349,0.0,17.3,135.0,141.0,0.1,0.7,116.0,65,Umerkot,2026-07-23 16:34:56.886994+00:00
2026-04-26 12:00:00,22.2,25,1019.0,15.8,341,0.0,20.5,160.7,141.0,0.1,0.5,117.0,65,Umerkot,2026-07-23 16:34:56.886994+00:00
2026-04-26 13:00:00,23.4,23,1018.5,16.2,336,0.0,22.2,168.1,141.0,0.1,0.5,117.0,65,Umerkot,2026-07-23 16:34:56.886994+00:00
2026-04-26 14:00:00,24.5,20,1017.8,17.0,330,0.0,22.9,168.1,142.0,0.1,0.4,117.0,65,Umerkot,2026-07-23 16:34:56.886994+00:00
2026-04-26 15:00:00,25.1,18,1017.3,18.8,336,0.0,23.2,166.2,142.0,0.1,0.4,116.0,66,Umerkot,2026-07-23 16:34:56.886994+00:00
2026-04-26 16:00:00,25.7,17,1016.3,20.0,338,0.0,23.2,164.8,142.0,0.1,0.4,113.0,67,Umerkot,2026-07-23 16:34:56.886994+00:00
2026-04-26 17:00:00,25.7,17,1015.6,20.7,341,0.0,22.7,155.5,143.0,0.1,0.4,109.0,68,Umerkot,2026-07-23 16:34:56.886994+00:00
2026-04-26 18:00:00,25.3,17,1015.5,20.2,343,0.0,20.8,127.6,143.0,0.1,0.4,105.0,69,Umerkot,2026-07-23 16:34:56.886994+00:00
2026-04-26 19:00:00,24.5,17,1015.9,20.1,345,0.0,19.4,113.2,143.0,0.1,0.5,102.0,70,Umerkot,2026-07-23 16:34:56.886994+00:00
2026-04-26 20:00:00,23.3,19,1016.3,18.1,355,0.0,17.3,97.6,142.0,0.1,0.5,99.0,71,Umerkot,2026-07-23 16:34:56.886994+00:00
2026-04-26 21:00:00,22.3,21,1017.1,17.3,1,0.0,14.5,77.3,141.0,0.1,0.6,96.0,72,Umerkot,2026-07-23 16:34:56.886994+00:00
2026-04-26 22:00:00,21.2,23,1017.9,16.8,355,0.0,11.6,55.2,139.0,0.1,0.6,93.0,72,Umerkot,2026-07-23 16:34:56.886994+00:00
2026-04-26 23:00:00,20.0,24,1018.4,16.3,354,0.0,8.9,34.5,138.0,0.1,0.7,90.0,72,Umerkot,2026-07-23 16:34:56.886994+00:00
2026-04-27 00:00:00,18.9,25,1018.9,16.5,352,0.0,6.8,17.5,136.0,0.1,0.7,85.0,72,Umerkot,2026-07-23 16:34:56.886994+00:00
2026-04-27 01:00:00,17.6,27,1018.8,14.3,353,0.0,5.9,12.6,135.0,0.1,0.7,84.0,71,Umerkot,2026-07-23 16:34:56.886994+00:00
2026-04-27 02:00:00,16.4,29,1018.5,13.5,355,0.0,5.3,9.7,134.0,0.1,0.7,82.0,71,Umerkot,2026-07-23 16:34:56.886994+00:00
2026-04-27 03:00:00,15.1,32,1018.2,11.5,360,0.0,4.8,8.3,133.0,0.1,0.7,82.0,70,Umerkot,2026-07-23 16:34:56.886994+00:00
2026-04-27 04:00:00,13.8,35,1018.1,9.5,1,0.0,4.6,8.4,133.0,0.1,0.7,83.0,70,Umerkot,2026-07-23 16:34:56.886994+00:00
2026-04-27 05:00:00,13.1,37,1018.2,6.9,353,0.0,4.9,10.2,133.0,0.1,0.7,86.0,70,Umerkot,2026-07-23 16:34:56.886994+00:00
2026-04-27 06:00:00,12.7,38,1018.3,3.9,317,0.0,5.5,16.0,133.0,0.1,0.7,90.0,69,Umerkot,2026-07-23 16:34:56.886994+00:00
2026-04-27 07:00:00,12.2,39,1018.9,5.3,298,0.0,9.9,65.2,134.0,0.1,0.8,97.0,68,Umerkot,2026-07-23 16:34:56.886994+00:00
2026-04-27 08:00:00,13.6,35,1019.7,8.0,301,0.0,18.5,163.0,135.0,0.1,0.9,107.0,67,Umerkot,2026-07-23 16:34:56.886994+00:00
2026-04-27 09:00:00,16.7,29,1020.1,6.8,305,0.0,19.6,172.3,136.0,0.1,1.0,113.0,68,Umerkot,2026-07-23 16:34:56.886994+00:00
2026-04-27 10:00:00,19.4,26,1020.3,9.2,321,0.0,18.1,152.3,137.0,0.1,1.0,114.0,69,Umerkot,2026-07-23 16:34:56.886994+00:00
2026-04-27 11:00:00,21.4,24,1019.9,13.9,343,0.0,16.2,130.4,138.0,0.1,0.9,112.0,70,Umerkot,2026-07-23 16:34:56.886994+00:00
2026-04-27 12:00:00,22.8,23,1020.1,15.1,345,0.0,11.8,97.8,138.0,0.1,0.9,112.0,69,Umerkot,2026-07-23 16:34:56.886994+00:00
2026-04-27 13:00:00,24.1,22,1019.3,15.8,341,0.0,10.4,82.4,137.0,0.1,0.9,112.0,68,Umerkot,2026-07-23 16:34:56.886994+00:00
2026-04-27 14:00:00,25.0,21,1018.2,16.7,342,0.0,9.1,67.8,136.0,0.1,1.0,113.0,66,Umerkot,2026-07-23 16:34:56.886994+00:00
2026-04-27 15:00:00,25.6,21,1017.2,18.4,352,0.0,7.9,55.1,135.0,0.1,1.1,112.0,64,Umerkot,2026-07-23 16:34:56.886994+00:00
2026-04-27 16:00:00,25.9,21,1016.4,19.7,356,0.0,6.9,43.9,133.0,0.1,1.2,111.0,62,Umerkot,2026-07-23 16:34:56.886994+00:00
2026-04-27 17:00:00,26.0,20,1015.9,20.4,358,0.0,5.8,32.9,131.0,0.1,1.3,108.0,59,Umerkot,2026-07-23 16:34:56.886994+00:00
2026-04-27 18:00:00,25.6,20,1015.9,21.2,1,0.0,4.8,21.1,129.0,0.1,1.4,105.0,57,Umerkot,2026-07-23 16:34:56.886994+00:00
2026-04-27 19:00:00,24.8,21,1015.9,21.2,1,0.0,4.0,12.7,127.0,0.1,1.4,99.0,55,Umerkot,2026-07-23 16:34:56.886994+00:00
2026-04-27 20:00:00,23.9,22,1016.1,16.5,10,0.0,3.6,10.2,125.0,0.1,1.3,92.0,53,Umerkot,2026-07-23 16:34:56.886994+00:00
2026-04-27 21:00:00,22.8,25,1016.8,14.3,20,0.0,3.6,10.3,124.0,0.1,1.2,87.0,51,Umerkot,2026-07-23 16:34:56.886994+00:00
2026-04-27 22:00:00,21.6,27,1017.5,12.7,23,0.0,3.9,11.8,123.0,0.1,1.2,84.0,49,Umerkot,2026-07-23 16:34:56.886994+00:00
2026-04-27 23:00:00,20.5,29,1018.3,11.5,27,0.0,4.3,14.1,123.0,0.1,1.1,83.0,47,Umerkot,2026-07-23 16:34:56.886994+00:00
2026-04-28 00:00:00,19.4,33,1018.3,9.3,34,0.0,4.6,16.6,123.0,0.1,1.0,81.0,46,Umerkot,2026-07-23 16:34:56.886994+00:00
2026-04-28 01:00:00,18.5,37,1018.0,7.3,16,0.0,4.9,19.0,123.0,0.1,1.0,82.0,46,Umerkot,2026-07-23 16:34:56.886994+00:00
2026-04-28 02:00:00,17.9,39,1017.5,6.7,354,0.0,5.2,21.0,122.0,0.1,1.1,83.0,47,Umerkot,2026-07-23 16:34:56.886994+00:00
2026-04-28 03:00:00,17.2,41,1017.1,7.4,13,0.0,5.4,22.6,122.0,0.1,1.1,83.0,47,Umerkot,2026-07-23 16:34:56.886994+00:00
2026-04-28 04:00:00,16.2,44,1016.7,7.1,34,0.0,5.6,23.7,121.0,0.1,1.1,82.0,48,Umerkot,2026-07-23 16:34:56.886994+00:00
2026-04-28 05:00:00,15.7,46,1016.5,5.2,46,0.0,5.7,24.5,120.0,0.1,1.1,80.0,48,Umerkot,2026-07-23 16:34:56.886994+00:00
2026-04-28 06:00:00,15.4,48,1016.3,2.4,132,0.0,5.4,21.5,120.0,0.1,1.1,80.0,49,Umerkot,2026-07-23 16:34:56.886994+00:00
2026-04-28 07:00:00,14.9,49,1016.7,4.3,195,0.0,5.6,24.7,122.0,0.1,1.1,85.0,49,Umerkot,2026-07-23 16:34:56.886994+00:00
2026-04-28 08:00:00,16.1,46,1017.2,4.9,204,0.0,7.3,42.8,126.0,0.0,1.1,92.0,47,Umerkot,2026-07-23 16:34:56.886994+00:00
2026-04-28 09:00:00,19.0,38,1017.9,2.1,195,0.0,8.7,55.6,128.0,0.0,1.1,97.0,43,Umerkot,2026-07-23 16:34:56.886994+00:00
2026-04-28 10:00:00,21.6,33,1018.2,0.7,346,0.0,9.3,60.3,129.0,0.0,1.0,99.0,40,Umerkot,2026-07-23 16:34:56.886994+00:00
2026-04-28 11:00:00,23.7,29,1018.1,7.0,40,0.0,9.3,60.3,128.0,0.0,1.0,99.0,40,Umerkot,2026-07-23 16:34:56.886994+00:00
2026-04-28 12:00:00,24.8,27,1017.8,7.4,47,0.0,3.6,23.1,128.0,0.0,0.9,100.0,41,Umerkot,2026-07-23 16:34:56.886994+00:00
2026-04-28 13:00:00,25.8,25,1017.2,6.8,50,0.0,3.5,22.1,127.0,0.0,0.9,101.0,42,Umerkot,2026-07-23 16:34:56.886994+00:00
2026-04-28 14:00:00,26.7,23,1016.3,6.2,52,0.0,3.4,21.6,127.0,0.1,0.8,101.0,44,Umerkot,2026-07-23 16:34:56.886994+00:00
2026-04-28 15:00:00,27.5,20,1015.6,8.4,23,0.0,3.4,21.3,126.0,0.1,0.8,101.0,45,Umerkot,2026-07-23 16:34:56.886994+00:00
2026-04-28 16:00:00,28.0,19,1014.9,9.1,15,0.0,3.5,21.0,126.0,0.1,0.8,99.0,46,Umerkot,2026-07-23 16:34:56.886994+00:00
2026-04-28 17:00:00,28.2,18,1014.4,9.9,16,0.0,3.5,20.5,125.0,0.1,0.7,95.0,46,Umerkot,2026-07-23 16:34:56.886994+00:00
2026-04-28 18:00:00,27.9,18,1014.3,10.8,18,0.0,3.4,18.4,125.0,0.1,0.7,91.0,46,Umerkot,2026-07-23 16:34:56.886994+00:00
2026-04-28 19:00:00,27.5,19,1014.5,9.9,16,0.0,3.5,17.7,124.0,0.1,0.7,85.0,46,Umerkot,2026-07-23 16:34:56.886994+00:00
2026-04-28 20:00:00,26.8,20,1014.7,9.1,27,0.0,3.8,19.4,123.0,0.1,0.6,79.0,45,Umerkot,2026-07-23 16:34:56.886994+00:00
2026-04-28 21:00:00,25.8,21,1015.1,9.7,56,0.0,4.2,22.5,122.0,0.1,0.6,73.0,44,Umerkot,2026-07-23 16:34:56.886994+00:00
2026-04-28 22:00:00,24.8,22,1015.6,10.9,78,0.0,4.6,25.6,123.0,0.1,0.6,69.0,42,Umerkot,2026-07-23 16:34:56.886994+00:00
2026-04-28 23:00:00,23.7,24,1016.2,9.4,85,0.0,5.0,29.0,124.0,0.1,0.6,67.0,40,Umerkot,2026-07-23 16:34:56.886994+00:00
2026-04-29 00:00:00,22.6,27,1016.4,7.9,78,0.0,5.7,34.6,125.0,0.1,0.6,64.0,38,Umerkot,2026-07-23 16:34:56.886994+00:00
2026-04-29 01:00:00,21.5,29,1016.2,9.2,74,0.0,5.9,37.3,124.0,0.1,0.6,62.0,36,Umerkot,2026-07-23 16:34:56.886994+00:00
2026-04-29 02:00:00,20.3,31,1016.0,9.5,76,0.0,6.1,38.2,122.0,0.1,0.5,59.0,34,Umerkot,2026-07-23 16:34:56.886994+00:00
2026-04-29 03:00:00,19.6,33,1015.1,8.8,105,0.0,6.2,37.5,121.0,0.1,0.5,57.0,32,Umerkot,2026-07-23 16:34:56.886994+00:00
2026-04-29 04:00:00,18.7,35,1014.7,9.6,143,0.0,6.2,36.4,122.0,0.1,0.5,57.0,31,Umerkot,2026-07-23 16:34:56.886994+00:00
2026-04-29 05:00:00,17.7,37,1014.5,11.2,162,0.0,6.0,32.8,123.0,0.1,0.6,59.0,29,Umerkot,2026-07-23 16:34:56.886994+00:00
2026-04-29 06:00:00,16.9,39,1014.7,10.7,174,0.0,6.2,33.4,124.0,0.1,0.6,63.0,29,Umerkot,2026-07-23 16:34:56.886994+00:00
2026-04-29 07:00:00,16.3,40,1015.3,10.5,177,0.0,6.7,40.6,125.0,0.1,0.6,73.0,30,Umerkot,2026-07-23 16:34:56.886994+00:00
2026-04-29 08:00:00,17.8,36,1016.0,8.9,171,0.0,5.2,30.3,125.0,0.0,0.7,87.0,30,Umerkot,2026-07-23 16:34:56.886994+00:00
2026-04-29 09:00:00,22.3,28,1016.1,8.4,173,0.0,4.4,25.0,125.0,0.0,0.7,96.0,30,Umerkot,2026-07-23 16:34:56.886994+00:00
2026-04-29 10:00:00,26.3,21,1016.1,10.2,170,0.0,4.5,26.8,124.0,0.0,0.7,98.0,32,Umerkot,2026-07-23 16:34:56.886994+00:00
2026-04-29 11:00:00,28.1,18,1016.1,5.6,155,0.0,5.0,32.2,124.0,0.0,0.6,96.0,34,Umerkot,2026-07-23 16:34:56.886994+00:00
2026-04-29 12:00:00,29.3,16,1016.3,2.0,117,0.0,0.0,0.7,123.0,0.0,0.5,94.0,36,Umerkot,2026-07-23 16:34:56.886994+00:00
2026-04-29 13:00:00,30.5,15,1015.8,3.1,357,0.0,0.8,7.8,123.0,0.0,0.5,94.0,39,Umerkot,2026-07-23 16:34:56.886994+00:00
2026-04-29 14:00:00,31.6,14,1015.0,7.6,353,0.0,1.3,12.3,124.0,0.0,0.5,93.0,41,Umerkot,2026-07-23 16:34:56.886994+00:00
2026-04-29 15:00:00,32.1,14,1014.3,11.9,3,0.0,1.6,14.7,124.0,0.0,0.5,92.0,42,Umerkot,2026-07-23 16:34:56.886994+00:00
2026-04-29 16:00:00,32.6,13,1013.6,14.0,7,0.0,1.7,15.3,124.0,0.0,0.5,89.0,43,Umerkot,2026-07-23 16:34:56.886994+00:00
2026-04-29 17:00:00,32.5,13,1013.2,15.9,12,0.0,1.7,14.1,123.0,0.0,0.5,84.0,44,Umerkot,2026-07-23 16:34:56.886994+00:00
2026-04-29 18:00:00,32.1,13,1013.0,15.6,16,0.0,1.5,11.1,123.0,0.0,0.5,80.0,43,Umerkot,2026-07-23 16:34:56.886994+00:00
2026-04-29 19:00:00,31.5,14,1013.3,15.0,23,0.0,1.4,9.3,123.0,0.0,0.5,76.0,42,Umerkot,2026-07-23 16:34:56.886994+00:00
2026-04-29 20:00:00,30.4,15,1013.7,13.9,40,0.0,1.4,8.2,123.0,0.0,0.4,71.0,41,Umerkot,2026-07-23 16:34:56.886994+00:00
2026-04-29 21:00:00,29.2,16,1014.0,15.2,56,0.0,1.3,7.6,123.0,0.0,0.4,67.0,39,Umerkot,2026-07-23 16:34:56.886994+00:00
2026-04-29 22:00:00,28.2,17,1014.7,16.1,55,0.0,1.2,7.4,125.0,0.0,0.4,63.0,38,Umerkot,2026-07-23 16:34:56.886994+00:00
2026-04-29 23:00:00,27.0,19,1015.1,15.6,63,0.0,1.2,7.0,128.0,0.0,0.3,60.0,36,Umerkot,2026-07-23 16:34:56.886994+00:00
2026-04-30 00:00:00,25.8,20,1015.5,13.5,74,0.0,1.2,6.6,129.0,0.0,0.4,59.0,34,Umerkot,2026-07-23 16:34:56.886994+00:00
2026-04-30 01:00:00,24.4,22,1015.4,10.8,91,0.0,1.2,6.6,128.0,0.0,0.4,58.0,32,Umerkot,2026-07-23 16:34:56.886994+00:00
2026-04-30 02:00:00,23.1,24,1014.9,10.9,107,0.0,1.1,6.4,126.0,0.0,0.3,56.0,31,Umerkot,2026-07-23 16:34:56.886994+00:00
2026-04-30 03:00:00,22.4,25,1014.2,12.3,111,0.0,1.3,8.2,125.0,0.0,0.3,56.0,30,Umerkot,2026-07-23 16:34:56.886994+00:00
2026-04-30 04:00:00,21.3,26,1013.9,13.4,121,0.0,1.6,12.5,124.0,0.0,0.3,57.0,28,Umerkot,2026-07-23 16:34:56.886994+00:00
2026-04-30 05:00:00,20.6,27,1014.0,14.1,133,0.0,1.8,14.2,124.0,0.0,0.3,58.0,28,Umerkot,2026-07-23 16:34:56.886994+00:00
2026-04-30 06:00:00,19.9,28,1014.0,13.5,139,0.0,1.6,11.6,124.0,0.0,0.3,62.0,27,Umerkot,2026-07-23 16:34:56.886994+00:00
2026-04-30 07:00:00,19.3,29,1014.5,12.9,138,0.0,1.9,15.8,125.0,0.0,0.3,69.0,27,Umerkot,2026-07-23 16:34:56.886994+00:00
2026-04-30 08:00:00,20.7,27,1015.1,12.2,135,0.0,2.3,19.7,126.0,0.0,0.4,78.0,28,Umerkot,2026-07-23 16:34:56.886994+00:00
2026-04-30 09:00:00,24.1,22,1015.3,10.4,134,0.0,2.3,19.9,126.0,0.0,0.4,84.0,29,Umerkot,2026-07-23 16:34:56.886994+00:00
2026-04-30 10:00:00,27.4,18,1015.4,14.3,135,0.0,2.4,20.7,126.0,0.0,0.4,86.0,30,Umerkot,2026-07-23 16:34:56.886994+00:00
2026-04-30 11:00:00,30.1,15,1015.4,16.7,130,0.0,2.6,23.3,125.0,0.0,0.5,85.0,32,Umerkot,2026-07-23 16:34:56.886994+00:00
2026-04-30 12:00:00,31.9,14,1015.2,15.0,127,0.0,0.9,8.9,124.0,0.0,0.5,85.0,34,Umerkot,2026-07-23 16:34:56.886994+00:00
2026-04-30 13:00:00,33.2,13,1014.5,11.0,132,0.0,1.4,13.9,123.0,0.0,0.5,85.0,35,Umerkot,2026-07-23 16:34:56.886994+00:00
2026-04-30 14:00:00,34.2,12,1013.7,7.5,127,0.0,1.9,19.0,123.0,0.0,0.4,84.0,37,Umerkot,2026-07-23 16:34:56.886994+00:00
2026-04-30 15:00:00,34.7,11,1013.0,4.2,78,0.0,2.4,23.2,123.0,0.0,0.4,83.0,38,Umerkot,2026-07-23 16:34:56.886994+00:00
2026-04-30 16:00:00,35.5,11,1011.9,4.4,38,0.0,2.9,27.5,124.0,0.0,0.4,80.0,39,Umerkot,2026-07-23 16:34:56.886994+00:00
2026-04-30 17:00:00,35.8,10,1011.2,5.5,349,0.0,3.3,30.2,124.0,0.0,0.4,76.0,39,Umerkot,2026-07-23 16:34:56.886994+00:00
2026-04-30 18:00:00,35.7,10,1010.6,8.6,331,0.0,3.3,27.7,125.0,0.0,0.4,72.0,38,Umerkot,2026-07-23 16:34:56.886994+00:00
2026-04-30 19:00:00,35.0,10,1010.7,7.6,356,0.0,3.2,26.6,125.0,0.0,0.4,69.0,38,Umerkot,2026-07-23 16:34:56.886994+00:00
2026-04-30 20:00:00,32.8,13,1011.0,15.3,75,0.0,2.2,14.2,125.0,0.0,0.5,67.0,37,Umerkot,2026-07-23 16:34:56.886994+00:00
2026-04-30 21:00:00,31.5,14,1011.5,19.2,96,0.0,1.4,7.7,125.0,0.0,0.5,65.0,36,Umerkot,2026-07-23 16:34:56.886994+00:00
2026-04-30 22:00:00,30.3,15,1011.9,24.8,95,0.0,1.2,5.0,126.0,0.0,0.5,64.0,35,Umerkot,2026-07-23 16:34:56.886994+00:00
2026-04-30 23:00:00,29.5,16,1011.9,26.7,113,0.0,1.1,4.1,127.0,0.0,0.5,62.0,33,Umerkot,2026-07-23 16:34:56.886994+00:00
2026-05-01 00:00:00,28.8,17,1011.9,22.4,122,0.0,1.3,4.2,127.0,0.0,0.5,61.0,32,Umerkot,2026-07-23 16:34:56.886994+00:00
2026-05-01 01:00:00,27.8,18,1012.1,20.2,127,0.0,3.6,25.6,126.0,0.0,0.5,60.0,31,Umerkot,2026-07-23 16:34:56.886994+00:00
2026-05-01 02:00:00,27.8,18,1011.6,20.2,136,0.0,4.7,32.8,124.0,0.0,0.5,58.0,30,Umerkot,2026-07-23 16:34:56.886994+00:00
2026-05-01 03:00:00,26.9,19,1010.5,23.2,132,0.0,4.3,25.7,122.0,0.0,0.5,56.0,29,Umerkot,2026-07-23 16:34:56.886994+00:00
2026-05-01 04:00:00,26.3,19,1010.1,22.2,140,0.0,3.7,19.0,121.0,0.0,0.4,53.0,29,Umerkot,2026-07-23 16:34:56.886994+00:00
2026-05-01 05:00:00,25.9,20,1009.7,24.3,152,0.0,3.9,22.1,119.0,0.0,0.4,50.0,28,Umerkot,2026-07-23 16:34:56.886994+00:00
2026-05-01 06:00:00,25.9,20,1009.3,26.5,162,0.0,4.7,29.6,119.0,0.0,0.3,50.0,27,Umerkot,2026-07-23 16:34:56.886994+00:00
2026-05-01 07:00:00,25.1,20,1009.5,20.4,168,0.0,8.8,68.5,120.0,0.0,0.3,56.0,26,Umerkot,2026-07-23 16:34:56.886994+00:00
2026-05-01 08:00:00,26.4,19,1010.0,21.3,183,0.0,16.8,131.3,121.0,0.0,0.2,65.0,26,Umerkot,2026-07-23 16:34:56.886994+00:00
2026-05-01 09:00:00,29.4,16,1010.2,20.0,193,0.0,21.8,155.5,122.0,0.0,0.2,72.0,26,Umerkot,2026-07-23 16:34:56.886994+00:00
2026-05-01 10:00:00,32.3,13,1010.3,27.9,214,0.0,20.5,142.0,123.0,0.0,0.2,75.0,29,Umerkot,2026-07-23 16:34:56.886994+00:00
2026-05-01 11:00:00,34.4,12,1010.2,37.3,230,0.0,19.3,130.9,124.0,0.0,0.1,76.0,34,Umerkot,2026-07-23 16:34:56.886994+00:00
2026-05-01 12:00:00,35.3,13,1010.2,36.7,241,0.0,17.9,124.8,125.0,0.0,0.1,79.0,38,Umerkot,2026-07-23 16:34:56.886994+00:00
2026-05-01 13:00:00,36.4,11,1009.8,33.5,251,0.0,16.5,124.3,125.0,0.0,0.1,82.0,42,Umerkot,2026-07-23 16:34:56.886994+00:00
2026-05-01 14:00:00,37.2,10,1009.1,30.0,258,0.0,15.9,133.6,125.0,0.1,0.1,86.0,46,Umerkot,2026-07-23 16:34:56.886994+00:00
2026-05-01 15:00:00,38.2,8,1008.0,30.5,263,0.0,17.5,153.7,125.0,0.1,0.1,89.0,50,Umerkot,2026-07-23 16:34:56.886994+00:00
2026-05-01 16:00:00,37.8,9,1007.3,34.4,289,0.0,19.6,170.4,125.0,0.1,0.1,89.0,53,Umerkot,2026-07-23 16:34:56.886994+00:00
2026-05-01 17:00:00,37.3,9,1007.0,32.5,297,0.0,21.0,164.8,125.0,0.1,0.1,87.0,56,Umerkot,2026-07-23 16:34:56.886994+00:00
2026-05-01 18:00:00,36.5,9,1006.9,33.1,302,0.0,21.1,153.2,125.0,0.1,0.1,83.0,59,Umerkot,2026-07-23 16:34:56.886994+00:00
2026-05-01 19:00:00,35.1,11,1007.3,31.7,306,0.0,20.0,135.5,125.0,0.1,0.2,77.0,61,Umerkot,2026-07-23 16:34:56.886994+00:00
2026-05-01 20:00:00,33.4,12,1007.8,21.7,318,0.0,17.5,106.9,125.0,0.1,0.2,70.0,64,Umerkot,2026-07-23 16:34:56.886994+00:00
2026-05-01 21:00:00,31.9,14,1009.1,18.5,328,0.0,15.2,85.9,125.0,0.1,0.3,64.0,66,Umerkot,2026-07-23 16:34:56.886994+00:00
2026-05-01 22:00:00,30.4,15,1009.9,15.2,317,0.0,13.7,73.8,126.0,0.1,0.4,59.0,67,Umerkot,2026-07-23 16:34:56.886994+00:00
2026-05-01 23:00:00,28.8,17,1010.4,13.1,308,0.0,12.6,65.2,127.0,0.1,0.4,56.0,69,Umerkot,2026-07-23 16:34:56.886994+00:00
2026-05-02 00:00:00,27.3,18,1010.5,11.5,312,0.0,9.4,44.6,127.0,0.1,0.7,54.0,70,Umerkot,2026-07-23 16:34:56.886994+00:00
2026-05-02 01:00:00,26.0,20,1010.4,11.0,334,0.0,9.4,47.4,126.0,0.1,0.8,54.0,71,Umerkot,2026-07-23 16:34:56.886994+00:00
2026-05-02 02:00:00,24.7,20,1010.0,12.0,353,0.0,10.3,54.7,124.0,0.1,0.9,54.0,71,Umerkot,2026-07-23 16:34:56.886994+00:00
2026-05-02 03:00:00,23.3,24,1009.1,9.5,335,0.0,11.0,60.5,123.0,0.1,1.0,54.0,72,Umerkot,2026-07-23 16:34:56.886994+00:00
2026-05-02 04:00:00,22.5,26,1008.4,4.3,343,0.0,10.9,58.8,122.0,0.1,1.0,52.0,72,Umerkot,2026-07-23 16:34:56.886994+00:00
2026-05-02 05:00:00,22.3,27,1008.0,5.5,99,0.0,10.3,51.3,122.0,0.1,1.0,49.0,73,Umerkot,2026-07-23 16:34:56.886994+00:00
2026-05-02 06:00:00,21.1,29,1007.9,9.4,98,0.0,10.5,53.7,122.0,0.1,0.9,50.0,74,Umerkot,2026-07-23 16:34:56.886994+00:00
2026-05-02 07:00:00,20.5,29,1008.5,10.0,157,0.0,10.9,59.1,123.0,0.1,0.8,59.0,74,Umerkot,2026-07-23 16:34:56.886994+00:00
2026-05-02 08:00:00,22.5,26,1009.2,9.8,175,0.0,11.4,68.2,124.0,0.0,0.6,72.0,74,Umerkot,2026-07-23 16:34:56.886994+00:00
2026-05-02 09:00:00,26.2,20,1009.4,7.1,204,0.0,13.7,84.5,125.0,0.0,0.4,81.0,73,Umerkot,2026-07-23 16:34:56.886994+00:00
2026-05-02 10:00:00,30.1,16,1009.4,9.4,223,0.0,15.9,99.4,125.0,0.0,0.3,82.0,71,Umerkot,2026-07-23 16:34:56.886994+00:00
2026-05-02 11:00:00,31.6,14,1009.3,14.1,243,0.0,20.5,133.2,125.0,0.0,0.2,78.0,71,Umerkot,2026-07-23 16:34:56.886994+00:00
2026-05-02 12:00:00,33.4,12,1009.4,20.8,266,0.0,23.3,155.1,125.0,0.0,0.2,77.0,71,Umerkot,2026-07-23 16:34:56.886994+00:00
2026-05-02 13:00:00,32.8,12,1009.4,26.5,277,0.0,24.4,166.7,125.0,0.0,0.2,80.0,71,Umerkot,2026-07-23 16:34:56.886994+00:00
2026-05-02 14:00:00,34.0,12,1008.6,22.5,270,0.0,27.0,189.1,125.0,0.1,0.2,83.0,72,Umerkot,2026-07-23 16:34:56.886994+00:00
2026-05-02 15:00:00,35.2,11,1007.5,28.4,264,0.0,29.7,214.7,125.0,0.1,0.2,85.0,73,Umerkot,2026-07-23 16:34:56.886994+00:00
2026-05-02 16:00:00,35.9,11,1006.7,31.8,276,0.0,31.0,229.6,125.0,0.1,0.2,84.0,75,Umerkot,2026-07-23 16:34:56.886994+00:00
2026-05-02 17:00:00,35.2,12,1006.5,36.0,290,0.0,30.3,216.1,126.0,0.1,0.3,83.0,76,Umerkot,2026-07-23 16:34:56.886994+00:00
2026-05-02 18:00:00,34.2,13,1006.6,32.1,301,0.0,27.1,172.8,126.0,0.1,0.3,81.0,77,Umerkot,2026-07-23 16:34:56.886994+00:00
2026-05-02 19:00:00,32.7,16,1007.0,30.1,318,0.0,22.8,135.0,125.0,0.1,0.3,80.0,77,Umerkot,2026-07-23 16:34:56.886994+00:00
2026-05-02 20:00:00,30.9,19,1007.9,25.6,334,0.0,17.5,90.8,124.0,0.1,0.4,80.0,77,Umerkot,2026-07-23 16:34:56.886994+00:00
2026-05-02 21:00:00,29.2,21,1009.3,23.4,353,0.0,13.2,55.6,123.0,0.1,0.4,79.0,77,Umerkot,2026-07-23 16:34:56.886994+00:00
2026-05-02 22:00:00,28.0,23,1010.1,18.0,7,0.0,10.9,36.2,123.0,0.1,0.4,76.0,76,Umerkot,2026-07-23 16:34:56.886994+00:00
2026-05-02 23:00:00,26.8,26,1010.9,14.6,10,0.0,10.5,31.8,124.0,0.1,0.3,73.0,75,Umerkot,2026-07-23 16:34:56.886994+00:00
2026-05-03 00:00:00,25.7,28,1011.1,12.9,16,0.0,11.8,38.1,124.0,0.1,0.3,70.0,75,Umerkot,2026-07-23 16:34:56.886994+00:00
2026-05-03 01:00:00,24.6,31,1011.4,12.8,356,0.0,12.5,41.1,123.0,0.1,0.3,66.0,75,Umerkot,2026-07-23 16:34:56.886994+00:00
2026-05-03 02:00:00,23.5,35,1011.3,12.8,2,0.0,13.2,43.9,122.0,0.1,0.2,62.0,75,Umerkot,2026-07-23 16:34:56.886994+00:00
2026-05-03 03:00:00,22.6,38,1011.0,11.5,359,0.0,13.5,43.0,122.0,0.1,0.2,60.0,74,Umerkot,2026-07-23 16:34:56.886994+00:00
2026-05-03 04:00:00,21.4,41,1010.9,8.4,7,0.0,12.9,38.0,124.0,0.1,0.3,64.0,74,Umerkot,2026-07-23 16:34:56.886994+00:00
2026-05-03 05:00:00,20.8,44,1011.5,7.2,346,0.0,17.5,73.1,128.0,0.1,0.5,72.0,73,Umerkot,2026-07-23 16:34:56.886994+00:00
2026-05-03 06:00:00,20.3,44,1012.2,17.3,333,0.0,34.9,198.4,131.0,0.1,0.6,79.0,74,Umerkot,2026-07-23 16:34:56.886994+00:00
2026-05-03 07:00:00,19.6,45,1013.2,21.7,348,0.0,43.3,244.9,134.0,0.1,0.6,86.0,77,Umerkot,2026-07-23 16:34:56.886994+00:00
2026-05-03 08:00:00,20.0,44,1014.5,22.9,347,0.0,42.3,223.5,138.0,0.1,0.5,94.0,81,Umerkot,2026-07-23 16:34:56.886994+00:00
2026-05-03 09:00:00,20.4,47,1015.9,25.5,345,0.0,39.1,194.2,140.0,0.1,0.4,99.0,84,Umerkot,2026-07-23 16:34:56.886994+00:00
2026-05-03 10:00:00,21.3,47,1016.5,22.5,342,0.0,37.1,179.7,141.0,0.1,0.3,100.0,86,Umerkot,2026-07-23 16:34:56.886994+00:00
2026-05-03 11:00:00,22.7,42,1016.7,20.3,341,0.0,35.6,172.3,141.0,0.1,0.3,98.0,88,Umerkot,2026-07-23 16:34:56.886994+00:00
2026-05-03 12:00:00,24.2,36,1016.8,19.7,336,0.0,35.2,180.2,140.0,0.1,0.3,98.0,89,Umerkot,2026-07-23 16:34:56.886994+00:00
2026-05-03 13:00:00,25.5,30,1016.5,20.9,333,0.0,32.1,168.6,139.0,0.1,0.5,100.0,89,Umerkot,2026-07-23 16:34:56.886994+00:00
2026-05-03 14:00:00,26.5,28,1016.0,22.5,332,0.0,29.6,159.3,138.0,0.1,0.7,102.0,89,Umerkot,2026-07-23 16:34:56.886994+00:00
2026-05-03 15:00:00,27.6,26,1015.2,21.9,329,0.0,27.2,147.1,136.0,0.1,0.9,104.0,89,Umerkot,2026-07-23 16:34:56.886994+00:00
2026-05-03 16:00:00,27.9,23,1014.6,23.3,332,0.0,24.4,129.9,133.0,0.1,1.1,105.0,87,Umerkot,2026-07-23 16:34:56.886994+00:00
2026-05-03 17:00:00,27.6,22,1014.3,24.6,336,0.0,21.1,104.5,130.0,0.1,1.3,106.0,85,Umerkot,2026-07-23 16:34:56.886994+00:00
2026-05-03 18:00:00,26.8,21,1014.4,23.3,339,0.0,17.1,74.5,128.0,0.1,1.5,106.0,83,Umerkot,2026-07-23 16:34:56.886994+00:00
2026-05-03 19:00:00,25.8,23,1014.8,22.3,344,0.0,12.9,43.8,129.0,0.1,1.6,103.0,81,Umerkot,2026-07-23 16:34:56.886994+00:00
2026-05-03 20:00:00,24.5,25,1015.3,20.3,349,0.0,9.4,26.4,131.0,0.1,1.7,99.0,79,Umerkot,2026-07-23 16:34:56.886994+00:00
2026-05-03 21:00:00,23.6,25,1016.1,15.2,5,0.0,7.0,18.2,134.0,0.1,1.7,95.0,78,Umerkot,2026-07-23 16:34:56.886994+00:00
2026-05-03 22:00:00,22.6,27,1016.7,14.2,15,0.0,5.6,15.9,136.0,0.1,1.6,92.0,77,Umerkot,2026-07-23 16:34:56.886994+00:00
2026-05-03 23:00:00,21.5,30,1017.3,16.5,14,0.0,5.1,16.5,138.0,0.1,1.5,89.0,76,Umerkot,2026-07-23 16:34:56.886994+00:00
2026-05-04 00:00:00,20.2,34,1017.8,19.6,19,0.0,5.6,22.8,140.0,0.1,1.1,87.0,76,Umerkot,2026-07-23 16:34:56.886994+00:00
2026-05-04 01:00:00,19.1,35,1017.7,19.0,19,0.0,6.2,26.3,141.0,0.1,0.9,85.0,76,Umerkot,2026-07-23 16:34:56.886994+00:00
2026-05-04 02:00:00,18.1,38,1017.5,18.0,23,0.0,7.3,33.9,142.0,0.1,0.6,82.0,76,Umerkot,2026-07-23 16:34:56.886994+00:00
2026-05-04 03:00:00,17.3,40,1017.6,20.6,20,0.0,9.3,46.7,143.0,0.1,0.4,81.0,75,Umerkot,2026-07-23 16:34:56.886994+00:00
2026-05-04 04:00:00,16.3,42,1018.1,19.9,21,0.0,14.5,77.8,143.0,0.1,0.3,82.0,75,Umerkot,2026-07-23 16:34:56.886994+00:00
2026-05-04 05:00:00,15.4,43,1018.5,19.4,26,0.0,22.4,116.4,143.0,0.2,0.2,83.0,76,Umerkot,2026-07-23 16:34:56.886994+00:00
2026-05-04 06:00:00,14.4,43,1019.1,18.6,30,0.0,37.3,213.7,143.0,0.2,0.2,87.0,77,Umerkot,2026-07-23 16:34:56.886994+00:00
2026-05-04 07:00:00,13.5,43,1019.5,17.4,36,0.0,41.3,239.3,143.0,0.2,0.2,94.0,77,Umerkot,2026-07-23 16:34:56.886994+00:00
2026-05-04 08:00:00,14.1,41,1020.3,14.9,45,0.0,36.3,216.1,144.0,0.1,0.3,102.0,77,Umerkot,2026-07-23 16:34:56.886994+00:00
2026-05-04 09:00:00,15.8,38,1021.1,20.0,49,0.0,28.3,165.8,143.0,0.1,0.4,109.0,77,Umerkot,2026-07-23 16:34:56.886994+00:00
2026-05-04 10:00:00,17.5,35,1021.1,20.1,56,0.0,22.3,125.7,141.0,0.1,0.4,113.0,77,Umerkot,2026-07-23 16:34:56.886994+00:00
2026-05-04 11:00:00,19.3,31,1021.2,20.6,54,0.0,18.2,99.0,137.0,0.1,0.4,115.0,75,Umerkot,2026-07-23 16:34:56.886994+00:00
2026-05-04 12:00:00,20.9,26,1020.9,19.5,45,0.0,14.8,81.7,135.0,0.1,0.3,119.0,74,Umerkot,2026-07-23 16:34:56.886994+00:00
2026-05-04 13:00:00,22.2,20,1020.3,18.7,39,0.0,12.5,66.4,135.0,0.1,0.3,120.0,72,Umerkot,2026-07-23 16:34:56.886994+00:00
2026-05-04 14:00:00,23.2,16,1019.5,18.4,37,0.0,10.9,56.8,136.0,0.1,0.3,121.0,70,Umerkot,2026-07-23 16:34:56.886994+00:00
2026-05-04 15:00:00,23.7,15,1018.9,19.1,32,0.0,9.8,49.9,137.0,0.1,0.3,121.0,68,Umerkot,2026-07-23 16:34:56.886994+00:00
2026-05-04 16:00:00,24.0,15,1018.3,19.5,30,0.0,9.1,44.9,137.0,0.1,0.3,118.0,66,Umerkot,2026-07-23 16:34:56.886994+00:00
2026-05-04 17:00:00,24.0,15,1018.0,19.3,27,0.0,8.4,40.7,138.0,0.1,0.4,114.0,66,Umerkot,2026-07-23 16:34:56.886994+00:00
2026-05-04 18:00:00,23.4,16,1017.7,19.4,30,0.0,7.7,35.3,138.0,0.1,0.4,109.0,67,Umerkot,2026-07-23 16:34:56.886994+00:00
2026-05-04 19:00:00,22.7,16,1017.5,18.8,36,0.0,7.0,30.2,138.0,0.1,0.4,104.0,66,Umerkot,2026-07-23 16:34:56.886994+00:00
2026-05-04 20:00:00,21.7,17,1017.4,16.3,37,0.0,6.3,26.5,139.0,0.1,0.3,98.0,64,Umerkot,2026-07-23 16:34:56.886994+00:00
2026-05-04 21:00:00,20.7,18,1018.2,16.6,37,0.0,5.6,23.0,139.0,0.1,0.3,93.0,61,Umerkot,2026-07-23 16:34:56.886994+00:00
2026-05-04 22:00:00,19.6,20,1019.0,15.6,40,0.0,4.8,19.3,139.0,0.1,0.3,89.0,61,Umerkot,2026-07-23 16:34:56.886994+00:00
2026-05-04 23:00:00,18.5,22,1019.3,13.9,42,0.0,4.0,15.3,138.0,0.1,0.2,86.0,62,Umerkot,2026-07-23 16:34:56.886994+00:00
2026-05-05 00:00:00,17.3,24,1019.7,13.0,39,0.0,2.8,6.6,137.0,0.1,0.2,83.0,62,Umerkot,2026-07-23 16:34:56.886994+00:00
2026-05-05 01:00:00,16.3,26,1019.4,13.8,40,0.0,2.5,6.1,136.0,0.1,0.2,81.0,61,Umerkot,2026-07-23 16:34:56.886994+00:00
2026-05-05 02:00:00,15.4,30,1018.9,14.7,43,0.0,2.5,6.4,135.0,0.1,0.2,78.0,61,Umerkot,2026-07-23 16:34:56.886994+00:00
2026-05-05 03:00:00,14.7,34,1018.4,15.2,50,0.0,2.6,8.1,134.0,0.1,0.2,77.0,60,Umerkot,2026-07-23 16:34:56.886994+00:00
2026-05-05 04:00:00,13.6,37,1018.1,14.1,58,0.0,2.9,11.3,133.0,0.1,0.2,78.0,59,Umerkot,2026-07-23 16:34:56.886994+00:00
2026-05-05 05:00:00,12.7,40,1018.1,13.0,66,0.0,3.1,14.4,133.0,0.1,0.3,81.0,58,Umerkot,2026-07-23 16:34:56.886994+00:00
2026-05-05 06:00:00,12.0,44,1018.1,12.6,71,0.0,3.8,22.5,133.0,0.1,0.3,86.0,57,Umerkot,2026-07-23 16:34:56.886994+00:00
2026-05-05 07:00:00,11.4,47,1018.5,11.1,81,0.0,7.1,53.1,134.0,0.1,0.3,96.0,54,Umerkot,2026-07-23 16:34:56.886994+00:00
2026-05-05 08:00:00,13.1,43,1019.0,8.8,89,0.0,8.4,62.9,136.0,0.1,0.4,109.0,51,Umerkot,2026-07-23 16:34:56.886994+00:00
2026-05-05 09:00:00,16.4,36,1019.3,10.3,57,0.0,8.0,58.3,136.0,0.1,0.4,118.0,48,Umerkot,2026-07-23 16:34:56.886994+00:00
2026-05-05 10:00:00,18.3,33,1019.5,17.6,52,0.0,7.7,55.4,133.0,0.1,0.4,121.0,43,Umerkot,2026-07-23 16:34:56.886994+00:00
2026-05-05 11:00:00,20.3,25,1019.2,18.0,56,0.0,7.5,52.0,129.0,0.1,0.4,122.0,44,Umerkot,2026-07-23 16:34:56.886994+00:00
2026-05-05 12:00:00,22.0,19,1018.9,18.3,54,0.0,7.0,48.8,126.0,0.1,0.5,121.0,47,Umerkot,2026-07-23 16:34:56.886994+00:00
2026-05-05 13:00:00,23.2,17,1018.2,19.2,52,0.0,7.1,47.8,126.0,0.1,0.5,121.0,50,Umerkot,2026-07-23 16:34:56.886994+00:00
2026-05-05 14:00:00,24.2,15,1017.6,19.7,49,0.0,7.4,48.7,127.0,0.1,0.6,120.0,57,Umerkot,2026-07-23 16:34:56.886994+00:00
2026-05-05 15:00:00,24.6,15,1017.2,20.7,39,0.0,7.8,49.6,128.0,0.1,0.6,119.0,64,Umerkot,2026-07-23 16:34:56.886994+00:00
2026-05-05 16:00:00,25.0,15,1016.8,20.2,37,0.0,8.3,51.1,129.0,0.1,0.5,117.0,69,Umerkot,2026-07-23 16:34:56.886994+00:00
2026-05-05 17:00:00,24.8,16,1016.3,21.6,36,0.0,8.9,52.2,129.0,0.1,0.3,114.0,71,Umerkot,2026-07-23 16:34:56.886994+00:00
2026-05-05 18:00:00,24.0,18,1016.0,22.5,37,0.0,9.1,49.6,130.0,0.1,0.2,110.0,70,Umerkot,2026-07-23 16:34:56.886994+00:00
2026-05-05 19:00:00,23.1,19,1016.0,22.1,38,0.0,8.6,40.5,130.0,0.1,0.2,105.0,67,Umerkot,2026-07-23 16:34:56.886994+00:00
2026-05-05 20:00:00,22.0,21,1016.1,19.4,41,0.0,8.1,34.3,130.0,0.1,0.3,100.0,64,Umerkot,2026-07-23 16:34:56.886994+00:00
2026-05-05 21:00:00,21.1,23,1016.7,17.7,45,0.0,7.5,28.1,131.0,0.1,0.3,95.0,59,Umerkot,2026-07-23 16:34:56.886994+00:00
2026-05-05 22:00:00,20.1,24,1017.0,16.5,50,0.0,6.7,21.5,133.0,0.1,0.3,91.0,54,Umerkot,2026-07-23 16:34:56.886994+00:00
2026-05-05 23:00:00,19.1,27,1017.4,16.5,54,0.0,5.9,16.4,136.0,0.1,0.3,88.0,49,Umerkot,2026-07-23 16:34:56.886994+00:00
2026-05-06 00:00:00,18.1,29,1017.6,15.5,54,0.0,5.2,12.4,138.0,0.1,0.3,85.0,48,Umerkot,2026-07-23 16:34:56.886994+00:00
2026-05-06 01:00:00,17.0,30,1017.6,13.9,57,0.0,4.7,10.2,138.0,0.1,0.3,84.0,46,Umerkot,2026-07-23 16:34:56.886994+00:00
2026-05-06 02:00:00,16.0,30,1017.2,14.0,61,0.0,4.2,9.1,136.0,0.1,0.3,82.0,44,Umerkot,2026-07-23 16:34:56.886994+00:00
2026-05-06 03:00:00,15.2,28,1016.8,14.6,61,0.0,4.3,10.6,135.0,0.1,0.3,82.0,42,Umerkot,2026-07-23 16:34:56.886994+00:00
2026-05-06 04:00:00,14.2,29,1016.7,14.7,64,0.0,4.7,14.4,135.0,0.1,0.3,82.0,41,Umerkot,2026-07-23 16:34:56.886994+00:00
2026-05-06 05:00:00,13.2,30,1016.9,14.5,69,0.0,5.3,20.4,135.0,0.1,0.2,84.0,40,Umerkot,2026-07-23 16:34:56.886994+00:00
2026-05-06 06:00:00,12.4,32,1016.9,14.0,77,0.0,6.6,33.6,136.0,0.1,0.2,88.0,39,Umerkot,2026-07-23 16:34:56.886994+00:00
2026-05-06 07:00:00,11.7,35,1017.4,13.7,89,0.0,9.2,58.0,137.0,0.1,0.2,97.0,39,Umerkot,2026-07-23 16:34:56.886994+00:00
2026-05-06 08:00:00,12.9,33,1018.2,12.7,103,0.0,9.5,58.1,138.0,0.1,0.2,108.0,40,Umerkot,2026-07-23 16:34:56.886994+00:00
2026-05-06 09:00:00,15.7,28,1018.2,13.4,104,0.0,8.9,51.5,139.0,0.1,0.2,117.0,41,Umerkot,2026-07-23 16:34:56.886994+00:00
2026-05-06 10:00:00,18.5,24,1018.3,17.2,101,0.0,8.2,44.8,138.0,0.1,0.2,120.0,43,Umerkot,2026-07-23 16:34:56.886994+00:00
2026-05-06 11:00:00,20.8,21,1017.9,19.6,100,0.0,7.5,39.1,136.0,0.1,0.2,120.0,45,Umerkot,2026-07-23 16:34:56.886994+00:00
2026-05-06 12:00:00,22.4,18,1017.9,16.2,100,0.0,5.1,27.3,135.0,0.1,0.2,121.0,47,Umerkot,2026-07-23 16:34:56.886994+00:00
2026-05-06 13:00:00,23.9,16,1017.2,14.3,96,0.0,4.6,23.1,134.0,0.1,0.2,122.0,50,Umerkot,2026-07-23 16:34:56.886994+00:00
2026-05-06 14:00:00,25.2,14,1016.3,14.8,88,0.0,4.2,20.2,134.0,0.1,0.3,123.0,57,Umerkot,2026-07-23 16:34:56.886994+00:00
2026-05-06 15:00:00,25.9,11,1015.7,15.0,71,0.0,4.1,18.5,134.0,0.1,0.3,122.0,64,Umerkot,2026-07-23 16:34:56.886994+00:00
2026-05-06 16:00:00,26.5,11,1015.0,15.0,66,0.0,4.0,17.5,134.0,0.1,0.3,119.0,69,Umerkot,2026-07-23 16:34:56.886994+00:00
2026-05-06 17:00:00,26.5,10,1014.6,15.3,58,0.0,4.0,16.4,134.0,0.1,0.3,115.0,72,Umerkot,2026-07-23 16:34:56.886994+00:00
2026-05-06 18:00:00,26.1,11,1014.7,16.3,54,0.0,3.9,15.4,134.0,0.1,0.3,110.0,71,Umerkot,2026-07-23 16:34:56.886994+00:00
2026-05-06 19:00:00,25.4,11,1014.5,16.4,55,0.0,4.1,17.9,134.0,0.1,0.3,104.0,69,Umerkot,2026-07-23 16:34:56.886994+00:00
2026-05-06 20:00:00,24.2,13,1014.7,14.5,52,0.0,4.1,16.7,134.0,0.1,0.2,98.0,66,Umerkot,2026-07-23 16:34:56.886994+00:00
2026-05-06 21:00:00,23.0,17,1015.3,13.8,57,0.0,4.0,15.4,134.0,0.1,0.2,93.0,61,Umerkot,2026-07-23 16:34:56.886994+00:00
2026-05-06 22:00:00,21.9,19,1016.0,12.7,55,0.0,4.3,16.6,134.0,0.1,0.2,89.0,55,Umerkot,2026-07-23 16:34:56.886994+00:00
2026-05-06 23:00:00,20.8,21,1016.4,14.1,60,0.0,4.8,20.3,133.0,0.1,0.2,86.0,49,Umerkot,2026-07-23 16:34:56.886994+00:00
2026-05-07 00:00:00,19.8,24,1016.5,15.1,65,0.0,5.2,21.5,133.0,0.1,0.2,82.0,47,Umerkot,2026-07-23 16:34:56.886994+00:00
2026-05-07 01:00:00,18.7,26,1016.1,15.6,67,0.0,5.7,24.2,133.0,0.1,0.2,80.0,45,Umerkot,2026-07-23 16:34:56.886994+00:00
2026-05-07 02:00:00,17.7,28,1015.9,15.8,73,0.0,6.3,28.1,132.0,0.1,0.3,78.0,43,Umerkot,2026-07-23 16:34:56.886994+00:00
2026-05-07 03:00:00,16.8,29,1015.7,15.5,72,0.0,6.9,31.5,132.0,0.1,0.3,77.0,41,Umerkot,2026-07-23 16:34:56.886994+00:00
2026-05-07 04:00:00,15.8,32,1015.6,15.6,75,0.0,7.3,34.3,132.0,0.1,0.3,76.0,40,Umerkot,2026-07-23 16:34:56.886994+00:00
2026-05-07 05:00:00,14.9,34,1016.1,15.7,75,0.0,7.3,33.1,132.0,0.2,0.3,76.0,38,Umerkot,2026-07-23 16:34:56.886994+00:00
2026-05-07 06:00:00,14.1,37,1016.2,15.5,85,0.0,8.1,41.8,132.0,0.2,0.3,80.0,37,Umerkot,2026-07-23 16:34:56.886994+00:00
2026-05-07 07:00:00,13.5,38,1016.8,15.5,92,0.0,9.0,54.6,132.0,0.2,0.3,90.0,37,Umerkot,2026-07-23 16:34:56.886994+00:00
2026-05-07 08:00:00,14.7,35,1017.5,13.8,102,0.0,9.0,57.7,132.0,0.1,0.3,104.0,37,Umerkot,2026-07-23 16:34:56.886994+00:00
2026-05-07 09:00:00,17.3,29,1018.0,15.3,105,0.0,8.3,51.2,132.0,0.1,0.4,114.0,38,Umerkot,2026-07-23 16:34:56.886994+00:00
2026-05-07 10:00:00,19.9,24,1018.3,19.4,107,0.0,7.3,42.6,132.0,0.1,0.5,118.0,40,Umerkot,2026-07-23 16:34:56.886994+00:00
2026-05-07 11:00:00,22.2,19,1017.9,21.4,103,0.0,6.3,34.5,131.0,0.1,0.7,118.0,43,Umerkot,2026-07-23 16:34:56.886994+00:00
2026-05-07 12:00:00,23.9,17,1017.8,21.0,97,0.0,2.7,17.6,131.0,0.1,0.5,119.0,45,Umerkot,2026-07-23 16:34:56.886994+00:00
2026-05-07 13:00:00,25.3,16,1017.2,17.8,98,0.0,2.2,13.4,130.0,0.1,0.6,119.0,47,Umerkot,2026-07-23 16:34:56.886994+00:00
2026-05-07 14:00:00,26.5,14,1016.6,13.8,97,0.0,2.1,11.2,130.0,0.1,0.8,120.0,50,Umerkot,2026-07-23 16:34:56.886994+00:00
2026-05-07 15:00:00,27.4,12,1016.1,14.0,72,0.0,2.0,10.1,129.0,0.1,0.9,119.0,58,Umerkot,2026-07-23 16:34:56.886994+00:00
2026-05-07 16:00:00,27.9,12,1015.4,14.6,64,0.0,2.0,10.0,129.0,0.1,0.8,116.0,65,Umerkot,2026-07-23 16:34:56.886994+00:00
2026-05-07 17:00:00,28.0,11,1015.0,15.4,58,0.0,2.1,10.7,128.0,0.1,0.6,111.0,67,Umerkot,2026-07-23 16:34:56.886994+00:00
2026-05-07 18:00:00,27.6,12,1014.8,15.4,57,0.0,2.1,10.5,128.0,0.1,0.4,106.0,66,Umerkot,2026-07-23 16:34:56.886994+00:00
2026-05-07 19:00:00,26.8,13,1014.8,15.1,52,0.0,2.5,12.1,128.0,0.1,0.4,100.0,64,Umerkot,2026-07-23 16:34:56.886994+00:00
2026-05-07 20:00:00,25.6,15,1014.9,13.0,49,0.0,2.6,10.6,128.0,0.1,0.4,94.0,60,Umerkot,2026-07-23 16:34:56.886994+00:00
2026-05-07 21:00:00,24.4,17,1015.8,14.3,41,0.0,2.9,10.7,127.0,0.1,0.5,90.0,55,Umerkot,2026-07-23 16:34:56.886994+00:00
2026-05-07 22:00:00,23.3,19,1016.5,14.7,41,0.0,3.4,13.0,126.0,0.1,0.6,88.0,50,Umerkot,2026-07-23 16:34:56.886994+00:00
2026-05-07 23:00:00,22.1,17,1017.0,15.5,43,0.0,4.2,18.6,124.0,0.1,0.8,87.0,48,Umerkot,2026-07-23 16:34:56.886994+00:00
2026-05-08 00:00:00,21.0,15,1017.4,15.7,47,0.0,5.4,26.7,123.0,0.1,1.1,88.0,46,Umerkot,2026-07-23 16:34:56.886994+00:00
2026-05-08 01:00:00,19.9,15,1017.5,15.1,50,0.0,6.5,35.6,123.0,0.1,1.3,88.0,44,Umerkot,2026-07-23 16:34:56.886994+00:00
2026-05-08 02:00:00,18.8,18,1016.9,14.9,55,0.0,7.7,45.8,124.0,0.1,1.7,88.0,43,Umerkot,2026-07-23 16:34:56.886994+00:00
2026-05-08 03:00:00,18.0,22,1016.3,14.7,61,0.0,8.8,54.0,125.0,0.1,2.0,89.0,42,Umerkot,2026-07-23 16:34:56.886994+00:00
2026-05-08 04:00:00,17.0,26,1016.0,14.7,67,0.0,9.5,59.8,126.0,0.1,2.2,89.0,41,Umerkot,2026-07-23 16:34:56.886994+00:00
2026-05-08 05:00:00,16.1,29,1015.8,14.6,74,0.0,10.1,63.1,127.0,0.1,2.4,89.0,41,Umerkot,2026-07-23 16:34:56.886994+00:00
2026-05-08 06:00:00,15.2,32,1016.1,14.4,77,0.0,10.9,68.0,128.0,0.1,2.6,93.0,41,Umerkot,2026-07-23 16:34:56.886994+00:00
2026-05-08 07:00:00,14.6,34,1016.8,14.4,82,0.0,13.1,88.0,129.0,0.1,3.1,104.0,41,Umerkot,2026-07-23 16:34:56.886994+00:00
2026-05-08 08:00:00,16.1,32,1017.4,14.8,93,0.0,14.6,96.2,130.0,0.1,3.6,120.0,42,Umerkot,2026-07-23 16:34:56.886994+00:00
2026-05-08 09:00:00,18.8,28,1017.7,14.6,100,0.0,14.0,86.1,130.0,0.1,3.8,131.0,44,Umerkot,2026-07-23 16:34:56.886994+00:00
2026-05-08 10:00:00,21.6,25,1017.6,19.1,99,0.0,12.2,68.9,130.0,0.1,3.4,135.0,47,Umerkot,2026-07-23 16:34:56.886994+00:00
2026-05-08 11:00:00,23.9,22,1017.7,21.0,95,0.0,9.9,52.4,130.0,0.1,2.7,135.0,49,Umerkot,2026-07-23 16:34:56.886994+00:00
2026-05-08 12:00:00,25.8,19,1017.4,19.8,88,0.0,5.3,31.1,130.0,0.1,2.0,134.0,57,Umerkot,2026-07-23 16:34:56.886994+00:00
2026-05-08 13:00:00,27.6,16,1016.6,18.6,84,0.0,4.4,23.8,130.0,0.1,1.8,132.0,67,Umerkot,2026-07-23 16:34:56.886994+00:00
2026-05-08 14:00:00,29.0,14,1015.7,17.7,81,0.0,3.9,20.1,130.0,0.1,1.6,129.0,76,Umerkot,2026-07-23 16:34:56.886994+00:00
2026-05-08 15:00:00,30.0,10,1015.0,18.2,78,0.0,3.9,18.2,130.0,0.1,1.4,126.0,84,Umerkot,2026-07-23 16:34:56.886994+00:00
2026-05-08 16:00:00,30.7,10,1014.5,16.9,69,0.0,3.9,17.0,130.0,0.1,1.4,123.0,88,Umerkot,2026-07-23 16:34:56.886994+00:00
2026-05-08 17:00:00,30.7,10,1014.3,16.5,59,0.0,4.2,17.4,130.0,0.1,1.5,120.0,89,Umerkot,2026-07-23 16:34:56.886994+00:00
2026-05-08 18:00:00,30.3,11,1013.8,16.4,55,0.0,4.5,17.1,130.0,0.1,1.6,116.0,86,Umerkot,2026-07-23 16:34:56.886994+00:00
2026-05-08 19:00:00,29.4,13,1014.0,16.0,51,0.0,5.0,18.4,131.0,0.1,1.6,111.0,82,Umerkot,2026-07-23 16:34:56.886994+00:00
2026-05-08 20:00:00,28.3,14,1014.2,12.5,51,0.0,5.2,18.0,131.0,0.1,1.5,106.0,77,Umerkot,2026-07-23 16:34:56.886994+00:00
2026-05-08 21:00:00,27.0,15,1015.1,13.2,47,0.0,5.4,20.5,132.0,0.1,1.4,102.0,71,Umerkot,2026-07-23 16:34:56.886994+00:00
2026-05-08 22:00:00,26.1,16,1015.7,15.1,45,0.0,5.7,27.2,133.0,0.1,1.2,98.0,65,Umerkot,2026-07-23 16:34:56.886994+00:00
2026-05-08 23:00:00,25.0,17,1016.5,18.1,44,0.0,6.3,37.8,133.0,0.1,0.9,95.0,58,Umerkot,2026-07-23 16:34:56.886994+00:00
2026-05-09 00:00:00,24.0,20,1016.7,18.5,49,0.0,7.3,50.4,133.0,0.1,0.7,92.0,52,Umerkot,2026-07-23 16:34:56.886994+00:00
2026-05-09 01:00:00,23.2,21,1016.6,17.5,49,0.0,9.1,68.7,132.0,0.1,0.7,91.0,49,Umerkot,2026-07-23 16:34:56.886994+00:00
2026-05-09 02:00:00,22.2,20,1016.3,16.7,46,0.0,11.5,90.3,131.0,0.1,0.6,89.0,47,Umerkot,2026-07-23 16:34:56.886994+00:00
2026-05-09 03:00:00,21.3,19,1015.9,16.1,55,0.0,13.7,106.9,131.0,0.1,0.6,88.0,45,Umerkot,2026-07-23 16:34:56.886994+00:00
2026-05-09 04:00:00,20.3,20,1015.7,16.0,60,0.0,15.1,114.1,131.0,0.1,0.7,87.0,45,Umerkot,2026-07-23 16:34:56.886994+00:00
2026-05-09 05:00:00,19.5,23,1016.0,14.9,58,0.0,16.1,116.6,132.0,0.2,0.8,86.0,46,Umerkot,2026-07-23 16:34:56.886994+00:00
2026-05-09 06:00:00,18.9,25,1016.4,13.7,57,0.0,17.9,129.5,133.0,0.2,0.9,89.0,48,Umerkot,2026-07-23 16:34:56.886994+00:00
2026-05-09 07:00:00,18.5,28,1016.6,14.6,69,0.0,21.6,156.9,136.0,0.2,1.1,97.0,50,Umerkot,2026-07-23 16:34:56.886994+00:00
2026-05-09 08:00:00,19.1,29,1017.1,13.7,77,0.0,22.7,164.4,140.0,0.1,1.3,109.0,52,Umerkot,2026-07-23 16:34:56.886994+00:00
2026-05-09 09:00:00,21.2,27,1017.8,14.6,81,0.0,20.1,145.8,142.0,0.1,1.4,118.0,53,Umerkot,2026-07-23 16:34:56.886994+00:00
2026-05-09 10:00:00,23.4,26,1017.9,17.8,83,0.0,16.5,111.3,141.0,0.1,1.4,122.0,54,Umerkot,2026-07-23 16:34:56.886994+00:00
2026-05-09 11:00:00,25.6,25,1017.6,20.6,85,0.0,13.0,80.1,138.0,0.1,1.3,123.0,55,Umerkot,2026-07-23 16:34:56.886994+00:00
2026-05-09 12:00:00,27.5,22,1017.3,18.2,88,0.0,7.0,41.8,135.0,0.1,1.2,122.0,56,Umerkot,2026-07-23 16:34:56.886994+00:00
2026-05-09 13:00:00,29.2,19,1016.4,15.0,83,0.0,6.0,33.1,134.0,0.1,1.2,121.0,56,Umerkot,2026-07-23 16:34:56.886994+00:00
2026-05-09 14:00:00,30.6,16,1015.6,13.1,67,0.0,6.1,33.4,133.0,0.1,1.1,120.0,58,Umerkot,2026-07-23 16:34:56.886994+00:00
2026-05-09 15:00:00,31.4,14,1015.1,15.0,51,0.0,6.9,39.0,132.0,0.1,1.1,118.0,65,Umerkot,2026-07-23 16:34:56.886994+00:00
2026-05-09 16:00:00,31.9,13,1014.5,16.6,48,0.0,7.7,44.4,132.0,0.1,1.1,116.0,69,Umerkot,2026-07-23 16:34:56.886994+00:00
2026-05-09 17:00:00,32.0,13,1014.1,17.6,50,0.0,7.9,43.0,131.0,0.1,1.2,113.0,71,Umerkot,2026-07-23 16:34:56.886994+00:00
2026-05-09 18:00:00,31.8,13,1014.1,18.1,43,0.0,7.0,32.4,131.0,0.1,1.2,109.0,70,Umerkot,2026-07-23 16:34:56.886994+00:00
2026-05-09 19:00:00,31.0,14,1014.3,19.4,33,0.0,6.5,27.5,130.0,0.1,1.2,104.0,67,Umerkot,2026-07-23 16:34:56.886994+00:00
2026-05-09 20:00:00,29.7,15,1014.8,17.8,31,0.0,6.1,24.0,128.0,0.1,1.1,98.0,63,Umerkot,2026-07-23 16:34:56.886994+00:00
2026-05-09 21:00:00,28.9,17,1015.4,16.5,39,0.0,6.0,23.9,127.0,0.1,1.1,93.0,59,Umerkot,2026-07-23 16:34:56.886994+00:00
2026-05-09 22:00:00,27.8,18,1015.7,13.5,44,0.0,6.1,26.7,128.0,0.1,1.1,90.0,59,Umerkot,2026-07-23 16:34:56.886994+00:00
2026-05-09 23:00:00,26.6,19,1016.1,13.4,44,0.0,6.7,34.5,130.0,0.1,1.1,88.0,59,Umerkot,2026-07-23 16:34:56.886994+00:00
2026-05-10 00:00:00,25.5,19,1016.4,13.9,44,0.0,8.1,47.6,131.0,0.1,1.1,86.0,59,Umerkot,2026-07-23 16:34:56.886994+00:00
2026-05-10 01:00:00,24.1,19,1016.6,11.1,39,0.0,9.6,61.7,130.0,0.1,1.3,86.0,59,Umerkot,2026-07-23 16:34:56.886994+00:00
2026-05-10 02:00:00,22.8,21,1016.2,10.8,32,0.0,11.6,79.2,129.0,0.1,1.5,86.0,59,Umerkot,2026-07-23 16:34:56.886994+00:00
2026-05-10 03:00:00,22.1,21,1015.8,12.4,33,0.0,13.3,91.7,128.0,0.1,1.7,87.0,58,Umerkot,2026-07-23 16:34:56.886994+00:00
2026-05-10 04:00:00,21.0,23,1015.8,12.3,40,0.0,14.6,98.5,128.0,0.1,1.9,87.0,58,Umerkot,2026-07-23 16:34:56.886994+00:00
2026-05-10 05:00:00,20.2,25,1016.0,12.3,51,0.0,15.6,100.6,128.0,0.1,2.1,88.0,58,Umerkot,2026-07-23 16:34:56.886994+00:00
2026-05-10 06:00:00,19.3,27,1016.4,11.6,55,0.0,16.9,105.9,128.0,0.1,2.3,90.0,57,Umerkot,2026-07-23 16:34:56.886994+00:00
2026-05-10 07:00:00,18.8,29,1017.0,11.1,67,0.0,22.1,142.0,129.0,0.1,2.5,97.0,57,Umerkot,2026-07-23 16:34:56.886994+00:00
2026-05-10 08:00:00,20.6,27,1017.5,10.2,77,0.0,26.2,167.6,131.0,0.1,2.7,106.0,57,Umerkot,2026-07-23 16:34:56.886994+00:00
2026-05-10 09:00:00,23.6,24,1017.6,9.1,75,0.0,25.1,154.1,131.0,0.1,2.7,111.0,57,Umerkot,2026-07-23 16:34:56.886994+00:00
2026-05-10 10:00:00,26.0,21,1017.5,12.1,73,0.0,22.2,130.4,129.0,0.1,2.3,107.0,57,Umerkot,2026-07-23 16:34:56.886994+00:00
2026-05-10 11:00:00,28.3,20,1017.4,12.6,68,0.0,19.7,114.1,127.0,0.0,1.8,99.0,57,Umerkot,2026-07-23 16:34:56.886994+00:00
2026-05-10 12:00:00,30.1,18,1017.2,12.9,54,0.0,18.5,107.1,124.0,0.0,1.3,92.0,58,Umerkot,2026-07-23 16:34:56.886994+00:00
2026-05-10 13:00:00,31.6,16,1016.6,15.1,45,0.0,17.9,103.1,122.0,0.0,1.1,89.0,59,Umerkot,2026-07-23 16:34:56.886994+00:00
2026-05-10 14:00:00,32.7,15,1015.9,17.0,39,0.0,17.2,96.4,120.0,0.0,0.9,87.0,61,Umerkot,2026-07-23 16:34:56.886994+00:00
2026-05-10 15:00:00,33.4,14,1015.4,19.7,39,0.0,16.1,87.1,118.0,0.0,0.8,85.0,62,Umerkot,2026-07-23 16:34:56.886994+00:00
2026-05-10 16:00:00,33.8,13,1014.5,20.3,37,0.0,15.0,78.0,117.0,0.0,0.7,83.0,63,Umerkot,2026-07-23 16:34:56.886994+00:00
2026-05-10 17:00:00,33.7,13,1014.1,20.0,35,0.0,13.8,65.7,116.0,0.0,0.7,80.0,64,Umerkot,2026-07-23 16:34:56.886994+00:00
2026-05-10 18:00:00,33.4,14,1013.7,18.7,36,0.0,12.2,49.2,116.0,0.0,0.7,77.0,64,Umerkot,2026-07-23 16:34:56.886994+00:00
2026-05-10 19:00:00,32.6,14,1013.7,19.2,35,0.0,11.4,43.1,116.0,0.0,0.7,73.0,65,Umerkot,2026-07-23 16:34:56.886994+00:00
2026-05-10 20:00:00,31.3,15,1014.1,15.5,28,0.0,10.9,40.5,115.0,0.0,0.6,69.0,65,Umerkot,2026-07-23 16:34:56.886994+00:00
2026-05-10 21:00:00,29.9,17,1014.9,15.7,27,0.0,10.8,40.4,116.0,0.0,0.6,66.0,65,Umerkot,2026-07-23 16:34:56.886994+00:00
2026-05-10 22:00:00,28.7,18,1015.5,14.6,27,0.0,10.9,42.5,118.0,0.0,0.6,64.0,66,Umerkot,2026-07-23 16:34:56.886994+00:00
2026-05-10 23:00:00,27.5,20,1015.8,13.8,35,0.0,11.0,45.6,120.0,0.0,0.6,63.0,66,Umerkot,2026-07-23 16:34:56.886994+00:00
2026-05-11 00:00:00,26.3,21,1016.3,14.2,39,0.0,12.4,61.7,122.0,0.0,0.8,72.0,66,Umerkot,2026-07-23 16:34:56.886994+00:00
2026-05-11 01:00:00,25.2,22,1016.4,15.3,32,0.0,13.6,75.0,123.0,0.0,0.9,72.0,66,Umerkot,2026-07-23 16:34:56.886994+00:00
2026-05-11 02:00:00,24.4,22,1016.3,17.0,41,0.0,14.8,85.9,124.0,0.0,0.9,73.0,67,Umerkot,2026-07-23 16:34:56.886994+00:00
2026-05-11 03:00:00,23.7,23,1015.8,17.5,50,0.0,15.7,91.5,125.0,0.0,1.0,74.0,67,Umerkot,2026-07-23 16:34:56.886994+00:00
2026-05-11 04:00:00,22.7,24,1015.5,16.4,54,0.0,16.3,94.5,125.0,0.0,1.1,74.0,67,Umerkot,2026-07-23 16:34:56.886994+00:00
2026-05-11 05:00:00,21.6,26,1015.6,14.4,62,0.0,16.6,94.1,125.0,0.1,1.2,74.0,67,Umerkot,2026-07-23 16:34:56.886994+00:00
2026-05-11 06:00:00,20.3,28,1015.8,11.5,80,0.0,17.6,99.2,125.0,0.1,1.2,77.0,67,Umerkot,2026-07-23 16:34:56.886994+00:00
2026-05-11 07:00:00,19.5,30,1016.3,9.4,95,0.0,19.8,119.0,124.0,0.1,1.2,85.0,66,Umerkot,2026-07-23 16:34:56.886994+00:00
2026-05-11 08:00:00,21.5,26,1017.2,8.4,127,0.0,17.6,109.7,123.0,0.1,1.1,96.0,66,Umerkot,2026-07-23 16:34:56.886994+00:00
2026-05-11 09:00:00,24.7,22,1017.4,8.0,136,0.0,13.9,82.7,122.0,0.1,1.1,105.0,65,Umerkot,2026-07-23 16:34:56.886994+00:00
2026-05-11 10:00:00,27.5,18,1017.6,8.8,125,0.0,12.9,74.0,122.0,0.1,1.3,109.0,63,Umerkot,2026-07-23 16:34:56.886994+00:00
2026-05-11 11:00:00,30.0,15,1017.5,12.6,92,0.0,12.1,67.8,123.0,0.1,1.5,111.0,62,Umerkot,2026-07-23 16:34:56.886994+00:00
2026-05-11 12:00:00,31.6,13,1017.3,15.0,79,0.0,9.0,50.4,123.0,0.1,1.6,111.0,61,Umerkot,2026-07-23 16:34:56.886994+00:00
2026-05-11 13:00:00,32.6,11,1016.6,15.1,72,0.0,8.5,48.0,123.0,0.1,1.5,113.0,60,Umerkot,2026-07-23 16:34:56.886994+00:00
2026-05-11 14:00:00,33.5,10,1016.0,14.8,67,0.0,8.2,45.6,122.0,0.1,1.3,116.0,59,Umerkot,2026-07-23 16:34:56.886994+00:00
2026-05-11 15:00:00,33.9,9,1015.1,16.6,67,0.0,8.1,44.2,121.0,0.1,1.2,115.0,58,Umerkot,2026-07-23 16:34:56.886994+00:00
2026-05-11 16:00:00,34.3,9,1014.2,16.4,63,0.0,8.4,44.2,120.0,0.1,1.2,109.0,58,Umerkot,2026-07-23 16:34:56.886994+00:00
2026-05-11 17:00:00,34.4,10,1014.0,16.5,56,0.0,8.7,41.1,120.0,0.1,1.2,100.0,57,Umerkot,2026-07-23 16:34:56.886994+00:00
2026-05-11 18:00:00,34.0,10,1013.8,17.5,58,0.0,8.4,32.5,119.0,0.1,1.2,91.0,57,Umerkot,2026-07-23 16:34:56.886994+00:00
2026-05-11 19:00:00,33.2,11,1014.0,16.2,53,0.0,8.5,31.3,118.0,0.1,1.2,84.0,56,Umerkot,2026-07-23 16:34:56.886994+00:00
2026-05-11 20:00:00,31.9,12,1014.5,11.8,39,0.0,8.7,32.5,117.0,0.1,1.1,78.0,56,Umerkot,2026-07-23 16:34:56.886994+00:00
2026-05-11 21:00:00,30.4,14,1015.1,10.9,46,0.0,9.0,35.2,117.0,0.1,1.1,73.0,56,Umerkot,2026-07-23 16:34:56.886994+00:00
2026-05-11 22:00:00,29.2,15,1015.5,11.6,54,0.0,9.3,38.0,118.0,0.1,1.1,71.0,56,Umerkot,2026-07-23 16:34:56.886994+00:00
2026-05-11 23:00:00,27.8,16,1016.1,11.4,53,0.0,9.6,40.6,119.0,0.1,1.0,70.0,56,Umerkot,2026-07-23 16:34:56.886994+00:00
2026-05-12 00:00:00,26.4,18,1016.4,9.8,50,0.0,10.0,41.2,120.0,0.1,1.0,69.0,56,Umerkot,2026-07-23 16:34:56.886994+00:00
2026-05-12 01:00:00,25.2,21,1016.0,8.4,50,0.0,10.2,43.7,119.0,0.1,1.0,68.0,55,Umerkot,2026-07-23 16:34:56.886994+00:00
2026-05-12 02:00:00,24.5,22,1015.4,7.3,73,0.0,10.5,46.4,117.0,0.1,0.9,67.0,55,Umerkot,2026-07-23 16:34:56.886994+00:00
2026-05-12 03:00:00,23.8,23,1014.8,9.0,93,0.0,10.9,49.6,116.0,0.1,0.9,66.0,55,Umerkot,2026-07-23 16:34:56.886994+00:00
2026-05-12 04:00:00,23.1,24,1014.4,8.9,117,0.0,11.1,52.2,115.0,0.1,0.9,63.0,54,Umerkot,2026-07-23 16:34:56.886994+00:00
2026-05-12 05:00:00,22.2,25,1014.4,10.1,140,0.0,10.8,48.5,115.0,0.1,0.9,61.0,54,Umerkot,2026-07-23 16:34:56.886994+00:00
2026-05-12 06:00:00,21.4,26,1014.4,11.4,149,0.0,11.1,49.1,115.0,0.1,0.9,62.0,54,Umerkot,2026-07-23 16:34:56.886994+00:00
2026-05-12 07:00:00,20.8,27,1014.7,11.7,155,0.0,13.8,78.0,116.0,0.1,1.0,70.0,53,Umerkot,2026-07-23 16:34:56.886994+00:00
2026-05-12 08:00:00,22.7,24,1015.3,10.1,161,0.0,15.5,101.3,117.0,0.0,1.1,83.0,53,Umerkot,2026-07-23 16:34:56.886994+00:00
2026-05-12 09:00:00,27.7,18,1015.9,7.1,156,0.0,15.8,105.5,118.0,0.0,1.2,92.0,52,Umerkot,2026-07-23 16:34:56.886994+00:00
2026-05-12 10:00:00,30.9,15,1016.0,8.3,150,0.0,15.5,99.9,118.0,0.0,1.1,96.0,53,Umerkot,2026-07-23 16:34:56.886994+00:00
2026-05-12 11:00:00,32.8,13,1016.3,2.9,137,0.0,15.0,90.8,117.0,0.0,0.9,96.0,53,Umerkot,2026-07-23 16:34:56.886994+00:00
2026-05-12 12:00:00,34.2,12,1016.2,4.4,328,0.0,14.5,82.7,116.0,0.0,0.7,96.0,53,Umerkot,2026-07-23 16:34:56.886994+00:00
2026-05-12 13:00:00,35.6,11,1015.6,5.4,334,0.0,14.3,78.9,116.0,0.0,0.7,96.0,53,Umerkot,2026-07-23 16:34:56.886994+00:00
2026-05-12 14:00:00,36.9,9,1014.8,7.5,339,0.0,14.1,76.4,117.0,0.0,0.7,95.0,54,Umerkot,2026-07-23 16:34:56.886994+00:00
2026-05-12 15:00:00,37.6,9,1013.8,10.8,10,0.0,13.9,73.6,117.0,0.0,0.7,93.0,54,Umerkot,2026-07-23 16:34:56.886994+00:00
2026-05-12 16:00:00,38.1,8,1013.0,11.5,9,0.0,13.9,72.6,117.0,0.0,0.8,89.0,55,Umerkot,2026-07-23 16:34:56.886994+00:00
2026-05-12 17:00:00,38.1,8,1012.4,12.5,8,0.0,13.7,65.9,116.0,0.0,0.9,83.0,55,Umerkot,2026-07-23 16:34:56.886994+00:00
2026-05-12 18:00:00,37.8,9,1011.8,14.1,10,0.0,14.0,61.0,116.0,0.0,0.9,79.0,56,Umerkot,2026-07-23 16:34:56.886994+00:00
2026-05-12 19:00:00,37.1,9,1011.8,13.8,14,0.0,15.9,64.0,117.0,0.0,0.9,79.0,56,Umerkot,2026-07-23 16:34:56.886994+00:00
2026-05-12 20:00:00,35.8,10,1012.0,10.3,46,0.0,19.3,76.4,117.0,0.0,0.8,80.0,57,Umerkot,2026-07-23 16:34:56.886994+00:00
2026-05-12 21:00:00,34.3,11,1012.7,15.5,26,0.0,20.6,78.5,118.0,0.0,0.7,81.0,58,Umerkot,2026-07-23 16:34:56.886994+00:00
2026-05-12 22:00:00,33.1,13,1013.5,19.6,3,0.0,18.6,61.9,118.0,0.0,0.6,81.0,58,Umerkot,2026-07-23 16:34:56.886994+00:00
2026-05-12 23:00:00,31.8,15,1014.2,22.9,349,0.0,15.3,41.6,118.0,0.0,0.5,82.0,59,Umerkot,2026-07-23 16:34:56.886994+00:00
2026-05-13 00:00:00,30.3,16,1014.1,20.0,349,0.0,18.3,37.1,118.0,0.0,0.5,65.0,60,Umerkot,2026-07-23 16:34:56.886994+00:00
2026-05-13 01:00:00,28.8,18,1013.7,16.6,358,0.0,17.3,38.3,117.0,0.0,0.5,64.0,60,Umerkot,2026-07-23 16:34:56.886994+00:00
2026-05-13 02:00:00,27.2,20,1013.5,13.5,358,0.0,17.4,44.0,117.0,0.0,0.6,63.0,61,Umerkot,2026-07-23 16:34:56.886994+00:00
2026-05-13 03:00:00,26.0,19,1012.7,14.6,3,0.0,18.2,53.8,116.0,0.0,0.6,63.0,61,Umerkot,2026-07-23 16:34:56.886994+00:00
2026-05-13 04:00:00,24.7,19,1012.9,13.7,2,0.0,19.0,62.9,116.0,0.0,0.7,64.0,62,Umerkot,2026-07-23 16:34:56.886994+00:00
2026-05-13 05:00:00,23.5,21,1013.2,13.2,2,0.0,19.8,69.8,115.0,0.1,0.7,65.0,63,Umerkot,2026-07-23 16:34:56.886994+00:00
2026-05-13 06:00:00,22.4,22,1013.6,12.3,7,0.0,21.5,83.1,116.0,0.1,0.8,69.0,63,Umerkot,2026-07-23 16:34:56.886994+00:00
2026-05-13 07:00:00,21.5,24,1014.3,10.0,13,0.0,26.5,113.9,118.0,0.1,0.8,77.0,64,Umerkot,2026-07-23 16:34:56.886994+00:00
2026-05-13 08:00:00,23.1,21,1015.1,8.4,10,0.0,27.9,121.5,120.0,0.1,0.9,86.0,65,Umerkot,2026-07-23 16:34:56.886994+00:00
2026-05-13 09:00:00,25.3,17,1015.8,10.1,19,0.0,23.8,99.7,122.0,0.1,0.9,95.0,66,Umerkot,2026-07-23 16:34:56.886994+00:00
2026-05-13 10:00:00,27.2,16,1016.0,10.5,35,0.0,19.7,79.2,122.0,0.1,0.9,102.0,67,Umerkot,2026-07-23 16:34:56.886994+00:00
2026-05-13 11:00:00,29.4,15,1015.8,11.7,47,0.0,16.5,63.8,121.0,0.1,0.8,107.0,67,Umerkot,2026-07-23 16:34:56.886994+00:00
2026-05-13 12:00:00,31.2,12,1015.3,10.5,53,0.0,8.9,35.0,120.0,0.1,1.0,112.0,67,Umerkot,2026-07-23 16:34:56.886994+00:00
2026-05-13 13:00:00,32.7,9,1014.6,8.9,45,0.0,7.9,29.9,120.0,0.1,1.0,113.0,67,Umerkot,2026-07-23 16:34:56.886994+00:00
2026-05-13 14:00:00,33.9,7,1013.9,9.2,26,0.0,7.2,26.3,120.0,0.1,1.1,114.0,66,Umerkot,2026-07-23 16:34:56.886994+00:00
2026-05-13 15:00:00,34.1,7,1013.2,16.1,28,0.0,6.9,24.0,120.0,0.1,1.1,113.0,66,Umerkot,2026-07-23 16:34:56.886994+00:00
2026-05-13 16:00:00,34.5,6,1012.5,16.8,29,0.0,6.9,22.5,121.0,0.1,1.1,108.0,65,Umerkot,2026-07-23 16:34:56.886994+00:00
2026-05-13 17:00:00,34.4,6,1012.1,18.6,27,0.0,6.9,20.0,122.0,0.1,1.0,101.0,65,Umerkot,2026-07-23 16:34:56.886994+00:00
2026-05-13 18:00:00,34.0,6,1011.7,19.4,31,0.0,6.8,15.7,122.0,0.1,0.9,94.0,64,Umerkot,2026-07-23 16:34:56.886994+00:00
2026-05-13 19:00:00,33.0,6,1011.8,20.0,43,0.0,6.9,14.8,121.0,0.1,0.8,86.0,63,Umerkot,2026-07-23 16:34:56.886994+00:00
2026-05-13 20:00:00,31.6,7,1012.1,13.9,51,0.0,7.0,14.5,119.0,0.1,0.7,79.0,63,Umerkot,2026-07-23 16:34:56.886994+00:00
2026-05-13 21:00:00,30.3,8,1012.4,12.8,59,0.0,7.1,14.9,117.0,0.1,0.6,73.0,62,Umerkot,2026-07-23 16:34:56.886994+00:00
2026-05-13 22:00:00,28.9,9,1012.9,11.6,58,0.0,7.2,15.6,116.0,0.1,0.5,71.0,61,Umerkot,2026-07-23 16:34:56.886994+00:00
2026-05-13 23:00:00,27.6,9,1013.2,11.8,65,0.0,7.4,17.1,116.0,0.1,0.5,71.0,60,Umerkot,2026-07-23 16:34:56.886994+00:00
2026-05-14 00:00:00,26.3,10,1013.2,11.7,67,0.0,8.6,25.0,116.0,0.0,0.3,67.0,59,Umerkot,2026-07-23 16:34:56.886994+00:00
2026-05-14 01:00:00,25.2,11,1012.9,10.7,68,0.0,9.5,33.3,115.0,0.0,0.3,64.0,58,Umerkot,2026-07-23 16:34:56.886994+00:00
2026-05-14 02:00:00,24.1,13,1012.5,9.7,68,0.0,10.5,42.4,114.0,0.1,0.3,61.0,58,Umerkot,2026-07-23 16:34:56.886994+00:00
2026-05-14 03:00:00,23.4,14,1012.2,10.5,73,0.0,11.3,47.8,114.0,0.1,0.3,59.0,57,Umerkot,2026-07-23 16:34:56.886994+00:00
2026-05-14 04:00:00,22.6,15,1012.0,11.6,84,0.0,12.2,52.6,114.0,0.1,0.3,59.0,57,Umerkot,2026-07-23 16:34:56.886994+00:00
2026-05-14 05:00:00,21.8,15,1012.1,11.9,100,0.0,13.5,59.1,114.0,0.1,0.3,62.0,56,Umerkot,2026-07-23 16:34:56.886994+00:00
2026-05-14 06:00:00,21.0,16,1012.1,13.0,132,0.0,15.3,66.8,115.0,0.1,0.4,67.0,56,Umerkot,2026-07-23 16:34:56.886994+00:00
2026-05-14 07:00:00,20.8,16,1012.3,12.9,141,0.0,18.8,93.1,117.0,0.1,0.6,78.0,55,Umerkot,2026-07-23 16:34:56.886994+00:00
2026-05-14 08:00:00,23.5,13,1013.0,13.6,146,0.0,18.9,93.4,119.0,0.1,0.9,93.0,55,Umerkot,2026-07-23 16:34:56.886994+00:00
2026-05-14 09:00:00,27.4,10,1013.0,13.7,150,0.0,15.0,69.6,120.0,0.1,1.1,103.0,54,Umerkot,2026-07-23 16:34:56.886994+00:00
2026-05-14 10:00:00,30.7,9,1013.2,18.2,144,0.0,11.8,53.1,120.0,0.1,1.1,106.0,53,Umerkot,2026-07-23 16:34:56.886994+00:00
2026-05-14 11:00:00,33.0,8,1012.8,20.6,140,0.0,10.9,48.1,118.0,0.1,1.1,105.0,53,Umerkot,2026-07-23 16:34:56.886994+00:00
2026-05-14 12:00:00,35.0,6,1012.2,21.0,144,0.0,16.8,69.6,117.0,0.1,1.1,106.0,52,Umerkot,2026-07-23 16:34:56.886994+00:00
2026-05-14 13:00:00,36.7,5,1011.5,17.8,150,0.0,16.6,68.2,117.0,0.1,1.0,105.0,53,Umerkot,2026-07-23 16:34:56.886994+00:00
2026-05-14 14:00:00,38.0,4,1010.6,12.0,156,0.0,16.4,68.2,116.0,0.1,1.0,103.0,53,Umerkot,2026-07-23 16:34:56.886994+00:00
2026-05-14 15:00:00,38.5,4,1009.6,8.8,147,0.0,15.9,66.6,116.0,0.1,0.9,100.0,54,Umerkot,2026-07-23 16:34:56.886994+00:00
2026-05-14 16:00:00,39.0,5,1008.9,3.6,123,0.0,15.1,62.4,116.0,0.1,0.8,94.0,55,Umerkot,2026-07-23 16:34:56.886994+00:00
2026-05-14 17:00:00,39.3,5,1008.5,5.5,36,0.0,13.4,48.4,115.0,0.1,0.7,87.0,56,Umerkot,2026-07-23 16:34:56.886994+00:00
2026-05-14 18:00:00,39.3,6,1007.9,9.8,26,0.0,12.6,41.9,115.0,0.1,0.7,80.0,56,Umerkot,2026-07-23 16:34:56.886994+00:00
2026-05-14 19:00:00,38.6,5,1007.9,15.9,22,0.0,13.1,41.6,114.0,0.1,0.9,75.0,57,Umerkot,2026-07-23 16:34:56.886994+00:00
2026-05-14 20:00:00,36.6,6,1008.4,16.3,47,0.0,14.5,46.3,113.0,0.1,1.1,71.0,57,Umerkot,2026-07-23 16:34:56.886994+00:00
2026-05-14 21:00:00,34.8,7,1008.7,14.2,64,0.0,15.9,50.6,112.0,0.1,1.3,68.0,58,Umerkot,2026-07-23 16:34:56.886994+00:00
2026-05-14 22:00:00,33.0,8,1009.2,9.6,47,0.0,17.1,54.6,111.0,0.1,1.4,65.0,58,Umerkot,2026-07-23 16:34:56.886994+00:00
2026-05-14 23:00:00,31.3,9,1009.7,9.6,37,0.0,17.9,59.4,111.0,0.1,1.5,63.0,59,Umerkot,2026-07-23 16:34:56.886994+00:00
2026-05-15 00:00:00,29.9,11,1010.0,8.3,46,0.0,16.4,57.2,111.0,0.1,1.4,62.0,60,Umerkot,2026-07-23 16:34:56.886994+00:00
2026-05-15 01:00:00,28.9,12,1010.0,8.0,44,0.0,15.1,52.6,112.0,0.1,1.2,60.0,60,Umerkot,2026-07-23 16:34:56.886994+00:00
2026-05-15 02:00:00,28.0,12,1010.1,10.5,7,0.0,12.7,42.6,113.0,0.0,0.8,58.0,61,Umerkot,2026-07-23 16:34:56.886994+00:00
2026-05-15 03:00:00,26.8,11,1009.5,11.0,345,0.0,11.6,38.4,115.0,0.0,0.6,56.0,61,Umerkot,2026-07-23 16:34:56.886994+00:00
2026-05-15 04:00:00,26.7,9,1009.3,16.7,340,0.0,15.7,60.5,117.0,0.0,0.5,54.0,61,Umerkot,2026-07-23 16:34:56.886994+00:00
2026-05-15 05:00:00,25.3,11,1010.0,16.5,349,0.0,21.5,85.2,119.0,0.1,0.5,53.0,61,Umerkot,2026-07-23 16:34:56.886994+00:00
2026-05-15 06:00:00,24.1,13,1010.6,16.3,346,0.0,30.5,131.8,120.0,0.1,0.5,54.0,62,Umerkot,2026-07-23 16:34:56.886994+00:00
2026-05-15 07:00:00,23.4,17,1011.5,16.8,350,0.0,44.2,197.0,120.0,0.1,0.6,59.0,63,Umerkot,2026-07-23 16:34:56.886994+00:00
2026-05-15 08:00:00,24.8,21,1012.7,14.6,355,0.0,49.8,214.7,120.0,0.1,0.6,67.0,65,Umerkot,2026-07-23 16:34:56.886994+00:00
2026-05-15 09:00:00,26.8,22,1013.3,15.2,5,0.0,46.6,194.6,120.0,0.1,0.7,74.0,68,Umerkot,2026-07-23 16:34:56.886994+00:00
2026-05-15 10:00:00,28.5,21,1013.8,17.1,21,0.0,41.3,165.3,120.0,0.1,0.7,78.0,70,Umerkot,2026-07-23 16:34:56.886994+00:00
2026-05-15 11:00:00,30.4,19,1014.3,19.4,31,0.0,36.8,139.7,121.0,0.0,0.6,80.0,72,Umerkot,2026-07-23 16:34:56.886994+00:00
2026-05-15 12:00:00,32.2,17,1014.3,22.4,37,0.0,32.2,123.4,121.0,0.0,0.7,83.0,74,Umerkot,2026-07-23 16:34:56.886994+00:00
2026-05-15 13:00:00,33.7,15,1013.9,21.0,43,0.0,29.5,108.7,121.0,0.0,0.6,84.0,76,Umerkot,2026-07-23 16:34:56.886994+00:00
2026-05-15 14:00:00,34.9,13,1012.9,16.8,51,0.0,27.1,98.0,120.0,0.0,0.6,86.0,77,Umerkot,2026-07-23 16:34:56.886994+00:00
2026-05-15 15:00:00,34.9,12,1013.0,16.4,42,0.0,24.9,87.5,120.0,0.0,0.5,87.0,78,Umerkot,2026-07-23 16:34:56.886994+00:00
2026-05-15 16:00:00,35.4,12,1012.4,15.1,29,0.0,23.1,79.6,120.0,0.0,0.5,86.0,78,Umerkot,2026-07-23 16:34:56.886994+00:00
2026-05-15 17:00:00,35.3,11,1012.2,15.5,26,0.0,21.4,69.6,120.0,0.0,0.4,83.0,79,Umerkot,2026-07-23 16:34:56.886994+00:00
2026-05-15 18:00:00,34.9,11,1011.7,14.7,31,0.0,19.6,57.9,120.0,0.0,0.4,80.0,80,Umerkot,2026-07-23 16:34:56.886994+00:00
2026-05-15 19:00:00,34.0,11,1012.0,16.3,33,0.0,18.5,55.6,120.0,0.0,0.4,77.0,80,Umerkot,2026-07-23 16:34:56.886994+00:00
2026-05-15 20:00:00,32.7,13,1012.5,16.6,34,0.0,17.3,52.4,119.0,0.0,0.3,74.0,80,Umerkot,2026-07-23 16:34:56.886994+00:00
2026-05-15 21:00:00,31.6,14,1013.1,15.9,37,0.0,15.8,46.6,119.0,0.0,0.3,71.0,81,Umerkot,2026-07-23 16:34:56.886994+00:00
2026-05-15 22:00:00,30.4,16,1013.8,16.7,41,0.0,14.5,40.5,118.0,0.0,0.3,68.0,81,Umerkot,2026-07-23 16:34:56.886994+00:00
2026-05-15 23:00:00,29.2,17,1014.3,16.4,54,0.0,13.5,37.0,118.0,0.0,0.3,66.0,81,Umerkot,2026-07-23 16:34:56.886994+00:00
2026-05-16 00:00:00,28.0,18,1014.4,13.9,65,0.0,11.7,31.3,117.0,0.0,0.3,66.0,80,Umerkot,2026-07-23 16:34:56.886994+00:00
2026-05-16 01:00:00,26.9,19,1014.3,12.3,65,0.0,10.9,29.2,117.0,0.0,0.3,64.0,80,Umerkot,2026-07-23 16:34:56.886994+00:00
2026-05-16 02:00:00,25.8,20,1013.8,12.4,77,0.0,10.4,29.2,116.0,0.0,0.3,61.0,79,Umerkot,2026-07-23 16:34:56.886994+00:00
2026-05-16 03:00:00,24.9,20,1013.5,13.2,80,0.0,10.3,31.9,116.0,0.0,0.3,60.0,79,Umerkot,2026-07-23 16:34:56.886994+00:00
2026-05-16 04:00:00,24.1,21,1013.5,13.3,88,0.0,10.8,37.4,116.0,0.0,0.3,60.0,79,Umerkot,2026-07-23 16:34:56.886994+00:00
2026-05-16 05:00:00,23.2,21,1013.5,12.5,98,0.0,12.0,48.1,116.0,0.0,0.3,61.0,79,Umerkot,2026-07-23 16:34:56.886994+00:00
2026-05-16 06:00:00,22.4,22,1013.4,12.3,119,0.0,14.4,68.0,116.0,0.0,0.3,64.0,78,Umerkot,2026-07-23 16:34:56.886994+00:00
2026-05-16 07:00:00,22.1,23,1013.6,13.7,128,0.0,18.3,101.5,116.0,0.0,0.3,73.0,77,Umerkot,2026-07-23 16:34:56.886994+00:00
2026-05-16 08:00:00,24.1,20,1014.0,13.7,129,0.0,17.8,98.7,116.0,0.0,0.4,84.0,75,Umerkot,2026-07-23 16:34:56.886994+00:00
2026-05-16 09:00:00,27.3,16,1014.2,16.8,131,0.0,20.0,105.9,116.0,0.0,0.4,90.0,72,Umerkot,2026-07-23 16:34:56.886994+00:00
2026-05-16 10:00:00,30.3,13,1014.2,21.9,127,0.0,25.8,127.1,117.0,0.0,0.4,87.0,70,Umerkot,2026-07-23 16:34:56.886994+00:00
2026-05-16 11:00:00,32.9,10,1014.1,24.1,126,0.0,27.8,130.4,119.0,0.0,0.3,79.0,69,Umerkot,2026-07-23 16:34:56.886994+00:00
2026-05-16 12:00:00,35.1,10,1013.4,25.6,124,0.0,19.2,86.8,120.0,0.0,0.3,74.0,68,Umerkot,2026-07-23 16:34:56.886994+00:00
2026-05-16 13:00:00,36.5,12,1012.7,24.5,123,0.0,19.4,84.8,120.0,0.0,0.3,73.0,67,Umerkot,2026-07-23 16:34:56.886994+00:00
2026-05-16 14:00:00,37.8,12,1011.9,22.1,123,0.0,19.2,82.2,120.0,0.0,0.2,72.0,66,Umerkot,2026-07-23 16:34:56.886994+00:00
2026-05-16 15:00:00,38.3,11,1011.3,21.4,124,0.0,19.0,80.8,120.0,0.0,0.2,69.0,66,Umerkot,2026-07-23 16:34:56.886994+00:00
2026-05-16 16:00:00,38.9,11,1010.6,18.4,129,0.0,19.0,79.9,119.0,0.0,0.2,65.0,65,Umerkot,2026-07-23 16:34:56.886994+00:00
2026-05-16 17:00:00,39.2,11,1010.3,15.2,133,0.0,17.8,64.5,119.0,0.0,0.2,60.0,65,Umerkot,2026-07-23 16:34:56.886994+00:00
2026-05-16 18:00:00,39.0,11,1009.8,13.6,136,0.0,16.9,55.6,118.0,0.0,0.2,55.0,65,Umerkot,2026-07-23 16:34:56.886994+00:00
2026-05-16 19:00:00,38.4,11,1009.7,12.9,137,0.0,16.1,49.2,118.0,0.0,0.2,51.0,64,Umerkot,2026-07-23 16:34:56.886994+00:00
2026-05-16 20:00:00,36.7,13,1009.9,9.7,121,0.0,15.5,45.3,117.0,0.0,0.2,48.0,64,Umerkot,2026-07-23 16:34:56.886994+00:00
2026-05-16 21:00:00,35.5,15,1010.3,11.7,117,0.0,15.1,43.1,117.0,0.0,0.2,45.0,64,Umerkot,2026-07-23 16:34:56.886994+00:00
2026-05-16 22:00:00,34.2,16,1010.8,13.3,120,0.0,14.9,42.4,117.0,0.0,0.2,43.0,64,Umerkot,2026-07-23 16:34:56.886994+00:00
2026-05-16 23:00:00,33.1,17,1011.3,14.0,120,0.0,14.7,41.4,116.0,0.0,0.2,41.0,64,Umerkot,2026-07-23 16:34:56.886994+00:00
2026-05-17 00:00:00,31.8,19,1011.3,14.3,123,0.0,14.4,38.6,116.0,0.0,0.2,40.0,64,Umerkot,2026-07-23 16:34:56.886994+00:00
2026-05-17 01:00:00,30.6,20,1011.3,15.2,130,0.0,14.6,40.0,116.0,0.0,0.2,39.0,64,Umerkot,2026-07-23 16:34:56.886994+00:00
2026-05-17 02:00:00,29.4,22,1011.1,16.2,144,0.0,14.9,41.3,116.0,0.0,0.1,37.0,65,Umerkot,2026-07-23 16:34:56.886994+00:00
2026-05-17 03:00:00,29.9,20,1010.3,16.7,159,0.0,15.3,43.0,116.0,0.0,0.1,37.0,65,Umerkot,2026-07-23 16:34:56.886994+00:00
2026-05-17 04:00:00,29.1,21,1010.0,17.4,166,0.0,15.8,45.9,116.0,0.0,0.1,38.0,65,Umerkot,2026-07-23 16:34:56.886994+00:00
2026-05-17 05:00:00,28.2,22,1009.9,17.6,172,0.0,17.1,53.7,116.0,0.0,0.2,40.0,66,Umerkot,2026-07-23 16:34:56.886994+00:00
2026-05-17 06:00:00,27.9,22,1009.8,19.4,181,0.0,17.9,56.9,116.0,0.0,0.2,43.0,66,Umerkot,2026-07-23 16:34:56.886994+00:00
2026-05-17 07:00:00,27.8,22,1009.8,20.4,184,0.0,21.2,85.0,117.0,0.0,0.2,49.0,67,Umerkot,2026-07-23 16:34:56.886994+00:00
2026-05-17 08:00:00,30.0,20,1010.4,20.3,193,0.0,25.0,115.7,118.0,0.0,0.2,56.0,67,Umerkot,2026-07-23 16:34:56.886994+00:00
2026-05-17 09:00:00,33.0,17,1011.0,17.0,195,0.0,27.4,134.6,118.0,0.0,0.2,61.0,67,Umerkot,2026-07-23 16:34:56.886994+00:00
2026-05-17 10:00:00,36.8,13,1011.1,24.2,210,0.0,28.6,143.4,118.0,0.0,0.2,62.0,68,Umerkot,2026-07-23 16:34:56.886994+00:00
2026-05-17 11:00:00,39.2,11,1011.3,30.5,222,0.0,29.3,150.4,117.0,0.0,0.1,62.0,68,Umerkot,2026-07-23 16:34:56.886994+00:00
2026-05-17 12:00:00,40.8,10,1011.3,31.5,234,0.0,30.0,150.4,116.0,0.0,0.1,61.0,68,Umerkot,2026-07-23 16:34:56.886994+00:00
2026-05-17 13:00:00,42.0,9,1010.9,30.7,242,0.0,31.2,159.3,115.0,0.0,0.1,62.0,69,Umerkot,2026-07-23 16:34:56.886994+00:00
2026-05-17 14:00:00,42.8,9,1010.5,30.2,247,0.0,31.7,163.9,115.0,0.0,0.1,62.0,70,Umerkot,2026-07-23 16:34:56.886994+00:00
2026-05-17 15:00:00,43.3,8,1010.0,25.4,248,0.0,32.0,165.8,114.0,0.0,0.1,62.0,71,Umerkot,2026-07-23 16:34:56.886994+00:00
2026-05-17 16:00:00,43.5,8,1009.5,23.1,249,0.0,32.1,164.4,113.0,0.0,0.1,60.0,72,Umerkot,2026-07-23 16:34:56.886994+00:00
2026-05-17 17:00:00,43.4,8,1009.2,22.0,256,0.0,30.5,136.9,113.0,0.0,0.1,56.0,73,Umerkot,2026-07-23 16:34:56.886994+00:00
2026-05-17 18:00:00,42.8,8,1008.9,22.9,266,0.0,28.6,117.1,112.0,0.0,0.1,53.0,74,Umerkot,2026-07-23 16:34:56.886994+00:00
2026-05-17 19:00:00,41.9,8,1009.0,23.1,268,0.0,27.4,109.0,112.0,0.0,0.1,51.0,75,Umerkot,2026-07-23 16:34:56.886994+00:00
2026-05-17 20:00:00,40.4,9,1009.3,18.1,253,0.0,26.5,105.0,112.0,0.0,0.1,50.0,76,Umerkot,2026-07-23 16:34:56.886994+00:00
2026-05-17 21:00:00,38.9,10,1009.6,15.9,231,0.0,26.3,106.9,112.0,0.0,0.1,49.0,77,Umerkot,2026-07-23 16:34:56.886994+00:00
2026-05-17 22:00:00,37.8,10,1010.0,17.9,214,0.0,26.3,109.4,112.0,0.0,0.1,48.0,78,Umerkot,2026-07-23 16:34:56.886994+00:00
2026-05-17 23:00:00,36.8,11,1010.1,17.5,215,0.0,26.3,110.8,111.0,0.0,0.1,48.0,79,Umerkot,2026-07-23 16:34:56.886994+00:00
2026-05-18 00:00:00,35.6,12,1010.1,17.0,214,0.0,25.7,109.7,111.0,0.0,0.1,47.0,79,Umerkot,2026-07-23 16:34:56.886994+00:00
2026-05-18 01:00:00,34.7,12,1009.9,15.9,225,0.0,25.8,112.2,111.0,0.0,0.1,47.0,80,Umerkot,2026-07-23 16:34:56.886994+00:00
2026-05-18 02:00:00,34.2,12,1009.4,17.1,229,0.0,25.7,113.2,110.0,0.0,0.1,47.0,81,Umerkot,2026-07-23 16:34:56.886994+00:00
2026-05-18 03:00:00,33.3,13,1008.9,18.2,234,0.0,25.6,114.8,110.0,0.0,0.1,47.0,82,Umerkot,2026-07-23 16:34:56.886994+00:00
2026-05-18 04:00:00,32.7,13,1008.6,18.6,236,0.0,25.1,113.9,110.0,0.0,0.1,46.0,83,Umerkot,2026-07-23 16:34:56.886994+00:00
2026-05-18 05:00:00,31.7,14,1008.6,18.4,233,0.0,24.3,107.1,109.0,0.0,0.1,44.0,84,Umerkot,2026-07-23 16:34:56.886994+00:00
2026-05-18 06:00:00,31.1,14,1008.9,18.7,231,0.0,22.8,92.9,109.0,0.0,0.1,44.0,84,Umerkot,2026-07-23 16:34:56.886994+00:00
2026-05-18 07:00:00,30.7,15,1009.5,19.0,226,0.0,22.9,100.1,110.0,0.0,0.1,48.0,85,Umerkot,2026-07-23 16:34:56.886994+00:00
2026-05-18 08:00:00,32.7,13,1009.9,18.7,225,0.0,24.2,117.1,111.0,0.0,0.1,54.0,85,Umerkot,2026-07-23 16:34:56.886994+00:00
2026-05-18 09:00:00,35.9,11,1010.6,16.7,225,0.0,26.3,138.8,112.0,0.0,0.1,59.0,85,Umerkot,2026-07-23 16:34:56.886994+00:00
2026-05-18 10:00:00,39.1,9,1010.7,23.4,231,0.0,27.9,149.5,112.0,0.0,0.1,60.0,85,Umerkot,2026-07-23 16:34:56.886994+00:00
2026-05-18 11:00:00,41.5,8,1010.9,27.5,239,0.0,29.3,156.5,112.0,0.0,0.1,60.0,85,Umerkot,2026-07-23 16:34:56.886994+00:00
2026-05-18 12:00:00,43.0,7,1010.8,28.0,244,0.0,30.5,162.5,112.0,0.0,0.1,61.0,86,Umerkot,2026-07-23 16:34:56.886994+00:00
2026-05-18 13:00:00,43.9,6,1010.1,24.7,243,0.0,30.0,162.5,112.0,0.0,0.1,61.0,86,Umerkot,2026-07-23 16:34:56.886994+00:00
2026-05-18 14:00:00,44.5,6,1009.7,21.5,240,0.0,29.5,161.1,111.0,0.0,0.1,62.0,86,Umerkot,2026-07-23 16:34:56.886994+00:00
2026-05-18 15:00:00,44.8,6,1009.3,19.1,241,0.0,28.8,157.4,111.0,0.0,0.1,61.0,86,Umerkot,2026-07-23 16:34:56.886994+00:00
2026-05-18 16:00:00,45.0,6,1008.6,18.7,241,0.0,28.1,151.3,111.0,0.0,0.1,59.0,86,Umerkot,2026-07-23 16:34:56.886994+00:00
2026-05-18 17:00:00,45.0,5,1008.4,18.8,243,0.0,26.2,121.5,111.0,0.0,0.1,56.0,85,Umerkot,2026-07-23 16:34:56.886994+00:00
2026-05-18 18:00:00,44.1,6,1008.1,18.5,246,0.0,25.0,108.5,111.0,0.0,0.1,53.0,85,Umerkot,2026-07-23 16:34:56.886994+00:00
2026-05-18 19:00:00,43.1,6,1008.0,18.2,252,0.0,25.4,112.7,110.0,0.0,0.1,52.0,85,Umerkot,2026-07-23 16:34:56.886994+00:00
2026-05-18 20:00:00,41.5,7,1008.2,17.5,258,0.0,27.4,121.1,109.0,0.0,0.1,52.0,85,Umerkot,2026-07-23 16:34:56.886994+00:00
2026-05-18 21:00:00,40.1,7,1008.9,18.3,257,0.0,28.8,117.6,109.0,0.0,0.1,51.0,85,Umerkot,2026-07-23 16:34:56.886994+00:00
2026-05-18 22:00:00,39.0,8,1009.3,15.9,265,0.0,29.7,111.5,109.0,0.0,0.1,48.0,85,Umerkot,2026-07-23 16:34:56.886994+00:00
2026-05-18 23:00:00,36.3,10,1010.3,9.6,348,0.0,31.3,103.1,110.0,0.0,0.2,43.0,86,Umerkot,2026-07-23 16:34:56.886994+00:00
2026-05-19 00:00:00,34.9,10,1010.9,12.7,65,0.0,43.2,112.7,111.0,0.0,0.3,43.0,85,Umerkot,2026-07-23 16:34:56.886994+00:00
2026-05-19 01:00:00,33.6,11,1010.5,13.0,85,0.0,44.7,127.6,111.0,0.0,0.3,43.0,85,Umerkot,2026-07-23 16:34:56.886994+00:00
2026-05-19 02:00:00,32.1,13,1010.3,14.6,87,0.0,43.8,126.7,111.0,0.0,0.3,43.0,87,Umerkot,2026-07-23 16:34:56.886994+00:00
2026-05-19 03:00:00,30.6,15,1010.2,13.1,65,0.0,43.3,129.0,111.0,0.0,0.3,43.0,88,Umerkot,2026-07-23 16:34:56.886994+00:00
2026-05-19 04:00:00,30.2,16,1009.9,14.7,104,0.0,42.8,129.9,111.0,0.0,0.3,43.0,90,Umerkot,2026-07-23 16:34:56.886994+00:00
2026-05-19 05:00:00,29.2,17,1009.9,14.3,133,0.0,42.8,131.3,111.0,0.1,0.3,43.0,91,Umerkot,2026-07-23 16:34:56.886994+00:00
2026-05-19 06:00:00,29.0,18,1010.0,15.5,144,0.0,41.9,119.7,111.0,0.1,0.3,44.0,92,Umerkot,2026-07-23 16:34:56.886994+00:00
2026-05-19 07:00:00,29.1,18,1010.1,15.4,147,0.0,43.5,144.4,111.0,0.1,0.3,48.0,94,Umerkot,2026-07-23 16:34:56.886994+00:00
2026-05-19 08:00:00,31.4,15,1010.6,17.6,151,0.0,42.3,161.6,111.0,0.1,0.2,54.0,95,Umerkot,2026-07-23 16:34:56.886994+00:00
2026-05-19 09:00:00,34.7,12,1010.4,14.5,155,0.0,38.2,166.2,111.0,0.1,0.2,58.0,97,Umerkot,2026-07-23 16:34:56.886994+00:00
2026-05-19 10:00:00,38.3,9,1010.5,23.5,157,0.0,36.9,167.6,110.0,0.1,0.2,60.0,98,Umerkot,2026-07-23 16:34:56.886994+00:00
2026-05-19 11:00:00,40.3,8,1010.4,25.0,158,0.0,35.6,156.5,110.0,0.1,0.3,60.0,99,Umerkot,2026-07-23 16:34:56.886994+00:00
2026-05-19 12:00:00,42.2,7,1010.3,22.1,164,0.0,39.6,173.7,109.0,0.0,0.2,60.0,99,Umerkot,2026-07-23 16:34:56.886994+00:00
2026-05-19 13:00:00,43.1,6,1009.8,10.4,180,0.0,37.7,165.3,109.0,0.0,0.1,61.0,100,Umerkot,2026-07-23 16:34:56.886994+00:00
2026-05-19 14:00:00,44.4,6,1008.8,8.0,214,0.0,35.3,156.9,109.0,0.1,0.1,62.0,100,Umerkot,2026-07-23 16:34:56.886994+00:00
2026-05-19 15:00:00,44.9,6,1008.0,15.0,252,0.0,34.3,152.7,109.0,0.1,0.3,65.0,101,Umerkot,2026-07-23 16:34:56.886994+00:00
2026-05-19 16:00:00,43.8,6,1007.8,23.9,271,0.0,36.1,151.8,108.0,0.1,1.0,70.0,102,Umerkot,2026-07-23 16:34:56.886994+00:00
2026-05-19 17:00:00,44.3,6,1007.6,33.0,261,0.0,41.8,144.4,108.0,0.1,2.0,77.0,102,Umerkot,2026-07-23 16:34:56.886994+00:00
2026-05-19 18:00:00,40.7,10,1008.5,22.5,357,0.0,46.0,137.8,107.0,0.1,2.7,81.0,104,Umerkot,2026-07-23 16:34:56.886994+00:00
2026-05-19 19:00:00,39.3,13,1008.4,30.7,13,0.0,42.1,130.9,107.0,0.1,2.9,82.0,106,Umerkot,2026-07-23 16:34:56.886994+00:00
2026-05-19 20:00:00,37.4,15,1009.0,35.9,5,0.0,36.1,112.2,107.0,0.1,2.9,82.0,108,Umerkot,2026-07-23 16:34:56.886994+00:00
2026-05-19 21:00:00,35.6,18,1010.3,28.5,16,0.0,33.1,111.1,108.0,0.1,2.6,79.0,109,Umerkot,2026-07-23 16:34:56.886994+00:00
2026-05-19 22:00:00,34.4,18,1011.0,23.1,11,0.0,32.8,121.1,110.0,0.1,2.1,74.0,109,Umerkot,2026-07-23 16:34:56.886994+00:00
2026-05-19 23:00:00,33.2,20,1011.8,22.3,17,0.0,33.6,130.9,112.0,0.1,1.4,67.0,110,Umerkot,2026-07-23 16:34:56.886994+00:00
2026-05-20 00:00:00,31.7,22,1012.5,24.8,15,0.0,35.4,138.3,114.0,0.1,0.7,60.0,110,Umerkot,2026-07-23 16:34:56.886994+00:00
2026-05-20 01:00:00,29.9,25,1012.7,24.5,14,0.0,34.8,134.6,115.0,0.1,0.6,57.0,109,Umerkot,2026-07-23 16:34:56.886994+00:00
2026-05-20 02:00:00,28.7,28,1012.6,22.0,15,0.0,33.4,126.7,115.0,0.1,0.5,54.0,108,Umerkot,2026-07-23 16:34:56.886994+00:00
2026-05-20 03:00:00,27.8,29,1013.0,21.3,11,0.0,31.9,118.3,115.0,0.1,0.4,51.0,107,Umerkot,2026-07-23 16:34:56.886994+00:00
2026-05-20 04:00:00,26.9,31,1013.1,22.0,13,0.0,30.4,109.4,115.0,0.1,0.4,49.0,106,Umerkot,2026-07-23 16:34:56.886994+00:00
2026-05-20 05:00:00,26.2,32,1013.5,22.9,7,0.0,30.4,105.7,116.0,0.1,0.4,48.0,105,Umerkot,2026-07-23 16:34:56.886994+00:00
2026-05-20 06:00:00,25.1,34,1014.0,20.3,7,0.0,43.8,184.4,116.0,0.1,0.4,50.0,103,Umerkot,2026-07-23 16:34:56.886994+00:00
2026-05-20 07:00:00,24.4,38,1014.8,19.5,5,0.0,61.5,254.3,116.0,0.1,0.4,56.0,103,Umerkot,2026-07-23 16:34:56.886994+00:00
2026-05-20 08:00:00,25.3,36,1015.6,20.2,3,0.0,61.2,221.2,117.0,0.1,0.4,64.0,105,Umerkot,2026-07-23 16:34:56.886994+00:00
2026-05-20 09:00:00,27.0,35,1016.3,25.0,10,0.0,57.0,185.8,117.0,0.1,0.4,71.0,107,Umerkot,2026-07-23 16:34:56.886994+00:00
2026-05-20 10:00:00,28.6,33,1016.4,25.0,10,0.0,54.0,169.5,117.0,0.1,0.4,74.0,109,Umerkot,2026-07-23 16:34:56.886994+00:00
2026-05-20 11:00:00,29.9,29,1016.4,27.5,11,0.0,51.7,162.5,116.0,0.0,0.5,74.0,111,Umerkot,2026-07-23 16:34:56.886994+00:00
2026-05-20 12:00:00,31.1,27,1016.1,26.6,13,0.0,36.8,128.5,116.0,0.0,0.5,76.0,113,Umerkot,2026-07-23 16:34:56.886994+00:00
2026-05-20 13:00:00,32.0,25,1015.6,26.4,5,0.0,30.0,117.8,117.0,0.0,0.5,77.0,112,Umerkot,2026-07-23 16:34:56.886994+00:00
2026-05-20 14:00:00,32.3,23,1015.3,28.1,358,0.0,23.3,102.2,118.0,0.1,0.4,78.0,112,Umerkot,2026-07-23 16:34:56.886994+00:00
2026-05-20 15:00:00,31.5,24,1015.4,29.3,359,0.0,17.3,82.7,119.0,0.1,0.4,80.0,110,Umerkot,2026-07-23 16:34:56.886994+00:00
2026-05-20 16:00:00,31.6,25,1014.9,29.2,358,0.0,12.6,63.8,118.0,0.1,0.4,83.0,109,Umerkot,2026-07-23 16:34:56.886994+00:00
2026-05-20 17:00:00,31.3,25,1014.8,29.6,356,0.0,9.5,48.2,117.0,0.1,0.4,86.0,106,Umerkot,2026-07-23 16:34:56.886994+00:00
2026-05-20 18:00:00,30.4,26,1014.7,29.3,354,0.0,7.7,37.1,115.0,0.1,0.4,88.0,103,Umerkot,2026-07-23 16:34:56.886994+00:00
2026-05-20 19:00:00,29.0,28,1014.9,28.0,356,0.0,6.4,28.1,113.0,0.1,0.4,86.0,99,Umerkot,2026-07-23 16:34:56.886994+00:00
2026-05-20 20:00:00,27.6,26,1015.5,26.5,359,0.0,5.2,19.6,111.0,0.1,0.3,83.0,96,Umerkot,2026-07-23 16:34:56.886994+00:00
2026-05-20 21:00:00,26.5,24,1016.3,23.6,2,0.0,4.4,13.9,109.0,0.1,0.3,79.0,94,Umerkot,2026-07-23 16:34:56.886994+00:00
2026-05-20 22:00:00,25.6,23,1017.0,19.3,3,0.0,4.0,12.3,108.0,0.1,0.3,76.0,92,Umerkot,2026-07-23 16:34:56.886994+00:00
2026-05-20 23:00:00,24.4,23,1017.5,17.5,2,0.0,4.1,13.2,108.0,0.1,0.3,73.0,89,Umerkot,2026-07-23 16:34:56.886994+00:00
2026-05-21 00:00:00,23.2,23,1017.7,17.1,3,0.0,5.5,22.4,108.0,0.1,0.3,71.0,87,Umerkot,2026-07-23 16:34:56.886994+00:00
2026-05-21 01:00:00,22.0,24,1017.5,15.0,3,0.0,6.7,30.0,108.0,0.1,0.4,70.0,85,Umerkot,2026-07-23 16:34:56.886994+00:00
2026-05-21 02:00:00,20.9,26,1017.4,14.0,359,0.0,8.3,39.1,109.0,0.1,0.5,69.0,82,Umerkot,2026-07-23 16:34:56.886994+00:00
2026-05-21 03:00:00,20.2,29,1017.3,15.3,1,0.0,9.9,49.4,109.0,0.1,0.6,69.0,80,Umerkot,2026-07-23 16:34:56.886994+00:00
2026-05-21 04:00:00,19.1,32,1017.1,13.7,2,0.0,11.7,61.5,109.0,0.1,0.8,71.0,79,Umerkot,2026-07-23 16:34:56.886994+00:00
2026-05-21 05:00:00,18.1,35,1017.2,11.9,359,0.0,13.0,68.5,110.0,0.1,0.9,73.0,77,Umerkot,2026-07-23 16:34:56.886994+00:00
2026-05-21 06:00:00,17.3,38,1017.2,11.0,358,0.0,17.2,104.3,110.0,0.1,1.1,77.0,76,Umerkot,2026-07-23 16:34:56.886994+00:00
2026-05-21 07:00:00,16.9,40,1017.4,9.9,358,0.0,25.9,177.9,111.0,0.1,1.3,83.0,74,Umerkot,2026-07-23 16:34:56.886994+00:00
2026-05-21 08:00:00,18.7,37,1017.9,6.9,351,0.0,29.0,197.4,112.0,0.1,1.4,89.0,71,Umerkot,2026-07-23 16:34:56.886994+00:00
2026-05-21 09:00:00,21.2,33,1018.1,12.7,345,0.0,29.8,195.1,112.0,0.1,1.5,94.0,68,Umerkot,2026-07-23 16:34:56.886994+00:00
2026-05-21 10:00:00,23.3,30,1018.0,16.4,352,0.0,29.9,189.1,112.0,0.1,1.5,95.0,66,Umerkot,2026-07-23 16:34:56.886994+00:00
2026-05-21 11:00:00,24.5,28,1018.0,16.2,357,0.0,29.5,178.8,111.0,0.0,1.4,95.0,64,Umerkot,2026-07-23 16:34:56.886994+00:00
2026-05-21 12:00:00,25.7,25,1017.7,15.1,359,0.0,29.1,162.5,111.0,0.1,1.4,94.0,64,Umerkot,2026-07-23 16:34:56.886994+00:00
2026-05-21 13:00:00,27.0,23,1017.2,15.1,358,0.0,30.2,159.7,111.0,0.1,1.4,95.0,64,Umerkot,2026-07-23 16:34:56.886994+00:00
2026-05-21 14:00:00,28.0,21,1016.4,15.1,357,0.0,31.1,156.5,112.0,0.1,1.3,96.0,65,Umerkot,2026-07-23 16:34:56.886994+00:00
2026-05-21 15:00:00,28.5,19,1016.0,18.9,3,0.0,31.8,152.3,112.0,0.1,1.3,96.0,66,Umerkot,2026-07-23 16:34:56.886994+00:00
2026-05-21 16:00:00,28.8,18,1015.5,18.3,7,0.0,32.2,147.1,113.0,0.1,1.3,96.0,68,Umerkot,2026-07-23 16:34:56.886994+00:00
2026-05-21 17:00:00,28.7,19,1015.1,17.3,10,0.0,32.0,137.8,114.0,0.1,1.3,95.0,70,Umerkot,2026-07-23 16:34:56.886994+00:00
2026-05-21 18:00:00,28.2,19,1014.7,18.2,9,0.0,30.5,122.0,114.0,0.1,1.3,93.0,72,Umerkot,2026-07-23 16:34:56.886994+00:00
2026-05-21 19:00:00,27.2,20,1015.0,18.9,8,0.0,28.0,101.7,114.0,0.1,1.3,89.0,73,Umerkot,2026-07-23 16:34:56.886994+00:00
2026-05-21 20:00:00,26.1,22,1015.4,17.1,9,0.0,24.9,81.7,114.0,0.1,1.2,83.0,75,Umerkot,2026-07-23 16:34:56.886994+00:00
2026-05-21 21:00:00,25.3,24,1015.9,18.0,12,0.0,22.1,68.5,113.0,0.1,1.2,78.0,76,Umerkot,2026-07-23 16:34:56.886994+00:00
2026-05-21 22:00:00,24.6,25,1016.4,14.1,14,0.0,19.5,58.8,112.0,0.1,1.2,74.0,77,Umerkot,2026-07-23 16:34:56.886994+00:00
2026-05-21 23:00:00,23.7,27,1016.8,10.2,10,0.0,17.5,52.2,112.0,0.1,1.1,70.0,78,Umerkot,2026-07-23 16:34:56.886994+00:00
2026-05-22 00:00:00,22.7,29,1016.9,9.0,15,0.0,13.9,40.7,111.0,0.1,1.0,66.0,79,Umerkot,2026-07-23 16:34:56.886994+00:00
2026-05-22 01:00:00,21.8,31,1016.7,8.7,13,0.0,12.9,38.6,111.0,0.1,0.9,63.0,79,Umerkot,2026-07-23 16:34:56.886994+00:00
2026-05-22 02:00:00,20.9,32,1016.5,9.4,5,0.0,12.0,35.9,111.0,0.1,0.9,59.0,80,Umerkot,2026-07-23 16:34:56.886994+00:00
2026-05-22 03:00:00,20.0,32,1016.3,9.1,25,0.0,10.9,31.3,111.0,0.1,0.8,58.0,80,Umerkot,2026-07-23 16:34:56.886994+00:00
2026-05-22 04:00:00,19.0,34,1016.2,8.0,25,0.0,9.9,27.1,112.0,0.1,0.7,60.0,79,Umerkot,2026-07-23 16:34:56.886994+00:00
2026-05-22 05:00:00,18.2,36,1016.6,8.8,4,0.0,8.9,22.1,112.0,0.1,0.7,64.0,78,Umerkot,2026-07-23 16:34:56.886994+00:00
2026-05-22 06:00:00,17.4,37,1017.0,9.1,352,0.0,8.2,19.6,113.0,0.1,0.6,70.0,77,Umerkot,2026-07-23 16:34:56.886994+00:00
2026-05-22 07:00:00,17.1,37,1017.5,9.2,349,0.0,8.1,20.2,114.0,0.1,0.6,78.0,76,Umerkot,2026-07-23 16:34:56.886994+00:00
2026-05-22 08:00:00,19.0,33,1018.2,6.2,345,0.0,9.3,27.2,114.0,0.1,0.5,88.0,75,Umerkot,2026-07-23 16:34:56.886994+00:00
2026-05-22 09:00:00,21.7,28,1018.6,7.5,340,0.0,11.6,39.3,115.0,0.1,0.5,95.0,73,Umerkot,2026-07-23 16:34:56.886994+00:00
2026-05-22 10:00:00,23.8,25,1018.6,10.1,358,0.0,12.4,40.6,115.0,0.1,0.5,97.0,72,Umerkot,2026-07-23 16:34:56.886994+00:00
2026-05-22 11:00:00,25.3,23,1018.7,10.9,343,0.0,11.7,36.6,116.0,0.1,0.4,97.0,70,Umerkot,2026-07-23 16:34:56.886994+00:00
2026-05-22 12:00:00,26.5,20,1018.5,12.4,324,0.0,15.0,57.4,116.0,0.1,0.4,97.0,69,Umerkot,2026-07-23 16:34:56.886994+00:00
2026-05-22 13:00:00,27.6,18,1018.0,13.1,316,0.0,16.8,71.0,117.0,0.1,0.4,98.0,68,Umerkot,2026-07-23 16:34:56.886994+00:00
2026-05-22 14:00:00,28.7,17,1017.4,14.7,311,0.0,19.2,87.5,118.0,0.1,0.4,100.0,67,Umerkot,2026-07-23 16:34:56.886994+00:00
2026-05-22 15:00:00,29.1,16,1016.8,16.6,323,0.0,21.8,105.0,119.0,0.1,0.4,100.0,66,Umerkot,2026-07-23 16:34:56.886994+00:00
2026-05-22 16:00:00,29.7,16,1016.0,17.5,323,0.0,24.2,121.5,119.0,0.1,0.4,99.0,65,Umerkot,2026-07-23 16:34:56.886994+00:00
2026-05-22 17:00:00,29.8,15,1015.7,18.1,322,0.0,26.2,135.0,118.0,0.1,0.3,96.0,65,Umerkot,2026-07-23 16:34:56.886994+00:00
2026-05-22 18:00:00,29.5,16,1015.1,18.6,323,0.0,26.5,127.6,117.0,0.1,0.3,92.0,64,Umerkot,2026-07-23 16:34:56.886994+00:00
2026-05-22 19:00:00,28.9,16,1015.3,17.0,326,0.0,26.8,123.4,116.0,0.1,0.3,86.0,64,Umerkot,2026-07-23 16:34:56.886994+00:00
2026-05-22 20:00:00,28.1,17,1015.7,17.1,334,0.0,27.0,119.0,115.0,0.1,0.3,79.0,64,Umerkot,2026-07-23 16:34:56.886994+00:00
2026-05-22 21:00:00,27.0,18,1016.5,17.3,347,0.0,27.1,114.6,114.0,0.1,0.3,73.0,64,Umerkot,2026-07-23 16:34:56.886994+00:00
2026-05-22 22:00:00,26.0,19,1017.3,15.5,347,0.0,26.3,106.6,114.0,0.1,0.3,69.0,64,Umerkot,2026-07-23 16:34:56.886994+00:00
2026-05-22 23:00:00,24.9,21,1018.0,15.0,347,0.0,24.8,95.2,115.0,0.1,0.3,67.0,65,Umerkot,2026-07-23 16:34:56.886994+00:00
2026-05-23 00:00:00,23.7,22,1018.2,15.2,347,0.0,20.7,66.8,115.0,0.1,0.4,67.0,65,Umerkot,2026-07-23 16:34:56.886994+00:00
2026-05-23 01:00:00,22.5,25,1018.1,14.1,347,0.0,17.8,51.8,115.0,0.1,0.4,65.0,66,Umerkot,2026-07-23 16:34:56.886994+00:00
2026-05-23 02:00:00,21.4,28,1017.8,12.7,349,0.0,15.5,40.6,114.0,0.1,0.4,63.0,66,Umerkot,2026-07-23 16:34:56.886994+00:00
2026-05-23 03:00:00,20.5,33,1017.7,10.3,355,0.0,14.1,34.9,114.0,0.1,0.4,62.0,67,Umerkot,2026-07-23 16:34:56.886994+00:00
2026-05-23 04:00:00,19.3,36,1017.4,9.1,9,0.0,13.3,31.3,114.0,0.1,0.4,64.0,67,Umerkot,2026-07-23 16:34:56.886994+00:00
2026-05-23 05:00:00,18.3,40,1017.2,7.3,23,0.0,12.4,26.3,114.0,0.1,0.4,68.0,67,Umerkot,2026-07-23 16:34:56.886994+00:00
2026-05-23 06:00:00,17.8,42,1017.6,4.5,90,0.0,11.1,22.5,114.0,0.1,0.4,72.0,67,Umerkot,2026-07-23 16:34:56.886994+00:00
2026-05-23 07:00:00,17.4,42,1018.0,7.4,141,0.0,10.2,21.6,114.0,0.1,0.4,78.0,68,Umerkot,2026-07-23 16:34:56.886994+00:00
2026-05-23 08:00:00,19.5,37,1018.8,3.6,160,0.0,9.5,22.5,114.0,0.0,0.5,84.0,68,Umerkot,2026-07-23 16:34:56.886994+00:00
2026-05-23 09:00:00,21.7,32,1019.4,3.4,357,0.0,9.5,27.6,114.0,0.0,0.5,88.0,68,Umerkot,2026-07-23 16:34:56.886994+00:00
2026-05-23 10:00:00,23.7,29,1019.5,8.3,13,0.0,9.8,36.2,114.0,0.0,0.5,88.0,68,Umerkot,2026-07-23 16:34:56.886994+00:00
2026-05-23 11:00:00,25.2,27,1019.8,9.6,5,0.0,10.7,48.3,113.0,0.0,0.6,87.0,67,Umerkot,2026-07-23 16:34:56.886994+00:00
2026-05-23 12:00:00,26.7,25,1019.7,9.2,344,0.0,11.4,73.1,113.0,0.0,0.6,86.0,67,Umerkot,2026-07-23 16:34:56.886994+00:00
2026-05-23 13:00:00,28.1,23,1019.4,12.2,319,0.0,17.8,106.6,113.0,0.0,0.6,87.0,67,Umerkot,2026-07-23 16:34:56.886994+00:00
2026-05-23 14:00:00,29.2,21,1018.5,17.3,309,0.0,23.3,136.4,112.0,0.1,0.7,89.0,67,Umerkot,2026-07-23 16:34:56.886994+00:00
2026-05-23 15:00:00,29.7,21,1018.1,20.1,316,0.0,26.4,155.5,112.0,0.1,0.8,91.0,67,Umerkot,2026-07-23 16:34:56.886994+00:00
2026-05-23 16:00:00,30.2,19,1017.3,22.2,312,0.0,26.9,163.0,112.0,0.1,1.0,93.0,68,Umerkot,2026-07-23 16:34:56.886994+00:00
2026-05-23 17:00:00,30.1,19,1016.9,22.6,310,0.0,26.0,159.3,112.0,0.1,1.2,96.0,68,Umerkot,2026-07-23 16:34:56.886994+00:00
2026-05-23 18:00:00,29.6,19,1016.8,21.5,309,0.0,24.3,142.5,113.0,0.1,1.4,96.0,68,Umerkot,2026-07-23 16:34:56.886994+00:00
2026-05-23 19:00:00,28.9,19,1017.0,20.3,310,0.0,22.5,117.6,114.0,0.1,1.6,93.0,68,Umerkot,2026-07-23 16:34:56.886994+00:00
2026-05-23 20:00:00,27.9,19,1017.4,20.8,310,0.0,21.4,101.7,115.0,0.1,1.7,89.0,67,Umerkot,2026-07-23 16:34:56.886994+00:00
2026-05-23 21:00:00,26.8,20,1017.8,19.9,327,0.0,20.1,85.9,116.0,0.1,1.7,85.0,67,Umerkot,2026-07-23 16:34:56.886994+00:00
2026-05-23 22:00:00,25.4,22,1018.3,19.0,343,0.0,18.4,67.8,116.0,0.1,1.5,82.0,66,Umerkot,2026-07-23 16:34:56.886994+00:00
2026-05-23 23:00:00,24.0,24,1018.8,18.0,353,0.0,16.3,50.4,116.0,0.1,1.3,79.0,66,Umerkot,2026-07-23 16:34:56.886994+00:00
2026-05-24 00:00:00,22.9,25,1019.1,17.0,350,0.0,12.4,22.4,116.0,0.1,0.8,76.0,65,Umerkot,2026-07-23 16:34:56.886994+00:00
2026-05-24 01:00:00,21.7,28,1018.9,16.2,345,0.0,11.1,16.3,115.0,0.1,0.7,73.0,65,Umerkot,2026-07-23 16:34:56.886994+00:00
2026-05-24 02:00:00,20.6,33,1018.5,14.5,345,0.0,10.6,13.6,115.0,0.1,0.4,70.0,64,Umerkot,2026-07-23 16:34:56.886994+00:00
2026-05-24 03:00:00,19.9,36,1018.3,14.5,346,0.0,10.4,13.1,114.0,0.1,0.3,68.0,64,Umerkot,2026-07-23 16:34:56.886994+00:00
2026-05-24 04:00:00,19.0,38,1018.4,13.2,346,0.0,10.4,13.5,114.0,0.1,0.3,69.0,63,Umerkot,2026-07-23 16:34:56.886994+00:00
2026-05-24 05:00:00,17.9,42,1018.8,10.8,345,0.0,10.4,14.1,115.0,0.1,0.3,72.0,63,Umerkot,2026-07-23 16:34:56.886994+00:00
2026-05-24 06:00:00,16.8,47,1019.0,8.8,345,0.0,11.1,16.6,115.0,0.1,0.3,77.0,63,Umerkot,2026-07-23 16:34:56.886994+00:00
2026-05-24 07:00:00,16.4,49,1019.6,6.0,343,0.0,12.2,20.8,115.0,0.1,0.3,86.0,63,Umerkot,2026-07-23 16:34:56.886994+00:00
2026-05-24 08:00:00,18.3,44,1020.3,3.5,332,0.0,12.3,22.2,116.0,0.1,0.4,98.0,63,Umerkot,2026-07-23 16:34:56.886994+00:00
2026-05-24 09:00:00,20.9,37,1020.6,5.7,342,0.0,11.6,21.7,116.0,0.1,0.4,106.0,63,Umerkot,2026-07-23 16:34:56.886994+00:00
2026-05-24 10:00:00,23.3,29,1020.4,11.1,348,0.0,10.9,22.1,116.0,0.1,0.4,109.0,64,Umerkot,2026-07-23 16:34:56.886994+00:00
2026-05-24 11:00:00,24.6,25,1020.6,11.6,344,0.0,10.4,23.1,116.0,0.1,0.3,109.0,64,Umerkot,2026-07-23 16:34:56.886994+00:00
2026-05-24 12:00:00,25.9,22,1020.5,11.8,343,0.0,11.3,32.7,116.0,0.1,0.3,109.0,64,Umerkot,2026-07-23 16:34:56.886994+00:00
2026-05-24 13:00:00,27.2,19,1020.0,12.9,339,0.0,11.3,33.8,116.0,0.1,0.3,109.0,64,Umerkot,2026-07-23 16:34:56.886994+00:00
2026-05-24 14:00:00,28.2,17,1019.1,14.5,340,0.0,11.3,35.5,115.0,0.1,0.2,108.0,63,Umerkot,2026-07-23 16:34:56.886994+00:00
2026-05-24 15:00:00,28.8,16,1018.6,16.4,351,0.0,11.3,36.9,115.0,0.1,0.2,106.0,62,Umerkot,2026-07-23 16:34:56.886994+00:00
2026-05-24 16:00:00,29.1,16,1018.0,17.0,355,0.0,11.3,37.6,115.0,0.1,0.2,103.0,61,Umerkot,2026-07-23 16:34:56.886994+00:00
2026-05-24 17:00:00,29.0,16,1017.7,17.5,1,0.0,11.2,37.1,115.0,0.1,0.2,99.0,60,Umerkot,2026-07-23 16:34:56.886994+00:00
2026-05-24 18:00:00,28.5,17,1017.3,17.8,8,0.0,10.6,32.5,115.0,0.1,0.2,94.0,59,Umerkot,2026-07-23 16:34:56.886994+00:00
2026-05-24 19:00:00,27.8,18,1017.3,18.6,17,0.0,10.1,29.0,114.0,0.1,0.2,88.0,57,Umerkot,2026-07-23 16:34:56.886994+00:00
2026-05-24 20:00:00,26.9,18,1017.7,16.7,22,0.0,9.8,27.9,114.0,0.1,0.2,81.0,56,Umerkot,2026-07-23 16:34:56.886994+00:00
2026-05-24 21:00:00,26.1,19,1018.2,13.2,34,0.0,9.7,28.5,113.0,0.1,0.2,76.0,56,Umerkot,2026-07-23 16:34:56.886994+00:00
2026-05-24 22:00:00,25.0,21,1019.0,9.2,33,0.0,9.9,30.4,113.0,0.1,0.2,73.0,55,Umerkot,2026-07-23 16:34:56.886994+00:00
2026-05-24 23:00:00,23.7,23,1019.2,8.6,33,0.0,10.2,33.5,113.0,0.1,0.3,72.0,54,Umerkot,2026-07-23 16:34:56.886994+00:00
2026-05-25 00:00:00,22.7,24,1019.3,9.5,27,0.0,10.5,36.1,113.0,0.1,0.3,71.0,54,Umerkot,2026-07-23 16:34:56.886994+00:00
2026-05-25 01:00:00,21.7,26,1019.0,10.1,16,0.0,10.9,40.0,112.0,0.1,0.3,73.0,53,Umerkot,2026-07-23 16:34:56.886994+00:00
2026-05-25 02:00:00,20.7,29,1018.7,9.1,10,0.0,11.3,42.7,112.0,0.1,0.3,75.0,53,Umerkot,2026-07-23 16:34:56.886994+00:00
2026-05-25 03:00:00,20.1,31,1018.4,9.6,13,0.0,11.4,43.8,111.0,0.1,0.3,76.0,53,Umerkot,2026-07-23 16:34:56.886994+00:00
2026-05-25 04:00:00,19.6,33,1018.3,10.4,32,0.0,11.3,43.2,111.0,0.1,0.3,75.0,54,Umerkot,2026-07-23 16:34:56.886994+00:00
2026-05-25 05:00:00,18.9,35,1018.4,10.3,43,0.0,11.0,40.6,111.0,0.1,0.3,73.0,54,Umerkot,2026-07-23 16:34:56.886994+00:00
2026-05-25 06:00:00,17.8,37,1018.8,11.0,346,0.0,10.8,36.6,111.0,0.1,0.3,74.0,54,Umerkot,2026-07-23 16:34:56.886994+00:00
2026-05-25 07:00:00,17.0,39,1019.7,8.7,346,0.0,11.2,35.4,112.0,0.1,0.3,81.0,54,Umerkot,2026-07-23 16:34:56.886994+00:00
2026-05-25 08:00:00,19.2,34,1020.1,5.0,360,0.0,12.0,44.0,115.0,0.1,0.3,90.0,54,Umerkot,2026-07-23 16:34:56.886994+00:00
2026-05-25 09:00:00,22.0,29,1020.6,6.0,327,0.0,13.2,54.7,116.0,0.1,0.3,97.0,54,Umerkot,2026-07-23 16:34:56.886994+00:00
2026-05-25 10:00:00,24.8,25,1020.6,7.2,357,0.0,14.0,59.1,116.0,0.1,0.3,99.0,54,Umerkot,2026-07-23 16:34:56.886994+00:00
2026-05-25 11:00:00,26.6,24,1020.7,7.2,25,0.0,14.6,60.5,116.0,0.0,0.3,98.0,54,Umerkot,2026-07-23 16:34:56.886994+00:00
2026-05-25 12:00:00,27.9,21,1020.5,7.3,16,0.0,19.0,70.8,116.0,0.1,0.3,99.0,54,Umerkot,2026-07-23 16:34:56.886994+00:00
2026-05-25 13:00:00,28.9,19,1019.9,8.7,354,0.0,19.6,70.1,117.0,0.1,0.3,100.0,55,Umerkot,2026-07-23 16:34:56.886994+00:00
2026-05-25 14:00:00,29.8,18,1019.3,11.7,339,0.0,19.8,69.4,118.0,0.1,0.4,101.0,56,Umerkot,2026-07-23 16:34:56.886994+00:00
2026-05-25 15:00:00,30.1,16,1018.5,16.4,336,0.0,19.8,69.4,119.0,0.1,0.4,101.0,56,Umerkot,2026-07-23 16:34:56.886994+00:00
2026-05-25 16:00:00,30.3,16,1017.9,15.2,341,0.0,19.7,69.4,119.0,0.1,0.4,99.0,57,Umerkot,2026-07-23 16:34:56.886994+00:00
2026-05-25 17:00:00,30.3,16,1017.2,12.6,357,0.0,19.4,68.0,119.0,0.1,0.4,96.0,58,Umerkot,2026-07-23 16:34:56.886994+00:00
2026-05-25 18:00:00,30.3,17,1016.6,13.8,354,0.0,17.9,57.4,119.0,0.1,0.4,92.0,58,Umerkot,2026-07-23 16:34:56.886994+00:00
2026-05-25 19:00:00,29.8,18,1016.5,17.0,343,0.0,15.9,44.2,119.0,0.1,0.4,85.0,59,Umerkot,2026-07-23 16:34:56.886994+00:00
2026-05-25 20:00:00,28.8,20,1016.7,20.5,347,0.0,14.0,33.9,118.0,0.1,0.3,77.0,59,Umerkot,2026-07-23 16:34:56.886994+00:00
2026-05-25 21:00:00,27.7,22,1017.0,21.1,360,0.0,12.4,27.5,117.0,0.1,0.3,70.0,60,Umerkot,2026-07-23 16:34:56.886994+00:00
2026-05-25 22:00:00,26.7,24,1017.7,16.1,6,0.0,11.6,25.4,116.0,0.1,0.3,67.0,60,Umerkot,2026-07-23 16:34:56.886994+00:00
2026-05-25 23:00:00,25.6,26,1018.0,11.1,7,0.0,11.3,25.3,114.0,0.1,0.3,67.0,60,Umerkot,2026-07-23 16:34:56.886994+00:00
2026-05-26 00:00:00,24.3,28,1018.1,8.6,12,0.0,10.7,25.0,113.0,0.1,0.3,62.0,60,Umerkot,2026-07-23 16:34:56.886994+00:00
2026-05-26 01:00:00,23.0,31,1017.8,7.4,13,0.0,10.4,24.7,112.0,0.1,0.3,59.0,60,Umerkot,2026-07-23 16:34:56.886994+00:00
2026-05-26 02:00:00,22.2,34,1017.4,6.5,13,0.0,10.0,24.0,112.0,0.1,0.2,55.0,60,Umerkot,2026-07-23 16:34:56.886994+00:00
2026-05-26 03:00:00,21.7,35,1016.7,7.4,3,0.0,9.7,23.7,112.0,0.1,0.2,53.0,60,Umerkot,2026-07-23 16:34:56.886994+00:00
2026-05-26 04:00:00,20.8,36,1016.5,9.5,358,0.0,9.5,24.2,112.0,0.1,0.2,53.0,60,Umerkot,2026-07-23 16:34:56.886994+00:00
2026-05-26 05:00:00,19.7,38,1016.8,9.4,355,0.0,9.3,24.3,113.0,0.1,0.3,54.0,60,Umerkot,2026-07-23 16:34:56.886994+00:00
2026-05-26 06:00:00,18.9,39,1017.0,9.6,354,0.0,9.4,28.1,114.0,0.1,0.3,58.0,59,Umerkot,2026-07-23 16:34:56.886994+00:00
2026-05-26 07:00:00,18.3,39,1017.5,9.1,346,0.0,9.4,34.2,115.0,0.1,0.3,68.0,59,Umerkot,2026-07-23 16:34:56.886994+00:00
2026-05-26 08:00:00,20.3,34,1018.2,7.5,343,0.0,10.2,44.2,117.0,0.0,0.4,81.0,59,Umerkot,2026-07-23 16:34:56.886994+00:00
2026-05-26 09:00:00,22.9,31,1018.5,10.7,347,0.0,10.4,44.7,118.0,0.0,0.4,91.0,59,Umerkot,2026-07-23 16:34:56.886994+00:00
2026-05-26 10:00:00,25.5,27,1018.5,15.7,5,0.0,10.2,42.1,118.0,0.0,0.4,94.0,59,Umerkot,2026-07-23 16:34:56.886994+00:00
2026-05-26 11:00:00,27.4,23,1018.5,18.4,12,0.0,9.8,39.8,118.0,0.0,0.4,94.0,59,Umerkot,2026-07-23 16:34:56.886994+00:00
2026-05-26 12:00:00,28.5,21,1018.3,16.6,2,0.0,1.1,7.3,118.0,0.1,0.4,94.0,58,Umerkot,2026-07-23 16:34:56.886994+00:00
2026-05-26 13:00:00,29.3,20,1017.6,16.3,355,0.0,1.8,12.0,118.0,0.1,0.4,94.0,57,Umerkot,2026-07-23 16:34:56.886994+00:00
2026-05-26 14:00:00,30.1,19,1017.1,16.4,351,0.0,2.6,15.7,118.0,0.1,0.4,94.0,55,Umerkot,2026-07-23 16:34:56.886994+00:00
2026-05-26 15:00:00,30.5,18,1016.5,17.4,349,0.0,3.3,19.0,118.0,0.1,0.4,94.0,54,Umerkot,2026-07-23 16:34:56.886994+00:00
2026-05-26 16:00:00,30.8,17,1015.8,17.5,341,0.0,4.0,21.9,118.0,0.1,0.4,93.0,53,Umerkot,2026-07-23 16:34:56.886994+00:00
2026-05-26 17:00:00,30.7,17,1015.6,18.0,346,0.0,4.6,22.9,118.0,0.1,0.4,91.0,51,Umerkot,2026-07-23 16:34:56.886994+00:00
2026-05-26 18:00:00,30.1,18,1015.1,19.7,356,0.0,4.9,21.0,118.0,0.1,0.4,88.0,50,Umerkot,2026-07-23 16:34:56.886994+00:00
2026-05-26 19:00:00,29.2,20,1015.1,20.5,360,0.0,4.8,16.2,118.0,0.1,0.4,83.0,48,Umerkot,2026-07-23 16:34:56.886994+00:00
2026-05-26 20:00:00,28.3,21,1015.5,18.9,1,0.0,4.9,14.6,117.0,0.1,0.4,76.0,45,Umerkot,2026-07-23 16:34:56.886994+00:00
2026-05-26 21:00:00,27.5,24,1015.9,17.1,15,0.0,5.1,14.7,117.0,0.1,0.4,71.0,43,Umerkot,2026-07-23 16:34:56.886994+00:00
2026-05-26 22:00:00,26.5,26,1016.3,13.1,30,0.0,5.3,15.9,117.0,0.1,0.4,69.0,41,Umerkot,2026-07-23 16:34:56.886994+00:00
2026-05-26 23:00:00,25.6,29,1016.9,12.0,40,0.0,5.6,18.2,116.0,0.1,0.3,68.0,40,Umerkot,2026-07-23 16:34:56.886994+00:00
2026-05-27 00:00:00,24.7,31,1016.9,12.1,38,0.0,5.8,18.6,116.0,0.1,0.3,62.0,39,Umerkot,2026-07-23 16:34:56.886994+00:00
2026-05-27 01:00:00,23.6,34,1016.6,9.6,47,0.0,5.8,19.4,116.0,0.1,0.3,59.0,38,Umerkot,2026-07-23 16:34:56.886994+00:00
2026-05-27 02:00:00,22.5,37,1016.1,7.2,94,0.0,5.8,19.0,116.0,0.1,0.3,56.0,36,Umerkot,2026-07-23 16:34:56.886994+00:00
2026-05-27 03:00:00,22.0,38,1015.4,5.2,124,0.0,5.7,18.1,116.0,0.1,0.3,54.0,35,Umerkot,2026-07-23 16:34:56.886994+00:00
2026-05-27 04:00:00,21.4,40,1015.1,1.8,114,0.0,5.6,17.3,116.0,0.1,0.3,54.0,35,Umerkot,2026-07-23 16:34:56.886994+00:00
2026-05-27 05:00:00,20.1,43,1015.7,8.7,336,0.0,5.5,16.2,116.0,0.1,0.4,55.0,34,Umerkot,2026-07-23 16:34:56.886994+00:00
2026-05-27 06:00:00,19.1,45,1016.2,11.2,4,0.0,6.1,23.0,116.0,0.1,0.4,59.0,33,Umerkot,2026-07-23 16:34:56.886994+00:00
2026-05-27 07:00:00,18.8,46,1016.7,11.4,39,0.0,8.3,43.1,117.0,0.1,0.4,68.0,32,Umerkot,2026-07-23 16:34:56.886994+00:00
2026-05-27 08:00:00,20.6,41,1017.3,7.3,50,0.0,8.5,40.9,117.0,0.0,0.5,81.0,32,Umerkot,2026-07-23 16:34:56.886994+00:00
2026-05-27 09:00:00,22.8,36,1018.1,6.1,50,0.0,8.7,36.9,118.0,0.0,0.5,90.0,31,Umerkot,2026-07-23 16:34:56.886994+00:00
2026-05-27 10:00:00,25.2,32,1018.1,8.4,56,0.0,9.0,36.3,118.0,0.0,0.5,93.0,31,Umerkot,2026-07-23 16:34:56.886994+00:00
2026-05-27 11:00:00,27.0,29,1018.2,10.5,66,0.0,8.8,33.5,117.0,0.1,0.4,93.0,32,Umerkot,2026-07-23 16:34:56.886994+00:00
2026-05-27 12:00:00,28.2,26,1018.0,7.8,58,0.0,7.3,26.0,117.0,0.1,0.4,93.0,34,Umerkot,2026-07-23 16:34:56.886994+00:00
2026-05-27 13:00:00,29.1,24,1017.7,4.9,8,0.0,7.2,25.0,117.0,0.1,0.4,93.0,37,Umerkot,2026-07-23 16:34:56.886994+00:00
2026-05-27 14:00:00,29.9,22,1016.9,5.5,347,0.0,7.1,24.7,116.0,0.1,0.4,94.0,39,Umerkot,2026-07-23 16:34:56.886994+00:00
2026-05-27 15:00:00,30.3,21,1016.3,8.2,341,0.0,7.1,24.4,116.0,0.1,0.4,94.0,41,Umerkot,2026-07-23 16:34:56.886994+00:00
2026-05-27 16:00:00,30.8,20,1015.5,10.0,334,0.0,7.1,24.9,116.0,0.1,0.4,93.0,42,Umerkot,2026-07-23 16:34:56.886994+00:00
2026-05-27 17:00:00,30.8,20,1014.9,10.4,324,0.0,7.1,25.5,115.0,0.1,0.4,92.0,43,Umerkot,2026-07-23 16:34:56.886994+00:00
2026-05-27 18:00:00,30.5,19,1014.5,8.8,316,0.0,7.2,26.9,115.0,0.1,0.4,89.0,43,Umerkot,2026-07-23 16:34:56.886994+00:00
2026-05-27 19:00:00,30.2,19,1014.4,5.9,337,0.0,7.3,27.0,115.0,0.1,0.4,82.0,43,Umerkot,2026-07-23 16:34:56.886994+00:00
2026-05-27 20:00:00,29.8,19,1014.6,9.4,358,0.0,7.6,28.5,114.0,0.1,0.4,74.0,42,Umerkot,2026-07-23 16:34:56.886994+00:00
2026-05-27 21:00:00,29.2,21,1014.8,12.5,349,0.0,8.3,32.4,114.0,0.1,0.4,67.0,41,Umerkot,2026-07-23 16:34:56.886994+00:00
2026-05-27 22:00:00,28.3,23,1015.3,10.9,7,0.0,9.2,36.6,113.0,0.1,0.4,63.0,40,Umerkot,2026-07-23 16:34:56.886994+00:00
2026-05-27 23:00:00,27.0,25,1015.9,13.4,36,0.0,9.9,39.7,112.0,0.1,0.3,62.0,40,Umerkot,2026-07-23 16:34:56.886994+00:00
2026-05-28 00:00:00,25.8,28,1016.3,10.7,36,0.0,13.9,55.8,111.0,0.1,0.3,65.0,41,Umerkot,2026-07-23 16:34:56.886994+00:00
2026-05-28 01:00:00,24.8,29,1016.3,9.5,2,0.0,14.6,58.7,110.0,0.1,0.3,65.0,43,Umerkot,2026-07-23 16:34:56.886994+00:00
2026-05-28 02:00:00,23.8,29,1015.9,9.5,346,0.0,15.0,59.8,110.0,0.1,0.3,66.0,45,Umerkot,2026-07-23 16:34:56.886994+00:00
2026-05-28 03:00:00,23.1,28,1015.3,11.8,343,0.0,15.3,61.9,110.0,0.1,0.3,67.0,47,Umerkot,2026-07-23 16:34:56.886994+00:00
2026-05-28 04:00:00,22.1,29,1015.4,10.6,336,0.0,15.1,60.8,110.0,0.1,0.3,68.0,49,Umerkot,2026-07-23 16:34:56.886994+00:00
2026-05-28 05:00:00,21.3,31,1015.4,10.4,326,0.0,14.1,51.7,111.0,0.1,0.3,68.0,50,Umerkot,2026-07-23 16:34:56.886994+00:00
2026-05-28 06:00:00,20.3,33,1015.7,9.0,313,0.0,12.8,46.6,111.0,0.1,0.3,71.0,51,Umerkot,2026-07-23 16:34:56.886994+00:00
2026-05-28 07:00:00,20.2,34,1016.1,7.1,297,0.0,11.1,39.6,112.0,0.1,0.4,77.0,52,Umerkot,2026-07-23 16:34:56.886994+00:00
2026-05-28 08:00:00,22.5,29,1017.0,5.4,307,0.0,11.3,44.6,112.0,0.1,0.4,86.0,52,Umerkot,2026-07-23 16:34:56.886994+00:00
2026-05-28 09:00:00,24.8,25,1017.9,14.7,334,0.0,11.9,49.6,113.0,0.1,0.5,92.0,52,Umerkot,2026-07-23 16:34:56.886994+00:00
2026-05-28 10:00:00,26.4,24,1018.0,16.4,339,0.0,10.8,46.9,113.0,0.1,0.5,94.0,52,Umerkot,2026-07-23 16:34:56.886994+00:00
2026-05-28 11:00:00,27.8,23,1018.4,16.9,343,0.0,9.5,43.3,113.0,0.1,0.4,95.0,52,Umerkot,2026-07-23 16:34:56.886994+00:00
2026-05-28 12:00:00,29.0,21,1018.3,14.1,338,0.0,4.4,26.7,113.0,0.1,0.4,96.0,53,Umerkot,2026-07-23 16:34:56.886994+00:00
2026-05-28 13:00:00,30.1,19,1017.7,13.0,319,0.0,5.1,34.7,113.0,0.1,0.4,97.0,52,Umerkot,2026-07-23 16:34:56.886994+00:00
2026-05-28 14:00:00,31.1,18,1017.2,17.6,313,0.0,6.8,49.1,114.0,0.1,0.3,98.0,52,Umerkot,2026-07-23 16:34:56.886994+00:00
2026-05-28 15:00:00,31.5,17,1016.6,19.5,315,0.0,9.7,71.0,114.0,0.1,0.3,99.0,52,Umerkot,2026-07-23 16:34:56.886994+00:00
2026-05-28 16:00:00,31.9,16,1016.0,20.2,309,0.0,13.3,95.0,113.0,0.1,0.3,98.0,52,Umerkot,2026-07-23 16:34:56.886994+00:00
2026-05-28 17:00:00,32.1,14,1015.4,21.6,306,0.0,16.6,112.0,112.0,0.1,0.3,97.0,53,Umerkot,2026-07-23 16:34:56.886994+00:00
2026-05-28 18:00:00,31.7,13,1015.2,23.9,304,0.0,18.7,111.3,111.0,0.1,0.3,95.0,54,Umerkot,2026-07-23 16:34:56.886994+00:00
2026-05-28 19:00:00,30.9,13,1015.3,23.3,309,0.0,20.4,109.7,111.0,0.1,0.3,92.0,54,Umerkot,2026-07-23 16:34:56.886994+00:00
2026-05-28 20:00:00,29.7,14,1015.9,20.7,315,0.0,21.6,107.6,111.0,0.1,0.2,88.0,55,Umerkot,2026-07-23 16:34:56.886994+00:00
2026-05-28 21:00:00,28.6,13,1016.5,19.1,329,0.0,21.7,101.3,111.0,0.1,0.2,85.0,57,Umerkot,2026-07-23 16:34:56.886994+00:00
2026-05-28 22:00:00,27.4,14,1017.2,16.8,332,0.0,20.7,90.8,112.0,0.1,0.2,82.0,58,Umerkot,2026-07-23 16:34:56.886994+00:00
2026-05-28 23:00:00,26.2,16,1017.8,16.0,329,0.0,18.9,76.1,112.0,0.1,0.2,80.0,59,Umerkot,2026-07-23 16:34:56.886994+00:00
2026-05-29 00:00:00,25.2,17,1017.8,17.3,333,0.0,16.2,54.5,113.0,0.1,0.2,78.0,59,Umerkot,2026-07-23 16:34:56.886994+00:00
2026-05-29 01:00:00,23.9,20,1017.5,15.5,333,0.0,13.8,38.0,113.0,0.1,0.3,76.0,59,Umerkot,2026-07-23 16:34:56.886994+00:00
2026-05-29 02:00:00,22.9,23,1017.5,14.7,332,0.0,11.8,24.7,113.0,0.1,0.3,74.0,59,Umerkot,2026-07-23 16:34:56.886994+00:00
2026-05-29 03:00:00,22.1,26,1017.0,15.9,332,0.0,10.5,18.5,113.0,0.1,0.4,72.0,59,Umerkot,2026-07-23 16:34:56.886994+00:00
2026-05-29 04:00:00,21.3,29,1017.0,15.8,337,0.0,9.9,16.6,113.0,0.1,0.4,72.0,59,Umerkot,2026-07-23 16:34:56.886994+00:00
2026-05-29 05:00:00,20.5,33,1017.3,15.0,341,0.0,9.7,16.6,113.0,0.1,0.5,72.0,58,Umerkot,2026-07-23 16:34:56.886994+00:00
2026-05-29 06:00:00,19.6,36,1017.4,12.3,342,0.0,10.2,20.1,113.0,0.1,0.5,75.0,58,Umerkot,2026-07-23 16:34:56.886994+00:00
2026-05-29 07:00:00,18.9,38,1017.9,9.0,340,0.0,11.3,27.1,114.0,0.1,0.5,83.0,58,Umerkot,2026-07-23 16:34:56.886994+00:00
2026-05-29 08:00:00,20.9,34,1018.6,5.9,337,0.0,11.7,29.4,116.0,0.0,0.5,93.0,58,Umerkot,2026-07-23 16:34:56.886994+00:00
2026-05-29 09:00:00,23.4,30,1019.2,7.0,328,0.0,11.3,29.3,117.0,0.0,0.5,100.0,58,Umerkot,2026-07-23 16:34:56.886994+00:00
2026-05-29 10:00:00,25.9,26,1019.3,9.9,348,0.0,10.9,29.6,117.0,0.0,0.5,101.0,58,Umerkot,2026-07-23 16:34:56.886994+00:00
2026-05-29 11:00:00,27.4,23,1019.6,12.2,8,0.0,10.5,30.0,117.0,0.0,0.4,100.0,58,Umerkot,2026-07-23 16:34:56.886994+00:00
2026-05-29 12:00:00,28.6,21,1019.5,10.6,10,0.0,0.4,2.9,116.0,0.1,0.4,99.0,58,Umerkot,2026-07-23 16:34:56.886994+00:00
2026-05-29 13:00:00,29.6,19,1019.0,9.4,4,0.0,0.8,6.2,115.0,0.1,0.4,99.0,58,Umerkot,2026-07-23 16:34:56.886994+00:00
2026-05-29 14:00:00,30.6,17,1018.3,10.4,2,0.0,1.1,8.1,115.0,0.1,0.4,99.0,57,Umerkot,2026-07-23 16:34:56.886994+00:00
2026-05-29 15:00:00,30.9,17,1017.8,13.4,4,0.0,1.5,9.7,114.0,0.1,0.4,98.0,57,Umerkot,2026-07-23 16:34:56.886994+00:00
2026-05-29 16:00:00,31.3,16,1017.2,14.1,3,0.0,1.8,11.3,114.0,0.1,0.4,96.0,56,Umerkot,2026-07-23 16:34:56.886994+00:00
2026-05-29 17:00:00,31.3,16,1017.0,14.9,360,0.0,2.2,12.7,113.0,0.1,0.4,94.0,55,Umerkot,2026-07-23 16:34:56.886994+00:00
2026-05-29 18:00:00,30.9,16,1016.6,15.7,359,0.0,2.8,13.6,113.0,0.1,0.4,90.0,54,Umerkot,2026-07-23 16:34:56.886994+00:00
2026-05-29 19:00:00,30.3,17,1016.6,16.8,4,0.0,3.8,16.4,113.0,0.1,0.4,85.0,53,Umerkot,2026-07-23 16:34:56.886994+00:00
2026-05-29 20:00:00,29.3,18,1016.6,16.7,14,0.0,4.9,20.3,112.0,0.1,0.4,79.0,52,Umerkot,2026-07-23 16:34:56.886994+00:00
2026-05-29 21:00:00,28.3,19,1017.0,14.3,35,0.0,6.1,24.6,112.0,0.1,0.4,74.0,50,Umerkot,2026-07-23 16:34:56.886994+00:00
2026-05-29 22:00:00,27.3,20,1017.7,10.6,42,0.0,7.1,29.1,112.0,0.1,0.4,71.0,47,Umerkot,2026-07-23 16:34:56.886994+00:00
2026-05-29 23:00:00,26.2,22,1017.9,9.9,46,0.0,7.9,33.4,111.0,0.1,0.4,69.0,44,Umerkot,2026-07-23 16:34:56.886994+00:00
2026-05-30 00:00:00,25.1,23,1017.9,10.8,54,0.0,9.4,39.2,111.0,0.1,0.4,69.0,41,Umerkot,2026-07-23 16:34:56.886994+00:00
2026-05-30 01:00:00,24.0,25,1017.5,9.2,48,0.0,9.9,42.7,111.0,0.1,0.4,69.0,40,Umerkot,2026-07-23 16:34:56.886994+00:00
2026-05-30 02:00:00,23.1,26,1017.1,7.5,48,0.0,10.3,45.6,110.0,0.1,0.4,69.0,39,Umerkot,2026-07-23 16:34:56.886994+00:00
2026-05-30 03:00:00,22.5,27,1016.2,8.4,34,0.0,10.6,46.6,110.0,0.1,0.4,70.0,38,Umerkot,2026-07-23 16:34:56.886994+00:00
2026-05-30 04:00:00,21.8,28,1016.1,9.1,39,0.0,10.6,45.6,110.0,0.1,0.4,71.0,38,Umerkot,2026-07-23 16:34:56.886994+00:00
2026-05-30 05:00:00,21.2,29,1016.0,10.5,38,0.0,10.2,39.7,111.0,0.1,0.4,72.0,39,Umerkot,2026-07-23 16:34:56.886994+00:00
2026-05-30 06:00:00,20.4,30,1016.0,10.3,49,0.0,10.4,40.2,112.0,0.1,0.4,74.0,39,Umerkot,2026-07-23 16:34:56.886994+00:00
2026-05-30 07:00:00,20.2,32,1016.5,10.0,83,0.0,11.0,49.4,112.0,0.1,0.4,80.0,39,Umerkot,2026-07-23 16:34:56.886994+00:00
2026-05-30 08:00:00,22.7,27,1017.0,6.2,111,0.0,11.9,61.9,113.0,0.0,0.4,87.0,39,Umerkot,2026-07-23 16:34:56.886994+00:00
2026-05-30 09:00:00,26.3,22,1017.4,5.2,106,0.0,11.8,62.9,113.0,0.0,0.4,92.0,39,Umerkot,2026-07-23 16:34:56.886994+00:00
2026-05-30 10:00:00,29.0,20,1017.5,8.6,78,0.0,11.3,58.9,113.0,0.0,0.4,93.0,39,Umerkot,2026-07-23 16:34:56.886994+00:00
2026-05-30 11:00:00,30.1,20,1017.5,13.0,52,0.0,10.7,54.5,112.0,0.0,0.3,91.0,39,Umerkot,2026-07-23 16:34:56.886994+00:00
2026-05-30 12:00:00,31.1,18,1017.4,13.4,54,0.0,2.2,14.6,112.0,0.0,0.3,92.0,39,Umerkot,2026-07-23 16:34:56.886994+00:00
2026-05-30 13:00:00,31.9,17,1016.6,12.2,49,0.0,1.9,12.5,112.0,0.0,0.3,92.0,39,Umerkot,2026-07-23 16:34:56.886994+00:00
2026-05-30 14:00:00,32.6,16,1015.8,11.7,46,0.0,1.8,11.1,111.0,0.1,0.3,92.0,41,Umerkot,2026-07-23 16:34:56.886994+00:00
2026-05-30 15:00:00,33.0,15,1014.9,12.2,36,0.0,1.7,10.2,111.0,0.1,0.3,92.0,42,Umerkot,2026-07-23 16:34:56.886994+00:00
2026-05-30 16:00:00,33.4,14,1014.3,12.5,23,0.0,1.6,9.8,111.0,0.1,0.3,91.0,42,Umerkot,2026-07-23 16:34:56.886994+00:00
2026-05-30 17:00:00,33.4,13,1014.1,14.1,10,0.0,1.6,9.1,112.0,0.1,0.3,91.0,43,Umerkot,2026-07-23 16:34:56.886994+00:00
2026-05-30 18:00:00,33.0,14,1013.9,14.5,6,0.0,1.5,7.7,112.0,0.1,0.3,88.0,43,Umerkot,2026-07-23 16:34:56.886994+00:00
2026-05-30 19:00:00,32.4,14,1013.9,14.6,10,0.0,1.4,5.8,112.0,0.1,0.3,83.0,42,Umerkot,2026-07-23 16:34:56.886994+00:00
2026-05-30 20:00:00,31.6,15,1014.1,17.3,8,0.0,1.5,5.4,112.0,0.1,0.3,76.0,42,Umerkot,2026-07-23 16:34:56.886994+00:00
2026-05-30 21:00:00,30.7,16,1014.5,17.1,15,0.0,1.6,5.7,112.0,0.1,0.3,70.0,41,Umerkot,2026-07-23 16:34:56.886994+00:00
2026-05-30 22:00:00,29.6,17,1015.0,14.4,16,0.0,1.8,6.8,111.0,0.1,0.3,67.0,40,Umerkot,2026-07-23 16:34:56.886994+00:00
2026-05-30 23:00:00,28.6,19,1015.4,12.1,15,0.0,2.0,7.9,110.0,0.1,0.3,65.0,38,Umerkot,2026-07-23 16:34:56.886994+00:00
2026-05-31 00:00:00,27.2,21,1015.7,10.2,21,0.0,3.0,11.0,109.0,0.1,0.4,64.0,37,Umerkot,2026-07-23 16:34:56.886994+00:00
2026-05-31 01:00:00,26.2,22,1015.1,9.1,34,0.0,3.2,11.4,108.0,0.1,0.4,61.0,35,Umerkot,2026-07-23 16:34:56.886994+00:00
2026-05-31 02:00:00,25.4,25,1014.5,5.7,81,0.0,3.2,11.0,108.0,0.1,0.3,56.0,33,Umerkot,2026-07-23 16:34:56.886994+00:00
2026-05-31 03:00:00,24.8,25,1013.4,10.6,101,0.0,3.3,11.4,108.0,0.1,0.3,54.0,31,Umerkot,2026-07-23 16:34:56.886994+00:00
2026-05-31 04:00:00,23.9,27,1013.3,10.8,108,0.0,3.5,12.8,108.0,0.1,0.3,55.0,30,Umerkot,2026-07-23 16:34:56.886994+00:00
2026-05-31 05:00:00,22.8,29,1013.6,10.8,123,0.0,4.0,16.9,108.0,0.1,0.4,59.0,29,Umerkot,2026-07-23 16:34:56.886994+00:00
2026-05-31 06:00:00,21.8,30,1014.2,10.0,139,0.0,5.7,30.0,109.0,0.1,0.4,64.0,28,Umerkot,2026-07-23 16:34:56.886994+00:00
2026-05-31 07:00:00,21.6,31,1015.0,9.4,150,0.0,10.7,65.7,110.0,0.1,0.4,72.0,28,Umerkot,2026-07-23 16:34:56.886994+00:00
2026-05-31 08:00:00,24.1,26,1015.3,8.5,142,0.0,10.5,61.0,111.0,0.0,0.4,82.0,28,Umerkot,2026-07-23 16:34:56.886994+00:00
2026-05-31 09:00:00,27.8,20,1015.4,11.7,133,0.0,10.4,56.8,112.0,0.0,0.4,88.0,29,Umerkot,2026-07-23 16:34:56.886994+00:00
2026-05-31 10:00:00,30.4,17,1015.4,17.5,127,0.0,12.2,64.7,112.0,0.0,0.4,87.0,31,Umerkot,2026-07-23 16:34:56.886994+00:00
2026-05-31 11:00:00,32.3,16,1015.3,18.7,123,0.0,14.6,77.1,111.0,0.0,0.3,83.0,33,Umerkot,2026-07-23 16:34:56.886994+00:00
2026-05-31 12:00:00,33.5,16,1015.1,16.4,111,0.0,10.0,54.0,111.0,0.0,0.4,81.0,34,Umerkot,2026-07-23 16:34:56.886994+00:00
2026-05-31 13:00:00,34.3,15,1014.7,12.4,106,0.0,12.5,67.1,111.0,0.0,0.4,80.0,36,Umerkot,2026-07-23 16:34:56.886994+00:00
2026-05-31 14:00:00,35.0,15,1014.3,5.4,86,0.0,14.2,74.7,110.0,0.0,0.3,78.0,37,Umerkot,2026-07-23 16:34:56.886994+00:00
2026-05-31 15:00:00,35.3,14,1014.2,9.9,29,0.0,15.4,80.1,110.0,0.0,0.3,76.0,38,Umerkot,2026-07-23 16:34:56.886994+00:00
2026-05-31 16:00:00,35.7,14,1013.7,13.9,3,0.0,17.6,91.0,110.0,0.0,0.3,75.0,38,Umerkot,2026-07-23 16:34:56.886994+00:00
2026-05-31 17:00:00,35.6,14,1013.6,15.6,354,0.0,21.0,108.3,110.0,0.0,0.4,73.0,38,Umerkot,2026-07-23 16:34:56.886994+00:00
2026-05-31 18:00:00,35.2,15,1013.0,14.8,1,0.0,24.7,124.3,110.0,0.0,0.4,71.0,43,Umerkot,2026-07-23 16:34:56.886994+00:00
2026-05-31 19:00:00,35.4,15,1012.8,18.4,336,0.0,27.8,134.1,110.0,0.0,0.4,67.0,48,Umerkot,2026-07-23 16:34:56.886994+00:00
2026-05-31 20:00:00,33.2,18,1013.8,31.2,334,0.0,28.6,126.7,110.0,0.0,0.3,61.0,51,Umerkot,2026-07-23 16:34:56.886994+00:00
2026-05-31 21:00:00,32.7,19,1014.2,19.9,342,0.0,28.7,117.8,110.0,0.0,0.3,56.0,54,Umerkot,2026-07-23 16:34:56.886994+00:00
2026-05-31 22:00:00,31.8,21,1014.6,21.1,348,0.0,30.3,123.9,110.0,0.0,0.3,51.0,56,Umerkot,2026-07-23 16:34:56.886994+00:00
2026-05-31 23:00:00,30.3,24,1015.4,16.5,344,0.0,31.5,128.1,109.0,0.0,0.3,47.0,58,Umerkot,2026-07-23 16:34:56.886994+00:00
2026-06-01 00:00:00,29.3,26,1015.5,14.5,345,0.0,31.5,113.9,108.0,0.0,0.3,47.0,60,Umerkot,2026-07-23 16:34:56.886994+00:00
2026-06-01 01:00:00,28.1,29,1015.3,9.8,342,0.0,31.9,119.7,107.0,0.0,0.3,47.0,63,Umerkot,2026-07-23 16:34:56.886994+00:00
2026-06-01 02:00:00,27.1,31,1014.8,7.5,339,0.0,32.4,124.8,106.0,0.0,0.3,46.0,65,Umerkot,2026-07-23 16:34:56.886994+00:00
2026-06-01 03:00:00,25.8,34,1014.3,8.0,320,0.0,32.6,128.1,105.0,0.0,0.3,46.0,67,Umerkot,2026-07-23 16:34:56.886994+00:00
2026-06-01 04:00:00,24.9,36,1014.3,6.4,317,0.0,32.5,129.0,105.0,0.0,0.3,47.0,69,Umerkot,2026-07-23 16:34:56.886994+00:00
2026-06-01 05:00:00,24.3,38,1014.3,5.2,356,0.0,31.7,120.6,106.0,0.0,0.3,49.0,72,Umerkot,2026-07-23 16:34:56.886994+00:00
2026-06-01 06:00:00,24.0,39,1014.4,4.4,12,0.0,32.1,127.1,107.0,0.0,0.3,51.0,74,Umerkot,2026-07-23 16:34:56.886994+00:00
2026-06-01 07:00:00,23.9,40,1014.8,1.9,68,0.0,31.9,136.4,108.0,0.0,0.3,55.0,76,Umerkot,2026-07-23 16:34:56.886994+00:00
2026-06-01 08:00:00,25.7,34,1015.3,2.0,297,0.0,32.9,154.6,109.0,0.0,0.2,60.0,78,Umerkot,2026-07-23 16:34:56.886994+00:00
2026-06-01 09:00:00,28.0,30,1016.1,2.6,326,0.0,34.9,170.4,109.0,0.0,0.2,63.0,79,Umerkot,2026-07-23 16:34:56.886994+00:00
2026-06-01 10:00:00,30.0,26,1016.6,6.8,342,0.0,36.9,183.0,109.0,0.0,0.2,64.0,81,Umerkot,2026-07-23 16:34:56.886994+00:00
2026-06-01 11:00:00,31.5,23,1016.9,4.6,347,0.0,37.8,185.8,108.0,0.0,0.1,64.0,83,Umerkot,2026-07-23 16:34:56.886994+00:00
2026-06-01 12:00:00,32.8,21,1016.9,4.3,298,0.0,31.4,149.5,107.0,0.0,0.1,66.0,85,Umerkot,2026-07-23 16:34:56.886994+00:00
2026-06-01 13:00:00,34.1,20,1016.4,7.6,301,0.0,29.8,140.2,107.0,0.0,0.1,66.0,87,Umerkot,2026-07-23 16:34:56.886994+00:00
2026-06-01 14:00:00,34.8,19,1016.0,12.2,311,0.0,28.6,132.2,108.0,0.0,0.1,66.0,88,Umerkot,2026-07-23 16:34:56.886994+00:00
2026-06-01 15:00:00,35.1,18,1015.2,7.7,329,0.0,27.5,125.7,108.0,0.0,0.1,66.0,89,Umerkot,2026-07-23 16:34:56.886994+00:00
2026-06-01 16:00:00,35.5,17,1014.8,6.6,325,0.0,26.5,119.7,108.0,0.0,0.1,65.0,90,Umerkot,2026-07-23 16:34:56.886994+00:00
2026-06-01 17:00:00,35.6,17,1014.3,5.0,322,0.0,25.7,113.9,107.0,0.0,0.2,64.0,91,Umerkot,2026-07-23 16:34:56.886994+00:00
2026-06-01 18:00:00,35.6,17,1013.5,8.4,349,0.0,24.9,105.2,107.0,0.0,0.2,62.0,91,Umerkot,2026-07-23 16:34:56.886994+00:00
2026-06-01 19:00:00,35.0,18,1013.7,13.8,344,0.0,24.2,94.5,106.0,0.0,0.2,57.0,91,Umerkot,2026-07-23 16:34:56.886994+00:00
2026-06-01 20:00:00,34.4,18,1013.9,11.2,303,0.0,23.3,83.4,106.0,0.0,0.2,52.0,91,Umerkot,2026-07-23 16:34:56.886994+00:00
2026-06-01 21:00:00,34.0,19,1013.9,5.2,354,0.0,22.6,77.1,105.0,0.0,0.2,47.0,91,Umerkot,2026-07-23 16:34:56.886994+00:00
2026-06-01 22:00:00,33.1,20,1014.6,8.5,55,0.0,22.1,76.1,104.0,0.0,0.2,45.0,90,Umerkot,2026-07-23 16:34:56.886994+00:00
2026-06-01 23:00:00,31.9,22,1015.2,7.1,74,0.0,22.0,78.2,104.0,0.1,0.1,44.0,89,Umerkot,2026-07-23 16:34:56.886994+00:00
2026-06-02 00:00:00,30.8,25,1015.6,4.5,43,0.0,21.8,77.8,103.0,0.0,0.1,42.0,89,Umerkot,2026-07-23 16:34:56.886994+00:00
2026-06-02 01:00:00,29.4,27,1016.0,8.3,48,0.0,21.7,78.7,103.0,0.0,0.1,40.0,88,Umerkot,2026-07-23 16:34:56.886994+00:00
2026-06-02 02:00:00,28.5,28,1015.6,8.8,94,0.0,21.7,80.1,102.0,0.1,0.1,38.0,87,Umerkot,2026-07-23 16:34:56.886994+00:00
2026-06-02 03:00:00,28.7,31,1015.4,5.1,356,0.0,21.7,80.6,102.0,0.1,0.1,37.0,86,Umerkot,2026-07-23 16:34:56.886994+00:00
2026-06-02 04:00:00,27.9,33,1015.4,4.7,18,0.0,21.2,76.1,102.0,0.1,0.1,37.0,85,Umerkot,2026-07-23 16:34:56.886994+00:00
2026-06-02 05:00:00,27.1,35,1015.6,4.7,353,0.0,20.4,66.8,102.0,0.0,0.1,38.0,85,Umerkot,2026-07-23 16:34:56.886994+00:00
2026-06-02 06:00:00,26.8,36,1015.5,3.2,308,0.0,22.6,84.8,103.0,0.0,0.1,41.0,84,Umerkot,2026-07-23 16:34:56.886994+00:00
2026-06-02 07:00:00,26.1,38,1016.2,3.3,202,0.0,24.7,105.7,104.0,0.0,0.1,47.0,83,Umerkot,2026-07-23 16:34:56.886994+00:00
2026-06-02 08:00:00,27.7,33,1016.4,5.2,207,0.0,31.8,155.1,105.0,0.0,0.1,54.0,82,Umerkot,2026-07-23 16:34:56.886994+00:00
2026-06-02 09:00:00,30.5,28,1016.3,2.3,225,0.0,37.3,185.8,106.0,0.0,0.1,59.0,82,Umerkot,2026-07-23 16:34:56.886994+00:00
2026-06-02 10:00:00,33.0,22,1016.6,2.8,35,0.0,41.7,206.8,106.0,0.0,0.1,60.0,82,Umerkot,2026-07-23 16:34:56.886994+00:00
2026-06-02 11:00:00,34.6,19,1016.8,3.1,13,0.0,45.1,221.7,105.0,0.0,0.1,59.0,83,Umerkot,2026-07-23 16:34:56.886994+00:00
2026-06-02 12:00:00,35.7,18,1016.5,1.5,234,0.0,35.6,174.2,105.0,0.0,0.1,58.0,83,Umerkot,2026-07-23 16:34:56.886994+00:00
2026-06-02 13:00:00,36.7,16,1016.0,5.0,251,0.0,34.5,163.4,105.0,0.0,0.1,58.0,84,Umerkot,2026-07-23 16:34:56.886994+00:00
2026-06-02 14:00:00,37.3,16,1015.3,6.9,279,0.0,33.5,156.0,105.0,0.0,0.1,58.0,84,Umerkot,2026-07-23 16:34:56.886994+00:00
2026-06-02 15:00:00,37.9,15,1015.0,9.2,310,0.0,32.4,147.6,105.0,0.0,0.1,58.0,84,Umerkot,2026-07-23 16:34:56.886994+00:00
2026-06-02 16:00:00,38.3,14,1014.5,11.6,314,0.0,31.1,138.8,105.0,0.0,0.1,58.0,85,Umerkot,2026-07-23 16:34:56.886994+00:00
2026-06-02 17:00:00,37.9,14,1014.1,14.1,309,0.0,30.2,131.3,104.0,0.0,0.1,57.0,85,Umerkot,2026-07-23 16:34:56.886994+00:00
2026-06-02 18:00:00,37.8,14,1013.3,17.7,311,0.0,29.3,120.6,104.0,0.0,0.1,56.0,86,Umerkot,2026-07-23 16:34:56.886994+00:00
2026-06-02 19:00:00,37.0,14,1013.4,15.9,332,0.0,28.4,108.7,104.0,0.0,0.1,53.0,86,Umerkot,2026-07-23 16:34:56.886994+00:00
2026-06-02 20:00:00,36.7,14,1013.6,12.4,324,0.0,27.4,96.9,103.0,0.0,0.1,49.0,86,Umerkot,2026-07-23 16:34:56.886994+00:00
2026-06-02 21:00:00,36.4,15,1013.4,11.5,325,0.0,25.4,81.0,103.0,0.0,0.1,46.0,87,Umerkot,2026-07-23 16:34:56.886994+00:00
2026-06-02 22:00:00,35.2,17,1013.9,20.8,338,0.0,23.5,70.1,103.0,0.0,0.1,45.0,87,Umerkot,2026-07-23 16:34:56.886994+00:00
2026-06-02 23:00:00,33.0,22,1015.3,26.4,325,0.1,21.7,61.7,104.0,0.1,0.1,44.0,87,Umerkot,2026-07-23 16:34:56.886994+00:00
2026-06-03 00:00:00,32.5,24,1015.6,25.2,328,0.0,22.0,65.9,104.0,0.1,0.1,44.0,87,Umerkot,2026-07-23 16:34:56.886994+00:00
2026-06-03 01:00:00,31.2,28,1015.4,16.8,334,0.0,19.4,55.3,104.0,0.1,0.1,43.0,87,Umerkot,2026-07-23 16:34:56.886994+00:00
2026-06-03 02:00:00,29.7,31,1014.9,7.6,14,0.0,17.9,48.7,104.0,0.0,0.1,41.0,87,Umerkot,2026-07-23 16:34:56.886994+00:00
2026-06-03 03:00:00,27.5,40,1015.0,12.1,337,0.0,17.4,43.5,104.0,0.0,0.2,43.0,86,Umerkot,2026-07-23 16:34:56.886994+00:00
2026-06-03 04:00:00,27.2,36,1014.9,20.0,357,0.0,19.2,46.3,105.0,0.0,0.4,51.0,86,Umerkot,2026-07-23 16:34:56.886994+00:00
2026-06-03 05:00:00,26.8,36,1015.2,19.9,12,0.0,21.9,61.2,106.0,0.0,0.7,63.0,86,Umerkot,2026-07-23 16:34:56.886994+00:00
2026-06-03 06:00:00,26.4,35,1015.8,9.4,7,0.0,21.5,65.7,106.0,0.0,0.8,72.0,86,Umerkot,2026-07-23 16:34:56.886994+00:00
2026-06-03 07:00:00,25.8,38,1016.3,10.6,326,0.0,22.2,77.8,106.0,0.0,0.7,77.0,86,Umerkot,2026-07-23 16:34:56.886994+00:00
2026-06-03 08:00:00,26.5,39,1017.5,17.0,339,0.0,21.5,93.4,105.0,0.1,0.4,81.0,86,Umerkot,2026-07-23 16:34:56.886994+00:00
2026-06-03 09:00:00,27.9,27,1018.3,24.7,350,0.0,21.0,95.0,104.0,0.1,0.2,81.0,85,Umerkot,2026-07-23 16:34:56.886994+00:00
2026-06-03 10:00:00,29.8,26,1018.0,30.1,349,0.0,23.0,104.5,104.0,0.1,0.2,77.0,84,Umerkot,2026-07-23 16:34:56.886994+00:00
2026-06-03 11:00:00,30.9,24,1018.0,34.9,338,0.0,27.5,124.8,105.0,0.0,0.2,70.0,82,Umerkot,2026-07-23 16:34:56.886994+00:00
2026-06-03 12:00:00,30.9,25,1018.2,34.3,343,0.0,37.5,166.2,105.0,0.0,0.1,63.0,81,Umerkot,2026-07-23 16:34:56.886994+00:00
2026-06-03 13:00:00,29.7,29,1018.1,26.9,340,0.0,38.3,169.0,105.0,0.0,0.1,62.0,81,Umerkot,2026-07-23 16:34:56.886994+00:00
2026-06-03 14:00:00,30.6,28,1017.2,18.6,354,0.0,36.9,161.6,105.0,0.0,0.1,60.0,81,Umerkot,2026-07-23 16:34:56.886994+00:00
2026-06-03 15:00:00,32.2,24,1016.7,14.1,350,0.0,33.8,146.7,105.0,0.0,0.1,58.0,81,Umerkot,2026-07-23 16:34:56.886994+00:00
2026-06-03 16:00:00,34.0,21,1015.5,11.6,345,0.0,31.1,134.1,105.0,0.0,0.1,55.0,82,Umerkot,2026-07-23 16:34:56.886994+00:00
2026-06-03 17:00:00,34.5,22,1015.3,13.5,314,0.0,28.5,119.0,104.0,0.0,0.1,51.0,82,Umerkot,2026-07-23 16:34:56.886994+00:00
2026-06-03 18:00:00,34.1,22,1014.6,11.1,301,0.0,25.4,92.9,104.0,0.0,0.1,48.0,81,Umerkot,2026-07-23 16:34:56.886994+00:00
2026-06-03 19:00:00,33.9,22,1014.4,10.3,305,0.0,23.3,78.7,103.0,0.0,0.1,47.0,81,Umerkot,2026-07-23 16:34:56.886994+00:00
2026-06-03 20:00:00,33.1,23,1014.4,12.9,306,0.0,21.6,68.5,103.0,0.0,0.2,48.0,81,Umerkot,2026-07-23 16:34:56.886994+00:00
2026-06-03 21:00:00,32.8,25,1014.5,12.0,332,0.0,20.6,62.2,102.0,0.0,0.2,49.0,80,Umerkot,2026-07-23 16:34:56.886994+00:00
2026-06-03 22:00:00,31.5,28,1015.0,14.3,346,0.0,20.0,58.7,102.0,0.0,0.3,50.0,80,Umerkot,2026-07-23 16:34:56.886994+00:00
2026-06-03 23:00:00,30.4,26,1015.5,17.7,27,0.0,19.5,57.3,102.0,0.0,0.3,51.0,80,Umerkot,2026-07-23 16:34:56.886994+00:00
2026-06-04 00:00:00,29.5,26,1015.5,13.4,51,0.0,19.8,60.1,102.0,0.0,0.4,52.0,79,Umerkot,2026-07-23 16:34:56.886994+00:00
2026-06-04 01:00:00,28.5,27,1015.0,11.3,65,0.0,19.8,61.7,102.0,0.0,0.4,51.0,79,Umerkot,2026-07-23 16:34:56.886994+00:00
2026-06-04 02:00:00,27.4,30,1014.8,9.7,94,0.0,19.6,60.5,101.0,0.0,0.4,50.0,79,Umerkot,2026-07-23 16:34:56.886994+00:00
2026-06-04 03:00:00,26.3,32,1014.7,9.1,108,0.0,18.7,57.7,101.0,0.0,0.4,50.0,79,Umerkot,2026-07-23 16:34:56.886994+00:00
2026-06-04 04:00:00,25.4,34,1014.7,9.1,98,0.0,17.2,51.9,102.0,0.0,0.5,51.0,80,Umerkot,2026-07-23 16:34:56.886994+00:00
2026-06-04 05:00:00,24.5,35,1015.1,7.8,103,0.0,14.7,40.7,103.0,0.0,0.5,54.0,79,Umerkot,2026-07-23 16:34:56.886994+00:00
2026-06-04 06:00:00,23.9,36,1015.2,7.9,93,0.0,12.3,34.2,104.0,0.0,0.6,60.0,79,Umerkot,2026-07-23 16:34:56.886994+00:00
2026-06-04 07:00:00,24.1,35,1015.6,11.2,84,0.0,9.4,25.3,106.0,0.0,0.7,72.0,78,Umerkot,2026-07-23 16:34:56.886994+00:00
2026-06-04 08:00:00,26.0,30,1016.4,9.6,70,0.0,7.6,21.1,107.0,0.0,0.7,87.0,77,Umerkot,2026-07-23 16:34:56.886994+00:00
2026-06-04 09:00:00,28.1,25,1017.0,12.7,60,0.0,7.3,21.0,108.0,0.0,0.7,97.0,76,Umerkot,2026-07-23 16:34:56.886994+00:00
2026-06-04 10:00:00,30.0,20,1016.9,15.6,59,0.0,8.3,27.1,107.0,0.0,0.6,98.0,75,Umerkot,2026-07-23 16:34:56.886994+00:00
2026-06-04 11:00:00,32.3,17,1016.9,16.7,68,0.0,9.0,31.7,106.0,0.0,0.5,94.0,74,Umerkot,2026-07-23 16:34:56.886994+00:00
2026-06-04 12:00:00,33.8,16,1016.4,15.5,64,0.0,6.2,22.8,105.0,0.1,0.4,94.0,72,Umerkot,2026-07-23 16:34:56.886994+00:00
2026-06-04 13:00:00,34.8,16,1015.7,10.6,44,0.0,6.0,22.4,105.0,0.1,0.4,94.0,70,Umerkot,2026-07-23 16:34:56.886994+00:00
2026-06-04 14:00:00,35.7,14,1014.9,10.2,18,0.0,6.1,22.8,106.0,0.1,0.3,93.0,67,Umerkot,2026-07-23 16:34:56.886994+00:00
2026-06-04 15:00:00,35.9,13,1014.4,6.7,46,0.0,6.4,24.0,107.0,0.1,0.3,92.0,65,Umerkot,2026-07-23 16:34:56.886994+00:00
2026-06-04 16:00:00,36.5,12,1013.6,8.7,32,0.0,6.5,24.4,107.0,0.1,0.3,91.0,63,Umerkot,2026-07-23 16:34:56.886994+00:00
2026-06-04 17:00:00,36.6,12,1013.1,9.3,15,0.0,6.4,24.1,106.0,0.1,0.3,89.0,61,Umerkot,2026-07-23 16:34:56.886994+00:00
2026-06-04 18:00:00,36.4,12,1012.6,12.0,7,0.0,6.2,21.9,106.0,0.1,0.3,86.0,59,Umerkot,2026-07-23 16:34:56.886994+00:00
2026-06-04 19:00:00,35.9,12,1012.8,13.0,359,0.0,5.9,19.6,106.0,0.1,0.3,79.0,58,Umerkot,2026-07-23 16:34:56.886994+00:00
2026-06-04 20:00:00,35.3,13,1013.0,11.9,6,0.0,5.6,16.5,105.0,0.1,0.3,70.0,56,Umerkot,2026-07-23 16:34:56.886994+00:00
2026-06-04 21:00:00,33.9,14,1013.4,18.9,50,0.0,5.4,14.1,105.0,0.1,0.3,64.0,55,Umerkot,2026-07-23 16:34:56.886994+00:00
2026-06-04 22:00:00,33.4,14,1013.9,18.6,49,0.0,5.0,11.7,106.0,0.1,0.3,62.0,54,Umerkot,2026-07-23 16:34:56.886994+00:00
2026-06-04 23:00:00,32.1,16,1014.4,16.3,32,0.0,4.9,12.0,107.0,0.0,0.4,62.0,53,Umerkot,2026-07-23 16:34:56.886994+00:00
2026-06-05 00:00:00,30.8,18,1014.6,12.8,64,0.0,5.7,16.1,107.0,0.0,0.4,63.0,51,Umerkot,2026-07-23 16:34:56.886994+00:00
2026-06-05 01:00:00,29.7,19,1014.1,13.6,98,0.0,6.0,16.6,107.0,0.0,0.4,61.0,50,Umerkot,2026-07-23 16:34:56.886994+00:00
2026-06-05 02:00:00,28.6,20,1013.7,13.8,97,0.0,6.4,17.8,106.0,0.0,0.5,58.0,48,Umerkot,2026-07-23 16:34:56.886994+00:00
2026-06-05 03:00:00,27.3,23,1013.3,13.1,89,0.0,7.0,20.8,105.0,0.0,0.5,56.0,45,Umerkot,2026-07-23 16:34:56.886994+00:00
2026-06-05 04:00:00,26.3,24,1013.8,13.7,81,0.0,7.9,25.5,105.0,0.0,0.5,56.0,42,Umerkot,2026-07-23 16:34:56.886994+00:00
2026-06-05 05:00:00,25.4,25,1014.3,13.7,85,0.0,9.0,30.2,105.0,0.1,0.6,56.0,40,Umerkot,2026-07-23 16:34:56.886994+00:00
2026-06-05 06:00:00,24.5,27,1014.7,12.8,112,0.0,11.6,48.4,106.0,0.1,0.6,60.0,39,Umerkot,2026-07-23 16:34:56.886994+00:00
2026-06-05 07:00:00,24.0,27,1015.4,12.1,136,0.0,14.4,66.6,107.0,0.1,0.6,69.0,38,Umerkot,2026-07-23 16:34:56.886994+00:00
2026-06-05 08:00:00,26.3,24,1015.8,12.8,141,0.0,12.5,54.1,108.0,0.0,0.6,80.0,40,Umerkot,2026-07-23 16:34:56.886994+00:00
2026-06-05 09:00:00,29.3,20,1016.0,14.0,136,0.0,9.6,39.1,108.0,0.0,0.6,88.0,41,Umerkot,2026-07-23 16:34:56.886994+00:00
2026-06-05 10:00:00,31.7,18,1015.7,17.2,124,0.0,9.0,36.1,108.0,0.0,0.5,89.0,41,Umerkot,2026-07-23 16:34:56.886994+00:00
2026-06-05 11:00:00,33.8,16,1015.4,17.7,121,0.0,9.7,39.6,107.0,0.0,0.5,86.0,41,Umerkot,2026-07-23 16:34:56.886994+00:00
2026-06-05 12:00:00,35.3,14,1015.1,12.3,121,0.0,2.8,12.7,107.0,0.0,0.4,85.0,42,Umerkot,2026-07-23 16:34:56.886994+00:00
2026-06-05 13:00:00,36.3,13,1014.5,4.7,88,0.0,2.9,13.2,107.0,0.0,0.4,85.0,41,Umerkot,2026-07-23 16:34:56.886994+00:00
2026-06-05 14:00:00,37.2,13,1013.9,6.7,9,0.0,3.2,14.3,107.0,0.1,0.4,85.0,40,Umerkot,2026-07-23 16:34:56.886994+00:00
2026-06-05 15:00:00,37.6,12,1013.1,11.7,21,0.0,3.6,15.7,107.0,0.1,0.4,85.0,39,Umerkot,2026-07-23 16:34:56.886994+00:00
2026-06-05 16:00:00,37.9,12,1012.7,13.1,13,0.0,4.0,17.3,107.0,0.1,0.5,84.0,40,Umerkot,2026-07-23 16:34:56.886994+00:00
2026-06-05 17:00:00,37.8,12,1012.6,15.2,14,0.0,4.5,19.0,107.0,0.1,0.5,82.0,40,Umerkot,2026-07-23 16:34:56.886994+00:00
2026-06-05 18:00:00,37.3,12,1012.3,21.2,22,0.0,5.1,19.7,107.0,0.1,0.6,81.0,39,Umerkot,2026-07-23 16:34:56.886994+00:00
2026-06-05 19:00:00,36.3,12,1012.5,24.2,21,0.0,5.8,22.4,107.0,0.1,0.7,80.0,39,Umerkot,2026-07-23 16:34:56.886994+00:00
2026-06-05 20:00:00,35.5,13,1013.3,18.4,18,0.0,5.7,21.7,107.0,0.1,0.7,79.0,39,Umerkot,2026-07-23 16:34:56.886994+00:00
2026-06-05 21:00:00,34.2,13,1013.8,19.9,38,0.0,5.3,18.0,107.0,0.1,0.8,78.0,38,Umerkot,2026-07-23 16:34:56.886994+00:00
2026-06-05 22:00:00,33.3,14,1014.2,19.7,36,0.0,4.9,13.9,106.0,0.1,0.8,76.0,38,Umerkot,2026-07-23 16:34:56.886994+00:00
2026-06-05 23:00:00,31.9,14,1015.0,20.2,41,0.0,4.7,11.5,105.0,0.1,0.9,73.0,37,Umerkot,2026-07-23 16:34:56.886994+00:00
2026-06-06 00:00:00,30.6,14,1015.1,16.6,56,0.0,4.8,12.0,104.0,0.1,1.0,73.0,37,Umerkot,2026-07-23 16:34:56.886994+00:00
2026-06-06 01:00:00,29.4,15,1015.3,16.5,70,0.0,4.7,11.2,103.0,0.1,1.0,70.0,37,Umerkot,2026-07-23 16:34:56.886994+00:00
2026-06-06 02:00:00,28.4,15,1015.0,16.6,75,0.0,4.7,11.7,103.0,0.0,1.0,67.0,37,Umerkot,2026-07-23 16:34:56.886994+00:00
2026-06-06 03:00:00,27.7,16,1014.7,15.2,85,0.0,4.8,13.3,103.0,0.0,1.0,65.0,36,Umerkot,2026-07-23 16:34:56.886994+00:00
2026-06-06 04:00:00,26.7,18,1014.7,14.1,85,0.0,4.9,15.0,103.0,0.0,1.0,64.0,36,Umerkot,2026-07-23 16:34:56.886994+00:00
2026-06-06 05:00:00,25.6,19,1015.0,12.4,103,0.0,5.2,16.9,103.0,0.1,1.1,65.0,35,Umerkot,2026-07-23 16:34:56.886994+00:00
2026-06-06 06:00:00,24.4,21,1015.4,11.1,126,0.0,5.7,21.1,103.0,0.1,1.1,69.0,34,Umerkot,2026-07-23 16:34:56.886994+00:00
2026-06-06 07:00:00,24.4,21,1015.8,12.5,131,0.0,7.4,33.6,104.0,0.1,1.1,79.0,33,Umerkot,2026-07-23 16:34:56.886994+00:00
2026-06-06 08:00:00,26.4,19,1016.7,12.3,143,0.0,8.0,36.0,105.0,0.1,1.0,91.0,32,Umerkot,2026-07-23 16:34:56.886994+00:00
2026-06-06 09:00:00,29.8,15,1016.6,13.5,144,0.0,7.6,31.7,106.0,0.1,0.9,100.0,33,Umerkot,2026-07-23 16:34:56.886994+00:00
2026-06-06 10:00:00,32.9,13,1016.3,18.5,145,0.0,7.4,30.5,107.0,0.1,0.8,101.0,35,Umerkot,2026-07-23 16:34:56.886994+00:00
2026-06-06 11:00:00,34.8,12,1016.1,19.5,142,0.0,7.3,30.4,107.0,0.1,0.7,97.0,37,Umerkot,2026-07-23 16:34:56.886994+00:00
2026-06-06 12:00:00,36.2,11,1015.8,14.1,138,0.0,6.1,23.0,107.0,0.1,0.6,96.0,39,Umerkot,2026-07-23 16:34:56.886994+00:00
2026-06-06 13:00:00,36.9,10,1015.3,6.1,109,0.0,5.5,20.8,107.0,0.1,0.6,97.0,40,Umerkot,2026-07-23 16:34:56.886994+00:00
2026-06-06 14:00:00,37.6,10,1014.6,5.7,24,0.0,5.5,20.8,107.0,0.1,0.6,97.0,42,Umerkot,2026-07-23 16:34:56.886994+00:00
2026-06-06 15:00:00,38.2,9,1014.1,11.4,16,0.0,5.5,20.8,107.0,0.1,0.6,97.0,44,Umerkot,2026-07-23 16:34:56.886994+00:00
2026-06-06 16:00:00,38.5,9,1013.6,14.9,15,0.0,5.5,21.0,107.0,0.1,0.6,95.0,45,Umerkot,2026-07-23 16:34:56.886994+00:00
2026-06-06 17:00:00,38.3,9,1013.4,18.4,18,0.0,5.6,20.3,106.0,0.1,0.5,91.0,45,Umerkot,2026-07-23 16:34:56.886994+00:00
2026-06-06 18:00:00,37.7,9,1013.0,19.4,18,0.0,5.7,18.9,106.0,0.1,0.5,87.0,45,Umerkot,2026-07-23 16:34:56.886994+00:00
2026-06-06 19:00:00,36.9,9,1013.2,17.3,24,0.0,6.1,19.7,105.0,0.1,0.5,82.0,44,Umerkot,2026-07-23 16:34:56.886994+00:00
2026-06-06 20:00:00,35.8,10,1013.7,17.3,42,0.0,6.4,20.7,105.0,0.1,0.5,77.0,43,Umerkot,2026-07-23 16:34:56.886994+00:00
2026-06-06 21:00:00,34.5,10,1014.1,17.3,51,0.0,6.6,21.5,104.0,0.1,0.5,73.0,42,Umerkot,2026-07-23 16:34:56.886994+00:00
2026-06-06 22:00:00,33.3,12,1014.9,14.3,62,0.0,7.1,24.6,103.0,0.1,0.5,71.0,41,Umerkot,2026-07-23 16:34:56.886994+00:00
2026-06-06 23:00:00,32.1,13,1015.3,15.5,70,0.0,7.5,27.8,103.0,0.1,0.4,71.0,39,Umerkot,2026-07-23 16:34:56.886994+00:00
2026-06-07 00:00:00,31.2,14,1015.5,13.0,64,0.0,8.4,34.2,102.0,0.1,0.4,71.0,38,Umerkot,2026-07-23 16:34:56.886994+00:00
2026-06-07 01:00:00,29.6,15,1015.3,11.1,83,0.0,8.7,36.8,102.0,0.1,0.4,71.0,36,Umerkot,2026-07-23 16:34:56.886994+00:00
2026-06-07 02:00:00,28.3,17,1015.2,7.9,77,0.0,9.0,38.9,102.0,0.1,0.4,71.0,35,Umerkot,2026-07-23 16:34:56.886994+00:00
2026-06-07 03:00:00,27.4,18,1014.7,9.7,79,0.0,9.0,38.3,102.0,0.1,0.4,71.0,36,Umerkot,2026-07-23 16:34:56.886994+00:00
2026-06-07 04:00:00,26.8,19,1014.7,11.8,99,0.0,8.7,35.5,102.0,0.1,0.4,69.0,37,Umerkot,2026-07-23 16:34:56.886994+00:00
2026-06-07 05:00:00,26.2,19,1014.9,13.3,106,0.0,8.5,33.4,102.0,0.1,0.4,67.0,38,Umerkot,2026-07-23 16:34:56.886994+00:00
2026-06-07 06:00:00,25.7,20,1015.1,14.9,99,0.0,9.9,45.1,102.0,0.1,0.5,68.0,39,Umerkot,2026-07-23 16:34:56.886994+00:00
2026-06-07 07:00:00,24.9,21,1015.5,13.1,115,0.0,17.6,101.0,103.0,0.1,0.7,74.0,40,Umerkot,2026-07-23 16:34:56.886994+00:00
2026-06-07 08:00:00,26.9,19,1015.9,13.1,137,0.0,22.4,128.5,104.0,0.0,0.9,83.0,42,Umerkot,2026-07-23 16:34:56.886994+00:00
2026-06-07 09:00:00,30.4,15,1016.4,10.8,134,0.0,16.8,89.2,105.0,0.0,1.0,89.0,46,Umerkot,2026-07-23 16:34:56.886994+00:00
2026-06-07 10:00:00,33.7,13,1016.4,14.5,135,0.0,14.5,76.1,105.0,0.0,1.0,91.0,48,Umerkot,2026-07-23 16:34:56.886994+00:00
2026-06-07 11:00:00,36.1,11,1016.3,17.4,137,0.0,13.6,71.7,104.0,0.1,0.9,91.0,50,Umerkot,2026-07-23 16:34:56.886994+00:00
2026-06-07 12:00:00,37.3,10,1016.0,12.6,144,0.0,9.5,51.5,104.0,0.1,0.8,91.0,50,Umerkot,2026-07-23 16:34:56.886994+00:00
2026-06-07 13:00:00,38.1,9,1015.5,10.1,153,0.0,9.3,49.9,104.0,0.1,0.7,92.0,51,Umerkot,2026-07-23 16:34:56.886994+00:00
2026-06-07 14:00:00,38.7,8,1014.8,7.6,162,0.0,9.2,49.9,104.0,0.1,0.7,92.0,51,Umerkot,2026-07-23 16:34:56.886994+00:00
2026-06-07 15:00:00,39.1,8,1014.0,5.6,163,0.0,9.1,50.4,104.0,0.1,0.6,91.0,51,Umerkot,2026-07-23 16:34:56.886994+00:00
2026-06-07 16:00:00,39.4,8,1013.3,3.2,161,0.0,9.1,50.5,104.0,0.1,0.6,87.0,51,Umerkot,2026-07-23 16:34:56.886994+00:00
2026-06-07 17:00:00,39.4,8,1012.9,1.4,220,0.0,9.0,49.7,103.0,0.1,0.5,82.0,52,Umerkot,2026-07-23 16:34:56.886994+00:00
2026-06-07 18:00:00,39.2,8,1012.3,3.7,256,0.0,8.5,40.9,103.0,0.1,0.5,76.0,52,Umerkot,2026-07-23 16:34:56.886994+00:00
2026-06-07 19:00:00,38.9,8,1012.3,6.5,242,0.0,8.5,39.6,103.0,0.1,0.5,70.0,52,Umerkot,2026-07-23 16:34:56.886994+00:00
2026-06-07 20:00:00,38.1,9,1012.2,6.2,249,0.0,8.4,36.3,102.0,0.1,0.5,65.0,52,Umerkot,2026-07-23 16:34:56.886994+00:00
2026-06-07 21:00:00,36.4,17,1012.4,4.6,72,0.0,8.2,33.3,102.0,0.1,0.5,61.0,53,Umerkot,2026-07-23 16:34:56.886994+00:00
2026-06-07 22:00:00,34.8,15,1012.8,6.7,90,0.0,8.1,31.5,102.0,0.1,0.5,62.0,53,Umerkot,2026-07-23 16:34:56.886994+00:00
2026-06-07 23:00:00,33.9,13,1012.8,11.9,138,0.0,8.5,34.0,102.0,0.1,0.5,65.0,53,Umerkot,2026-07-23 16:34:56.886994+00:00
2026-06-08 00:00:00,32.9,13,1012.5,14.7,163,0.0,8.9,36.9,102.0,0.1,0.5,68.0,53,Umerkot,2026-07-23 16:34:56.886994+00:00
2026-06-08 01:00:00,31.6,14,1012.0,14.7,172,0.0,8.9,36.8,102.0,0.1,0.5,64.0,53,Umerkot,2026-07-23 16:34:56.886994+00:00
2026-06-08 02:00:00,30.9,14,1011.6,15.7,182,0.0,8.7,35.2,101.0,0.1,0.5,59.0,53,Umerkot,2026-07-23 16:34:56.886994+00:00
2026-06-08 03:00:00,30.6,13,1010.9,17.0,189,0.0,9.5,37.3,101.0,0.1,0.5,55.0,53,Umerkot,2026-07-23 16:34:56.886994+00:00
2026-06-08 04:00:00,29.3,14,1010.9,12.5,225,0.0,15.7,60.8,102.0,0.1,0.7,53.0,53,Umerkot,2026-07-23 16:34:56.886994+00:00
2026-06-08 05:00:00,28.1,18,1011.6,13.3,291,0.0,24.9,95.0,103.0,0.1,0.9,53.0,53,Umerkot,2026-07-23 16:34:56.886994+00:00
2026-06-08 06:00:00,26.8,21,1011.6,10.8,285,0.0,34.5,129.9,104.0,0.1,1.1,55.0,55,Umerkot,2026-07-23 16:34:56.886994+00:00
2026-06-08 07:00:00,25.9,23,1012.3,10.5,277,0.0,40.6,153.7,105.0,0.1,1.2,62.0,57,Umerkot,2026-07-23 16:34:56.886994+00:00
2026-06-08 08:00:00,27.9,23,1012.7,8.9,279,0.0,41.9,162.1,106.0,0.1,1.1,71.0,59,Umerkot,2026-07-23 16:34:56.886994+00:00
2026-06-08 09:00:00,30.8,22,1012.9,9.1,292,0.0,40.4,158.3,107.0,0.1,1.1,78.0,60,Umerkot,2026-07-23 16:34:56.886994+00:00
2026-06-08 10:00:00,33.1,21,1012.8,11.4,297,0.0,38.6,155.1,107.0,0.1,1.0,81.0,62,Umerkot,2026-07-23 16:34:56.886994+00:00
2026-06-08 11:00:00,35.0,18,1012.8,13.4,287,0.0,36.4,151.3,106.0,0.0,0.9,81.0,64,Umerkot,2026-07-23 16:34:56.886994+00:00
2026-06-08 12:00:00,36.8,15,1012.6,16.5,264,0.0,30.6,128.5,106.0,0.0,1.0,82.0,66,Umerkot,2026-07-23 16:34:56.886994+00:00
2026-06-08 13:00:00,38.6,12,1011.8,22.9,248,0.0,32.1,142.5,106.0,0.0,1.3,84.0,67,Umerkot,2026-07-23 16:34:56.886994+00:00
2026-06-08 14:00:00,39.4,11,1011.1,26.9,244,0.0,36.7,165.3,105.0,0.0,1.6,87.0,69,Umerkot,2026-07-23 16:34:56.886994+00:00
2026-06-08 15:00:00,39.5,11,1010.5,25.1,252,0.0,43.9,198.8,105.0,0.0,1.9,88.0,71,Umerkot,2026-07-23 16:34:56.886994+00:00
2026-06-08 16:00:00,39.4,11,1009.8,26.9,258,0.0,53.0,237.0,105.0,0.0,2.1,87.0,74,Umerkot,2026-07-23 16:34:56.886994+00:00
2026-06-08 17:00:00,39.2,10,1009.5,28.6,259,0.0,59.5,253.3,106.0,0.1,2.2,85.0,77,Umerkot,2026-07-23 16:34:56.886994+00:00
2026-06-08 18:00:00,38.5,9,1009.2,29.1,261,0.0,59.8,223.5,106.0,0.1,2.2,81.0,81,Umerkot,2026-07-23 16:34:56.886994+00:00
2026-06-08 19:00:00,37.4,9,1009.4,26.4,275,0.0,56.5,197.0,106.0,0.1,1.9,76.0,85,Umerkot,2026-07-23 16:34:56.886994+00:00
2026-06-08 20:00:00,36.0,11,1009.9,21.9,284,0.0,50.5,173.2,106.0,0.0,1.4,70.0,89,Umerkot,2026-07-23 16:34:56.886994+00:00
2026-06-08 21:00:00,34.7,13,1010.0,17.1,282,0.0,44.6,153.2,106.0,0.0,1.1,64.0,92,Umerkot,2026-07-23 16:34:56.886994+00:00
2026-06-08 22:00:00,33.3,15,1010.6,14.5,289,0.0,39.9,138.3,106.0,0.0,1.0,59.0,95,Umerkot,2026-07-23 16:34:56.886994+00:00
2026-06-08 23:00:00,31.9,18,1011.1,15.2,304,0.0,36.7,127.1,105.0,0.0,1.0,55.0,98,Umerkot,2026-07-23 16:34:56.886994+00:00
2026-06-09 00:00:00,30.5,20,1011.1,13.6,301,0.0,34.7,119.7,105.0,0.0,1.0,51.0,100,Umerkot,2026-07-23 16:34:56.886994+00:00
2026-06-09 01:00:00,29.4,21,1010.8,13.7,288,0.0,31.9,104.3,104.0,0.0,0.9,49.0,103,Umerkot,2026-07-23 16:34:56.886994+00:00
2026-06-09 02:00:00,28.6,23,1010.6,15.8,296,0.0,28.8,87.8,103.0,0.0,0.8,47.0,105,Umerkot,2026-07-23 16:34:56.886994+00:00
2026-06-09 03:00:00,27.7,25,1009.7,14.4,303,0.0,26.0,73.8,103.0,0.0,0.8,47.0,107,Umerkot,2026-07-23 16:34:56.886994+00:00
2026-06-09 04:00:00,26.7,26,1009.8,13.7,300,0.0,24.2,66.4,103.0,0.0,1.0,49.0,109,Umerkot,2026-07-23 16:34:56.886994+00:00
2026-06-09 05:00:00,25.7,28,1010.0,13.2,300,0.0,24.9,70.1,103.0,0.1,1.3,53.0,110,Umerkot,2026-07-23 16:34:56.886994+00:00
2026-06-09 06:00:00,24.6,31,1010.1,11.8,287,0.0,32.8,106.4,104.0,0.1,1.6,59.0,110,Umerkot,2026-07-23 16:34:56.886994+00:00
2026-06-09 07:00:00,24.1,34,1010.7,12.2,313,0.0,44.2,145.8,105.0,0.1,1.8,67.0,110,Umerkot,2026-07-23 16:34:56.886994+00:00
2026-06-09 08:00:00,25.3,31,1011.2,10.1,325,0.0,51.7,175.6,106.0,0.1,1.9,76.0,110,Umerkot,2026-07-23 16:34:56.886994+00:00
2026-06-09 09:00:00,27.3,27,1011.6,13.9,331,0.0,53.1,188.6,107.0,0.1,2.0,84.0,111,Umerkot,2026-07-23 16:34:56.886994+00:00
2026-06-09 10:00:00,29.2,25,1011.8,15.1,332,0.0,49.9,185.8,108.0,0.1,2.1,89.0,112,Umerkot,2026-07-23 16:34:56.886994+00:00
2026-06-09 11:00:00,31.1,24,1011.9,16.9,332,0.0,45.6,170.9,108.0,0.1,2.2,92.0,114,Umerkot,2026-07-23 16:34:56.886994+00:00
2026-06-09 12:00:00,32.9,21,1011.9,18.6,332,0.0,41.4,152.3,108.0,0.1,2.4,94.0,115,Umerkot,2026-07-23 16:34:56.886994+00:00
2026-06-09 13:00:00,34.3,18,1011.5,20.0,331,0.0,38.6,138.8,108.0,0.1,2.5,96.0,116,Umerkot,2026-07-23 16:34:56.886994+00:00
2026-06-09 14:00:00,35.2,16,1011.0,23.5,336,0.0,35.9,125.7,108.0,0.1,2.6,99.0,116,Umerkot,2026-07-23 16:34:56.886994+00:00
2026-06-09 15:00:00,35.3,16,1010.3,25.5,347,0.0,33.1,114.1,108.0,0.1,2.7,101.0,116,Umerkot,2026-07-23 16:34:56.886994+00:00
2026-06-09 16:00:00,35.6,16,1009.8,25.0,354,0.0,30.2,103.4,107.0,0.1,2.6,100.0,115,Umerkot,2026-07-23 16:34:56.886994+00:00
2026-06-09 17:00:00,35.7,16,1009.6,24.3,357,0.0,27.1,90.1,107.0,0.1,2.5,98.0,113,Umerkot,2026-07-23 16:34:56.886994+00:00
2026-06-09 18:00:00,35.4,16,1009.2,25.9,359,0.0,23.8,74.5,106.0,0.1,2.3,94.0,109,Umerkot,2026-07-23 16:34:56.886994+00:00
2026-06-09 19:00:00,34.7,16,1009.5,26.8,358,0.0,20.4,60.8,106.0,0.1,2.0,88.0,106,Umerkot,2026-07-23 16:34:56.886994+00:00
2026-06-09 20:00:00,33.6,17,1010.1,23.4,358,0.0,17.2,50.6,105.0,0.1,1.6,81.0,102,Umerkot,2026-07-23 16:34:56.886994+00:00
2026-06-09 21:00:00,32.4,18,1010.4,21.1,357,0.0,14.4,43.4,105.0,0.1,1.3,75.0,99,Umerkot,2026-07-23 16:34:56.886994+00:00
2026-06-09 22:00:00,31.4,20,1011.0,18.4,355,0.0,12.2,37.8,104.0,0.1,1.1,71.0,96,Umerkot,2026-07-23 16:34:56.886994+00:00
2026-06-09 23:00:00,30.4,21,1011.5,17.0,5,0.0,10.7,33.9,103.0,0.0,0.9,69.0,94,Umerkot,2026-07-23 16:34:56.886994+00:00
2026-06-10 00:00:00,29.5,23,1011.3,16.0,14,0.0,9.0,28.8,102.0,0.0,0.7,64.0,92,Umerkot,2026-07-23 16:34:56.886994+00:00
2026-06-10 01:00:00,28.5,24,1011.1,15.8,19,0.0,8.8,29.9,101.0,0.0,0.7,62.0,90,Umerkot,2026-07-23 16:34:56.886994+00:00
2026-06-10 02:00:00,27.4,25,1011.2,15.2,7,0.0,8.7,31.8,101.0,0.0,0.7,60.0,88,Umerkot,2026-07-23 16:34:56.886994+00:00
2026-06-10 03:00:00,26.6,25,1010.9,16.2,2,0.0,8.9,34.6,101.0,0.0,0.7,58.0,87,Umerkot,2026-07-23 16:34:56.886994+00:00
2026-06-10 04:00:00,25.4,26,1011.2,13.7,5,0.0,9.3,38.9,101.0,0.0,0.7,57.0,85,Umerkot,2026-07-23 16:34:56.886994+00:00
2026-06-10 05:00:00,24.4,27,1011.4,12.4,359,0.0,10.0,44.4,102.0,0.1,0.7,58.0,84,Umerkot,2026-07-23 16:34:56.886994+00:00
2026-06-10 06:00:00,23.2,30,1011.8,9.4,348,0.0,12.8,65.9,102.0,0.1,0.7,61.0,83,Umerkot,2026-07-23 16:34:56.886994+00:00
2026-06-10 07:00:00,22.8,31,1012.5,7.2,346,0.0,20.1,110.1,103.0,0.1,0.8,70.0,82,Umerkot,2026-07-23 16:34:56.886994+00:00
2026-06-10 08:00:00,24.7,27,1013.4,4.5,2,0.0,24.0,129.9,103.0,0.0,0.9,81.0,80,Umerkot,2026-07-23 16:34:56.886994+00:00
2026-06-10 09:00:00,27.1,24,1014.0,6.8,25,0.0,23.2,126.2,104.0,0.0,1.0,90.0,77,Umerkot,2026-07-23 16:34:56.886994+00:00
2026-06-10 10:00:00,29.5,23,1014.0,9.6,43,0.0,23.1,121.5,104.0,0.0,1.1,92.0,75,Umerkot,2026-07-23 16:34:56.886994+00:00
2026-06-10 11:00:00,31.8,21,1013.9,13.8,49,0.0,24.3,123.4,104.0,0.0,1.2,92.0,73,Umerkot,2026-07-23 16:34:56.886994+00:00
2026-06-10 12:00:00,33.4,19,1013.7,17.1,50,0.0,16.1,75.2,104.0,0.0,1.2,92.0,71,Umerkot,2026-07-23 16:34:56.886994+00:00
2026-06-10 13:00:00,34.5,17,1013.1,17.4,45,0.0,15.5,70.1,104.0,0.0,1.1,92.0,69,Umerkot,2026-07-23 16:34:56.886994+00:00
2026-06-10 14:00:00,35.3,16,1012.3,17.7,35,0.0,14.5,62.6,104.0,0.0,1.1,93.0,68,Umerkot,2026-07-23 16:34:56.886994+00:00
2026-06-10 15:00:00,35.8,15,1011.8,18.9,27,0.0,12.9,53.1,104.0,0.0,1.0,92.0,66,Umerkot,2026-07-23 16:34:56.886994+00:00
2026-06-10 16:00:00,36.1,15,1011.5,18.6,20,0.0,11.1,43.3,104.0,0.0,1.0,90.0,64,Umerkot,2026-07-23 16:34:56.886994+00:00
2026-06-10 17:00:00,36.0,15,1011.4,19.4,15,0.0,9.2,33.4,104.0,0.1,1.0,88.0,63,Umerkot,2026-07-23 16:34:56.886994+00:00
2026-06-10 18:00:00,35.5,15,1011.1,19.9,14,0.0,7.1,22.4,104.0,0.1,1.0,85.0,61,Umerkot,2026-07-23 16:34:56.886994+00:00
2026-06-10 19:00:00,34.8,15,1011.5,20.3,18,0.0,5.2,14.1,104.0,0.1,1.0,80.0,60,Umerkot,2026-07-23 16:34:56.886994+00:00
2026-06-10 20:00:00,33.8,16,1011.9,20.1,24,0.0,3.6,8.5,103.0,0.0,1.0,75.0,59,Umerkot,2026-07-23 16:34:56.886994+00:00
2026-06-10 21:00:00,32.8,19,1012.6,15.9,29,0.0,2.6,5.7,103.0,0.0,1.0,70.0,58,Umerkot,2026-07-23 16:34:56.886994+00:00
2026-06-10 22:00:00,31.6,21,1013.2,14.3,28,0.0,2.1,4.7,103.0,0.0,0.9,66.0,57,Umerkot,2026-07-23 16:34:56.886994+00:00
2026-06-10 23:00:00,30.4,23,1013.8,12.7,33,0.0,2.0,4.8,103.0,0.0,0.9,63.0,56,Umerkot,2026-07-23 16:34:56.886994+00:00
2026-06-11 00:00:00,29.3,25,1013.8,11.9,38,0.0,2.3,5.7,103.0,0.0,0.8,62.0,55,Umerkot,2026-07-23 16:34:56.886994+00:00
2026-06-11 01:00:00,28.3,27,1013.9,12.5,36,0.0,2.6,7.1,103.0,0.0,0.7,60.0,55,Umerkot,2026-07-23 16:34:56.886994+00:00
2026-06-11 02:00:00,27.6,28,1013.5,13.5,33,0.0,3.0,9.7,102.0,0.0,0.6,58.0,54,Umerkot,2026-07-23 16:34:56.886994+00:00
2026-06-11 03:00:00,26.9,30,1013.1,13.2,52,0.0,3.4,13.0,102.0,0.0,0.5,57.0,54,Umerkot,2026-07-23 16:34:56.886994+00:00
2026-06-11 04:00:00,26.2,31,1012.9,12.7,57,0.0,3.8,16.4,102.0,0.0,0.5,57.0,53,Umerkot,2026-07-23 16:34:56.886994+00:00
2026-06-11 05:00:00,25.4,33,1012.8,12.2,56,0.0,4.2,19.4,103.0,0.0,0.5,59.0,53,Umerkot,2026-07-23 16:34:56.886994+00:00
2026-06-11 06:00:00,24.5,35,1013.0,11.1,53,0.0,5.0,25.3,103.0,0.0,0.5,62.0,53,Umerkot,2026-07-23 16:34:56.886994+00:00
2026-06-11 07:00:00,24.1,37,1013.8,9.7,48,0.0,5.6,29.2,104.0,0.0,0.5,68.0,52,Umerkot,2026-07-23 16:34:56.886994+00:00
2026-06-11 08:00:00,25.8,33,1014.6,6.1,56,0.0,6.0,26.6,104.0,0.0,0.5,77.0,51,Umerkot,2026-07-23 16:34:56.886994+00:00
2026-06-11 09:00:00,28.4,28,1014.9,4.3,68,0.0,7.9,32.0,105.0,0.0,0.5,82.0,48,Umerkot,2026-07-23 16:34:56.886994+00:00
2026-06-11 10:00:00,31.2,23,1014.8,6.8,61,0.0,9.7,39.3,105.0,0.0,0.5,82.0,45,Umerkot,2026-07-23 16:34:56.886994+00:00
2026-06-11 11:00:00,33.2,21,1014.8,10.3,40,0.0,10.4,41.0,105.0,0.0,0.5,80.0,42,Umerkot,2026-07-23 16:34:56.886994+00:00
2026-06-11 12:00:00,34.5,19,1014.8,12.4,16,0.0,6.4,26.3,105.0,0.0,0.5,78.0,38,Umerkot,2026-07-23 16:34:56.886994+00:00
2026-06-11 13:00:00,35.6,18,1014.4,15.5,2,0.0,6.8,28.2,104.0,0.0,0.5,77.0,36,Umerkot,2026-07-23 16:34:56.886994+00:00
2026-06-11 14:00:00,36.4,17,1014.0,18.8,357,0.0,7.3,31.1,104.0,0.0,0.5,76.0,35,Umerkot,2026-07-23 16:34:56.886994+00:00
2026-06-11 15:00:00,36.7,16,1013.7,20.2,1,0.0,7.8,34.1,103.0,0.0,0.5,75.0,36,Umerkot,2026-07-23 16:34:56.886994+00:00
2026-06-11 16:00:00,36.8,16,1013.2,20.7,360,0.0,8.1,36.4,102.0,0.0,0.5,74.0,36,Umerkot,2026-07-23 16:34:56.886994+00:00
2026-06-11 17:00:00,36.5,15,1012.9,20.7,360,0.0,8.2,37.0,102.0,0.0,0.4,73.0,36,Umerkot,2026-07-23 16:34:56.886994+00:00
2026-06-11 18:00:00,36.0,15,1012.7,20.0,2,0.0,7.7,30.7,101.0,0.0,0.4,71.0,36,Umerkot,2026-07-23 16:34:56.886994+00:00
2026-06-11 19:00:00,35.2,16,1012.9,19.1,4,0.0,7.1,23.5,100.0,0.0,0.4,68.0,35,Umerkot,2026-07-23 16:34:56.886994+00:00
2026-06-11 20:00:00,34.3,17,1013.4,18.6,12,0.0,6.7,19.4,99.0,0.0,0.4,64.0,34,Umerkot,2026-07-23 16:34:56.886994+00:00
2026-06-11 21:00:00,33.3,18,1013.7,16.9,28,0.0,6.8,18.9,99.0,0.0,0.4,61.0,34,Umerkot,2026-07-23 16:34:56.886994+00:00
2026-06-11 22:00:00,32.1,19,1014.2,14.1,38,0.0,7.0,19.8,99.0,0.0,0.4,58.0,33,Umerkot,2026-07-23 16:34:56.886994+00:00
2026-06-11 23:00:00,31.0,21,1014.9,11.2,40,0.0,7.2,21.5,100.0,0.0,0.4,56.0,34,Umerkot,2026-07-23 16:34:56.886994+00:00
2026-06-12 00:00:00,29.8,22,1015.0,11.0,21,0.0,7.5,22.9,100.0,0.0,0.4,54.0,35,Umerkot,2026-07-23 16:34:56.886994+00:00
2026-06-12 01:00:00,28.7,24,1014.8,12.1,27,0.0,7.5,24.2,100.0,0.0,0.4,53.0,36,Umerkot,2026-07-23 16:34:56.886994+00:00
2026-06-12 02:00:00,27.7,24,1014.4,12.2,37,0.0,7.5,24.7,99.0,0.0,0.3,51.0,37,Umerkot,2026-07-23 16:34:56.886994+00:00
2026-06-12 03:00:00,26.9,24,1014.0,12.3,38,0.0,7.4,24.6,99.0,0.0,0.3,51.0,38,Umerkot,2026-07-23 16:34:56.886994+00:00
2026-06-12 04:00:00,26.1,25,1013.7,11.9,39,0.0,7.3,24.4,99.0,0.0,0.3,52.0,39,Umerkot,2026-07-23 16:34:56.886994+00:00
2026-06-12 05:00:00,25.0,27,1014.0,11.0,25,0.0,7.1,22.9,100.0,0.0,0.4,53.0,40,Umerkot,2026-07-23 16:34:56.886994+00:00
2026-06-12 06:00:00,24.0,30,1014.3,8.4,34,0.0,7.0,22.8,100.0,0.0,0.4,57.0,41,Umerkot,2026-07-23 16:34:56.886994+00:00
2026-06-12 07:00:00,23.7,31,1015.0,6.0,74,0.0,7.1,24.3,101.0,0.0,0.4,65.0,41,Umerkot,2026-07-23 16:34:56.886994+00:00
2026-06-12 08:00:00,25.7,27,1015.6,5.7,139,0.0,7.6,27.1,102.0,0.0,0.4,76.0,42,Umerkot,2026-07-23 16:34:56.886994+00:00
2026-06-12 09:00:00,28.2,23,1016.0,5.2,151,0.0,7.3,26.4,102.0,0.0,0.5,85.0,42,Umerkot,2026-07-23 16:34:56.886994+00:00
2026-06-12 10:00:00,30.9,20,1015.8,7.1,150,0.0,6.9,23.7,102.0,0.0,0.8,90.0,42,Umerkot,2026-07-23 16:34:56.886994+00:00
2026-06-12 11:00:00,33.1,16,1015.6,1.5,104,0.0,6.6,21.5,101.0,0.1,1.1,93.0,41,Umerkot,2026-07-23 16:34:56.886994+00:00
2026-06-12 12:00:00,34.5,14,1015.6,10.1,329,0.0,1.9,6.9,101.0,0.1,1.4,93.0,40,Umerkot,2026-07-23 16:34:56.886994+00:00
2026-06-12 13:00:00,35.5,13,1015.2,13.9,333,0.0,2.0,7.4,101.0,0.1,1.5,93.0,39,Umerkot,2026-07-23 16:34:56.886994+00:00
2026-06-12 14:00:00,36.2,11,1014.5,17.8,340,0.0,2.2,8.4,101.0,0.1,1.6,93.0,38,Umerkot,2026-07-23 16:34:56.886994+00:00
2026-06-12 15:00:00,36.2,11,1014.3,19.7,347,0.0,2.6,10.1,101.0,0.1,1.7,92.0,40,Umerkot,2026-07-23 16:34:56.886994+00:00
2026-06-12 16:00:00,36.3,11,1013.9,17.6,352,0.0,3.3,12.0,101.0,0.1,1.7,91.0,41,Umerkot,2026-07-23 16:34:56.886994+00:00
2026-06-12 17:00:00,36.1,11,1013.5,15.7,4,0.0,4.2,14.2,101.0,0.1,1.6,90.0,42,Umerkot,2026-07-23 16:34:56.886994+00:00
2026-06-12 18:00:00,35.6,12,1013.1,18.3,18,0.0,5.1,15.3,101.0,0.1,1.5,87.0,43,Umerkot,2026-07-23 16:34:56.886994+00:00
2026-06-12 19:00:00,34.6,13,1013.4,21.3,14,0.0,5.9,15.7,101.0,0.1,1.4,82.0,42,Umerkot,2026-07-23 16:34:56.886994+00:00
2026-06-12 20:00:00,33.4,14,1014.0,20.8,9,0.0,6.5,16.2,100.0,0.1,1.3,77.0,42,Umerkot,2026-07-23 16:34:56.886994+00:00
2026-06-12 21:00:00,32.4,16,1014.5,18.1,24,0.0,7.0,16.8,100.0,0.1,1.2,72.0,41,Umerkot,2026-07-23 16:34:56.886994+00:00
2026-06-12 22:00:00,31.4,17,1015.1,14.0,41,0.0,7.3,17.9,100.0,0.1,1.1,69.0,40,Umerkot,2026-07-23 16:34:56.886994+00:00
2026-06-12 23:00:00,30.3,19,1015.5,10.8,46,0.0,7.6,19.2,99.0,0.1,1.0,66.0,38,Umerkot,2026-07-23 16:34:56.886994+00:00
2026-06-13 00:00:00,29.1,21,1015.5,10.7,42,0.0,7.5,17.9,99.0,0.0,0.8,65.0,37,Umerkot,2026-07-23 16:34:56.886994+00:00
2026-06-13 01:00:00,28.1,23,1015.3,12.6,36,0.0,7.3,17.5,99.0,0.0,0.7,65.0,35,Umerkot,2026-07-23 16:34:56.886994+00:00
2026-06-13 02:00:00,27.1,24,1015.2,12.6,31,0.0,7.1,16.6,98.0,0.0,0.7,65.0,34,Umerkot,2026-07-23 16:34:56.886994+00:00
2026-06-13 03:00:00,26.1,26,1014.9,11.4,27,0.0,6.8,15.9,98.0,0.0,0.6,65.0,33,Umerkot,2026-07-23 16:34:56.886994+00:00
2026-06-13 04:00:00,25.1,27,1014.6,11.0,32,0.0,6.6,15.8,98.0,0.0,0.5,65.0,33,Umerkot,2026-07-23 16:34:56.886994+00:00
2026-06-13 05:00:00,24.3,29,1014.3,9.9,53,0.0,6.2,14.2,98.0,0.1,0.5,65.0,33,Umerkot,2026-07-23 16:34:56.886994+00:00
2026-06-13 06:00:00,23.5,30,1014.2,9.4,83,0.0,6.3,16.4,99.0,0.1,0.5,68.0,32,Umerkot,2026-07-23 16:34:56.886994+00:00
2026-06-13 07:00:00,23.1,31,1014.7,9.6,118,0.0,6.6,19.8,100.0,0.1,0.6,75.0,32,Umerkot,2026-07-23 16:34:56.886994+00:00
2026-06-13 08:00:00,25.2,27,1015.2,8.5,148,0.0,6.5,20.1,101.0,0.0,0.7,84.0,32,Umerkot,2026-07-23 16:34:56.886994+00:00
2026-06-13 09:00:00,28.7,22,1015.8,8.5,156,0.0,7.2,24.4,102.0,0.0,0.8,90.0,32,Umerkot,2026-07-23 16:34:56.886994+00:00
2026-06-13 10:00:00,31.6,17,1015.7,7.9,141,0.0,8.4,30.9,102.0,0.0,0.7,90.0,33,Umerkot,2026-07-23 16:34:56.886994+00:00
2026-06-13 11:00:00,33.2,16,1015.9,3.9,68,0.0,9.5,36.1,101.0,0.0,0.6,87.0,35,Umerkot,2026-07-23 16:34:56.886994+00:00
2026-06-13 12:00:00,34.7,15,1015.6,8.4,25,0.0,1.4,6.3,100.0,0.0,0.5,84.0,36,Umerkot,2026-07-23 16:34:56.886994+00:00
2026-06-13 13:00:00,36.0,14,1014.7,10.0,23,0.0,2.0,10.8,100.0,0.0,0.5,82.0,37,Umerkot,2026-07-23 16:34:56.886994+00:00
2026-06-13 14:00:00,37.1,13,1013.9,13.7,25,0.0,2.4,12.9,101.0,0.0,0.4,79.0,38,Umerkot,2026-07-23 16:34:56.886994+00:00
2026-06-13 15:00:00,37.2,14,1013.6,13.8,36,0.0,2.5,13.9,101.0,0.0,0.4,76.0,39,Umerkot,2026-07-23 16:34:56.886994+00:00
2026-06-13 16:00:00,37.7,14,1013.2,17.1,22,0.0,2.5,14.1,101.0,0.0,0.4,73.0,39,Umerkot,2026-07-23 16:34:56.886994+00:00
2026-06-13 17:00:00,37.5,14,1012.7,18.7,16,0.0,2.4,13.3,102.0,0.0,0.5,70.0,38,Umerkot,2026-07-23 16:34:56.886994+00:00
2026-06-13 18:00:00,37.2,14,1012.3,18.7,18,0.0,2.0,9.5,102.0,0.0,0.5,67.0,37,Umerkot,2026-07-23 16:34:56.886994+00:00
2026-06-13 19:00:00,36.7,14,1012.3,19.4,20,0.0,1.5,5.6,102.0,0.0,0.5,62.0,36,Umerkot,2026-07-23 16:34:56.886994+00:00
2026-06-13 20:00:00,35.8,15,1012.5,20.6,20,0.0,1.2,3.6,101.0,0.0,0.4,57.0,34,Umerkot,2026-07-23 16:34:56.886994+00:00
2026-06-13 21:00:00,34.7,17,1012.9,17.0,39,0.0,1.0,3.0,101.0,0.0,0.4,52.0,33,Umerkot,2026-07-23 16:34:56.886994+00:00
2026-06-13 22:00:00,33.4,18,1013.3,11.5,63,0.0,1.0,3.0,101.0,0.0,0.4,49.0,31,Umerkot,2026-07-23 16:34:56.886994+00:00
2026-06-13 23:00:00,32.1,20,1013.7,8.9,71,0.0,1.1,3.6,100.0,0.1,0.4,47.0,29,Umerkot,2026-07-23 16:34:56.886994+00:00
2026-06-14 00:00:00,30.9,22,1013.7,7.6,76,0.0,4.4,13.6,100.0,0.0,0.4,45.0,28,Umerkot,2026-07-23 16:34:56.886994+00:00
2026-06-14 01:00:00,29.8,24,1013.6,5.6,2,0.0,7.2,21.1,100.0,0.0,0.4,45.0,26,Umerkot,2026-07-23 16:34:56.886994+00:00
2026-06-14 02:00:00,28.8,25,1013.6,8.8,355,0.0,9.3,25.1,99.0,0.0,0.5,45.0,25,Umerkot,2026-07-23 16:34:56.886994+00:00
2026-06-14 03:00:00,28.2,24,1013.1,11.4,356,0.0,10.3,26.4,99.0,0.0,0.5,46.0,25,Umerkot,2026-07-23 16:34:56.886994+00:00
2026-06-14 04:00:00,26.9,27,1013.0,9.4,348,0.0,10.8,28.3,99.0,0.0,0.5,50.0,25,Umerkot,2026-07-23 16:34:56.886994+00:00
2026-06-14 05:00:00,26.1,29,1013.0,10.0,346,0.0,11.1,30.4,100.0,0.0,0.5,55.0,26,Umerkot,2026-07-23 16:34:56.886994+00:00
2026-06-14 06:00:00,25.3,31,1013.2,10.9,338,0.0,12.6,48.5,100.0,0.0,0.5,60.0,27,Umerkot,2026-07-23 16:34:56.886994+00:00
2026-06-14 07:00:00,24.9,33,1013.4,9.5,346,0.0,13.6,69.6,101.0,0.0,0.5,66.0,29,Umerkot,2026-07-23 16:34:56.886994+00:00
2026-06-14 08:00:00,26.9,30,1013.8,9.2,340,0.0,15.0,79.2,101.0,0.0,0.5,72.0,31,Umerkot,2026-07-23 16:34:56.886994+00:00
2026-06-14 09:00:00,29.2,27,1014.3,12.7,344,0.0,15.0,75.0,102.0,0.0,0.5,76.0,33,Umerkot,2026-07-23 16:34:56.886994+00:00
2026-06-14 10:00:00,30.8,24,1014.5,17.3,357,0.0,14.3,68.7,102.0,0.0,0.5,76.0,34,Umerkot,2026-07-23 16:34:56.886994+00:00
2026-06-14 11:00:00,32.2,22,1014.5,14.9,360,0.0,14.1,67.5,102.0,0.0,0.4,74.0,36,Umerkot,2026-07-23 16:34:56.886994+00:00
2026-06-14 12:00:00,33.7,20,1014.1,10.5,353,0.0,15.4,77.8,102.0,0.0,0.4,74.0,37,Umerkot,2026-07-23 16:34:56.886994+00:00
2026-06-14 13:00:00,35.2,19,1013.3,10.7,324,0.0,17.6,90.3,102.0,0.0,0.4,75.0,40,Umerkot,2026-07-23 16:34:56.886994+00:00
2026-06-14 14:00:00,36.3,17,1012.5,16.7,312,0.0,20.4,105.7,102.0,0.0,0.4,78.0,44,Umerkot,2026-07-23 16:34:56.886994+00:00
2026-06-14 15:00:00,36.6,17,1011.9,19.6,314,0.0,23.3,122.0,102.0,0.0,0.4,79.0,48,Umerkot,2026-07-23 16:34:56.886994+00:00
2026-06-14 16:00:00,37.0,16,1011.2,22.8,311,0.0,25.0,132.2,102.0,0.0,0.4,80.0,51,Umerkot,2026-07-23 16:34:56.886994+00:00
2026-06-14 17:00:00,36.7,16,1010.9,23.8,320,0.0,25.7,134.6,101.0,0.0,0.4,81.0,53,Umerkot,2026-07-23 16:34:56.886994+00:00
2026-06-14 18:00:00,36.2,17,1010.5,22.6,329,0.0,25.1,114.6,101.0,0.0,0.4,79.0,54,Umerkot,2026-07-23 16:34:56.886994+00:00
2026-06-14 19:00:00,35.5,17,1010.4,23.2,333,0.0,24.4,96.2,101.0,0.0,0.4,74.0,56,Umerkot,2026-07-23 16:34:56.886994+00:00
2026-06-14 20:00:00,34.4,17,1010.9,20.7,342,0.0,23.7,80.1,100.0,0.0,0.4,67.0,58,Umerkot,2026-07-23 16:34:56.886994+00:00
2026-06-14 21:00:00,32.7,20,1011.4,20.4,16,0.0,22.8,65.7,100.0,0.0,0.4,61.0,60,Umerkot,2026-07-23 16:34:56.886994+00:00
2026-06-14 22:00:00,31.4,21,1012.1,17.6,26,0.0,21.8,57.3,99.0,0.0,0.4,58.0,62,Umerkot,2026-07-23 16:34:56.886994+00:00
2026-06-14 23:00:00,30.2,23,1012.9,14.5,30,0.0,20.5,53.8,99.0,0.0,0.5,57.0,63,Umerkot,2026-07-23 16:34:56.886994+00:00
2026-06-15 00:00:00,28.9,25,1013.4,12.1,33,0.0,18.6,51.3,98.0,0.0,0.5,57.0,65,Umerkot,2026-07-23 16:34:56.886994+00:00
2026-06-15 01:00:00,27.8,27,1013.4,11.3,36,0.0,17.5,49.8,98.0,0.0,0.5,55.0,66,Umerkot,2026-07-23 16:34:56.886994+00:00
2026-06-15 02:00:00,26.6,30,1013.2,10.4,39,0.0,16.7,48.1,97.0,0.0,0.6,53.0,67,Umerkot,2026-07-23 16:34:56.886994+00:00
2026-06-15 03:00:00,25.5,33,1012.7,9.4,48,0.0,16.3,47.7,97.0,0.0,0.6,52.0,67,Umerkot,2026-07-23 16:34:56.886994+00:00
2026-06-15 04:00:00,24.5,36,1012.7,9.1,51,0.0,16.1,47.5,97.0,0.0,0.7,52.0,68,Umerkot,2026-07-23 16:34:56.886994+00:00
2026-06-15 05:00:00,23.5,40,1012.6,7.8,61,0.0,15.6,43.8,98.0,0.0,0.7,53.0,68,Umerkot,2026-07-23 16:34:56.886994+00:00
2026-06-15 06:00:00,22.7,43,1012.8,6.7,71,0.0,17.2,54.6,98.0,0.0,0.8,56.0,68,Umerkot,2026-07-23 16:34:56.886994+00:00
2026-06-15 07:00:00,22.4,45,1013.2,5.9,76,0.0,19.8,72.4,99.0,0.0,0.9,62.0,69,Umerkot,2026-07-23 16:34:56.886994+00:00
2026-06-15 08:00:00,24.2,40,1013.9,4.1,52,0.0,20.7,78.0,99.0,0.0,0.9,70.0,69,Umerkot,2026-07-23 16:34:56.886994+00:00
2026-06-15 09:00:00,26.5,35,1014.2,5.8,60,0.0,21.1,80.6,100.0,0.0,0.9,75.0,70,Umerkot,2026-07-23 16:34:56.886994+00:00
2026-06-15 10:00:00,28.9,31,1014.5,9.1,73,0.0,21.1,83.1,100.0,0.0,0.8,76.0,70,Umerkot,2026-07-23 16:34:56.886994+00:00
2026-06-15 11:00:00,30.8,28,1014.6,11.8,84,0.0,20.0,78.2,100.0,0.0,0.8,76.0,71,Umerkot,2026-07-23 16:34:56.886994+00:00
2026-06-15 12:00:00,32.2,25,1014.6,8.6,79,0.0,6.1,25.1,100.0,0.0,0.7,76.0,71,Umerkot,2026-07-23 16:34:56.886994+00:00
2026-06-15 13:00:00,33.2,22,1014.0,5.0,44,0.0,5.5,22.8,100.0,0.0,0.7,76.0,71,Umerkot,2026-07-23 16:34:56.886994+00:00
2026-06-15 14:00:00,34.1,20,1013.4,6.0,5,0.0,5.1,20.8,100.0,0.0,0.7,76.0,70,Umerkot,2026-07-23 16:34:56.886994+00:00
2026-06-15 15:00:00,34.4,19,1012.9,9.3,16,0.0,4.7,19.3,100.0,0.0,0.7,75.0,68,Umerkot,2026-07-23 16:34:56.886994+00:00
2026-06-15 16:00:00,34.9,19,1012.5,10.8,15,0.0,4.4,18.1,100.0,0.0,0.7,74.0,67,Umerkot,2026-07-23 16:34:56.886994+00:00
2026-06-15 17:00:00,34.9,18,1012.3,13.4,20,0.0,4.2,17.1,100.0,0.0,0.7,74.0,65,Umerkot,2026-07-23 16:34:56.886994+00:00
2026-06-15 18:00:00,34.5,19,1012.1,15.7,19,0.0,4.0,15.4,100.0,0.0,0.7,72.0,64,Umerkot,2026-07-23 16:34:56.886994+00:00
2026-06-15 19:00:00,33.8,19,1012.0,16.0,23,0.0,3.8,13.5,100.0,0.0,0.7,69.0,62,Umerkot,2026-07-23 16:34:56.886994+00:00
2026-06-15 20:00:00,33.0,20,1012.4,15.4,29,0.0,3.7,12.4,100.0,0.0,0.7,65.0,60,Umerkot,2026-07-23 16:34:56.886994+00:00
2026-06-15 21:00:00,32.1,21,1012.9,16.9,43,0.0,3.8,12.0,100.0,0.0,0.7,61.0,59,Umerkot,2026-07-23 16:34:56.886994+00:00
2026-06-15 22:00:00,31.3,22,1013.5,14.4,31,0.0,4.0,12.0,100.0,0.0,0.7,58.0,57,Umerkot,2026-07-23 16:34:56.886994+00:00
2026-06-15 23:00:00,30.2,23,1014.1,13.4,28,0.0,4.3,12.6,99.0,0.0,0.8,56.0,56,Umerkot,2026-07-23 16:34:56.886994+00:00
2026-06-16 00:00:00,29.1,25,1014.2,11.5,49,0.0,5.5,15.9,99.0,0.0,0.8,55.0,55,Umerkot,2026-07-23 16:34:56.886994+00:00
2026-06-16 01:00:00,28.1,27,1014.1,11.0,67,0.0,6.2,18.2,99.0,0.0,0.8,53.0,54,Umerkot,2026-07-23 16:34:56.886994+00:00
2026-06-16 02:00:00,27.2,29,1013.6,10.7,65,0.0,7.0,20.6,98.0,0.0,0.8,51.0,53,Umerkot,2026-07-23 16:34:56.886994+00:00
2026-06-16 03:00:00,26.1,32,1013.3,11.3,59,0.0,7.6,22.8,98.0,0.0,0.8,49.0,52,Umerkot,2026-07-23 16:34:56.886994+00:00
2026-06-16 04:00:00,25.4,33,1013.2,11.3,61,0.0,8.0,24.2,98.0,0.0,0.8,48.0,51,Umerkot,2026-07-23 16:34:56.886994+00:00
2026-06-16 05:00:00,24.7,35,1013.3,10.8,72,0.0,8.2,24.8,98.0,0.0,0.8,48.0,51,Umerkot,2026-07-23 16:34:56.886994+00:00
2026-06-16 06:00:00,23.8,37,1013.7,10.3,93,0.0,9.4,32.9,98.0,0.0,0.8,50.0,50,Umerkot,2026-07-23 16:34:56.886994+00:00
2026-06-16 07:00:00,23.3,38,1014.6,9.9,95,0.0,11.1,43.1,99.0,0.0,0.8,57.0,48,Umerkot,2026-07-23 16:34:56.886994+00:00
2026-06-16 08:00:00,24.9,34,1015.1,6.8,92,0.0,11.6,46.7,99.0,0.1,0.9,66.0,46,Umerkot,2026-07-23 16:34:56.886994+00:00
2026-06-16 09:00:00,27.4,29,1015.4,7.9,90,0.0,9.8,39.5,100.0,0.1,0.9,73.0,44,Umerkot,2026-07-23 16:34:56.886994+00:00
2026-06-16 10:00:00,30.2,25,1015.3,10.6,91,0.0,8.5,34.6,100.0,0.1,0.9,75.0,41,Umerkot,2026-07-23 16:34:56.886994+00:00
2026-06-16 11:00:00,32.6,21,1015.4,13.3,99,0.0,7.8,31.9,99.0,0.0,0.8,74.0,39,Umerkot,2026-07-23 16:34:56.886994+00:00
2026-06-16 12:00:00,34.1,19,1015.4,10.4,113,0.0,2.6,9.5,99.0,0.0,0.7,73.0,36,Umerkot,2026-07-23 16:34:56.886994+00:00
2026-06-16 13:00:00,35.1,18,1014.9,3.8,121,0.0,2.7,9.5,99.0,0.0,0.7,74.0,35,Umerkot,2026-07-23 16:34:56.886994+00:00
2026-06-16 14:00:00,35.9,16,1014.5,2.1,31,0.0,2.8,9.4,99.0,0.0,0.6,75.0,34,Umerkot,2026-07-23 16:34:56.886994+00:00
2026-06-16 15:00:00,36.1,16,1013.9,5.4,34,0.0,2.9,9.3,99.0,0.0,0.6,76.0,34,Umerkot,2026-07-23 16:34:56.886994+00:00
2026-06-16 16:00:00,36.7,15,1013.3,7.2,32,0.0,3.0,9.5,99.0,0.0,0.6,76.0,34,Umerkot,2026-07-23 16:34:56.886994+00:00
2026-06-16 17:00:00,36.9,15,1012.9,9.1,32,0.0,3.3,10.0,99.0,0.1,0.6,75.0,35,Umerkot,2026-07-23 16:34:56.886994+00:00
2026-06-16 18:00:00,36.7,15,1012.4,12.1,30,0.0,3.5,10.2,99.0,0.1,0.6,73.0,35,Umerkot,2026-07-23 16:34:56.886994+00:00
2026-06-16 19:00:00,36.1,16,1012.4,14.6,30,0.0,4.0,11.5,99.0,0.1,0.6,69.0,35,Umerkot,2026-07-23 16:34:56.886994+00:00
2026-06-16 20:00:00,35.2,16,1012.8,14.6,38,0.0,5.0,14.7,99.0,0.0,0.5,63.0,34,Umerkot,2026-07-23 16:34:56.886994+00:00
2026-06-16 21:00:00,34.1,17,1013.1,16.8,42,0.0,6.4,19.2,99.0,0.0,0.5,59.0,34,Umerkot,2026-07-23 16:34:56.886994+00:00
2026-06-16 22:00:00,33.2,19,1013.5,15.8,47,0.0,7.9,22.8,99.0,0.0,0.5,57.0,34,Umerkot,2026-07-23 16:34:56.886994+00:00
2026-06-16 23:00:00,32.0,20,1014.4,15.9,53,0.0,9.2,25.2,99.0,0.0,0.4,56.0,35,Umerkot,2026-07-23 16:34:56.886994+00:00
2026-06-17 00:00:00,30.7,22,1014.7,16.0,40,0.0,11.0,28.3,99.0,0.0,0.5,56.0,36,Umerkot,2026-07-23 16:34:56.886994+00:00
2026-06-17 01:00:00,29.4,24,1014.6,13.0,37,0.0,11.6,29.9,99.0,0.0,0.5,55.0,37,Umerkot,2026-07-23 16:34:56.886994+00:00
2026-06-17 02:00:00,28.3,26,1014.6,14.8,39,0.0,11.8,30.5,99.0,0.0,0.6,53.0,38,Umerkot,2026-07-23 16:34:56.886994+00:00
2026-06-17 03:00:00,27.4,30,1014.5,14.5,47,0.0,11.6,31.1,99.0,0.0,0.6,53.0,39,Umerkot,2026-07-23 16:34:56.886994+00:00
2026-06-17 04:00:00,26.3,33,1014.6,14.1,53,0.0,11.4,32.5,99.0,0.0,0.6,54.0,40,Umerkot,2026-07-23 16:34:56.886994+00:00
2026-06-17 05:00:00,25.4,35,1014.8,14.2,54,0.0,11.0,31.1,99.0,0.1,0.6,56.0,41,Umerkot,2026-07-23 16:34:56.886994+00:00
2026-06-17 06:00:00,24.6,36,1015.2,14.1,62,0.0,12.7,48.8,99.0,0.1,0.6,59.0,42,Umerkot,2026-07-23 16:34:56.886994+00:00
2026-06-17 07:00:00,24.1,36,1015.9,14.0,66,0.0,13.9,62.4,99.0,0.1,0.6,65.0,42,Umerkot,2026-07-23 16:34:56.886994+00:00
2026-06-17 08:00:00,25.6,32,1016.3,10.9,74,0.0,13.9,67.1,100.0,0.1,0.6,73.0,43,Umerkot,2026-07-23 16:34:56.886994+00:00
2026-06-17 09:00:00,28.1,27,1016.6,15.5,77,0.0,13.9,66.6,100.0,0.1,0.6,78.0,44,Umerkot,2026-07-23 16:34:56.886994+00:00
2026-06-17 10:00:00,30.4,24,1016.4,19.2,78,0.0,13.6,62.4,100.0,0.1,0.6,79.0,45,Umerkot,2026-07-23 16:34:56.886994+00:00
2026-06-17 11:00:00,32.3,21,1016.2,21.5,79,0.0,12.7,56.2,99.0,0.0,0.6,77.0,46,Umerkot,2026-07-23 16:34:56.886994+00:00
2026-06-17 12:00:00,33.7,19,1016.0,19.0,77,0.0,8.4,36.1,99.0,0.0,0.6,75.0,47,Umerkot,2026-07-23 16:34:56.886994+00:00
2026-06-17 13:00:00,34.8,18,1015.3,15.4,69,0.0,8.0,33.2,99.0,0.0,0.6,75.0,48,Umerkot,2026-07-23 16:34:56.886994+00:00
2026-06-17 14:00:00,35.7,17,1014.5,12.5,58,0.0,7.8,30.3,99.0,0.0,0.6,75.0,49,Umerkot,2026-07-23 16:34:56.886994+00:00
2026-06-17 15:00:00,36.0,16,1014.2,11.3,44,0.0,7.6,27.5,99.0,0.0,0.6,75.0,50,Umerkot,2026-07-23 16:34:56.886994+00:00
2026-06-17 16:00:00,36.5,15,1013.5,11.5,32,0.0,7.4,25.1,99.0,0.0,0.6,74.0,51,Umerkot,2026-07-23 16:34:56.886994+00:00
2026-06-17 17:00:00,36.5,15,1013.1,13.7,23,0.0,7.2,22.6,99.0,0.0,0.7,72.0,51,Umerkot,2026-07-23 16:34:56.886994+00:00
2026-06-17 18:00:00,36.0,15,1012.7,16.8,18,0.0,6.7,19.3,99.0,0.0,0.7,70.0,51,Umerkot,2026-07-23 16:34:56.886994+00:00
2026-06-17 19:00:00,35.2,16,1012.9,17.9,13,0.0,6.1,16.1,99.0,0.0,0.7,68.0,51,Umerkot,2026-07-23 16:34:56.886994+00:00
2026-06-17 20:00:00,34.2,18,1013.4,19.1,16,0.0,5.5,14.5,99.0,0.0,0.8,66.0,52,Umerkot,2026-07-23 16:34:56.886994+00:00
2026-06-17 21:00:00,33.0,19,1013.7,21.3,16,0.0,5.0,13.4,99.0,0.0,0.8,65.0,52,Umerkot,2026-07-23 16:34:56.886994+00:00
2026-06-17 22:00:00,31.9,19,1014.2,19.0,17,0.0,4.6,12.4,99.0,0.0,0.8,65.0,52,Umerkot,2026-07-23 16:34:56.886994+00:00
2026-06-17 23:00:00,30.8,20,1014.8,20.4,22,0.0,4.2,11.2,99.0,0.0,0.8,64.0,51,Umerkot,2026-07-23 16:34:56.886994+00:00
2026-06-18 00:00:00,29.5,20,1015.2,21.3,29,0.0,3.5,9.4,99.0,0.0,0.7,66.0,51,Umerkot,2026-07-23 16:34:56.886994+00:00
2026-06-18 01:00:00,28.2,22,1015.2,19.0,33,0.0,3.3,8.7,98.0,0.0,0.6,64.0,50,Umerkot,2026-07-23 16:34:56.886994+00:00
2026-06-18 02:00:00,27.1,23,1015.0,17.0,33,0.0,3.3,9.1,98.0,0.0,0.6,61.0,49,Umerkot,2026-07-23 16:34:56.886994+00:00
2026-06-18 03:00:00,26.5,24,1014.5,16.8,38,0.0,3.4,10.3,97.0,0.0,0.5,60.0,47,Umerkot,2026-07-23 16:34:56.886994+00:00
2026-06-18 04:00:00,25.3,25,1014.5,12.4,56,0.0,3.7,12.5,97.0,0.0,0.4,60.0,45,Umerkot,2026-07-23 16:34:56.886994+00:00
2026-06-18 05:00:00,23.9,28,1014.7,10.3,88,0.0,4.1,15.1,97.0,0.0,0.4,62.0,43,Umerkot,2026-07-23 16:34:56.886994+00:00
2026-06-18 06:00:00,22.7,30,1014.9,10.1,109,0.0,5.4,23.4,97.0,0.0,0.4,65.0,42,Umerkot,2026-07-23 16:34:56.886994+00:00
2026-06-18 07:00:00,22.5,31,1015.3,10.9,126,0.0,6.3,27.4,98.0,0.0,0.5,72.0,40,Umerkot,2026-07-23 16:34:56.886994+00:00
2026-06-18 08:00:00,24.8,27,1015.3,10.1,131,0.0,6.0,23.0,99.0,0.0,0.7,81.0,38,Umerkot,2026-07-23 16:34:56.886994+00:00
2026-06-18 09:00:00,28.0,22,1015.2,9.9,134,0.0,6.7,24.5,100.0,0.0,0.8,87.0,37,Umerkot,2026-07-23 16:34:56.886994+00:00
2026-06-18 10:00:00,30.5,20,1015.1,9.4,121,0.0,7.5,28.6,100.0,0.0,0.7,88.0,35,Umerkot,2026-07-23 16:34:56.886994+00:00
2026-06-18 11:00:00,31.9,18,1015.0,6.0,61,0.0,7.7,30.0,99.0,0.0,0.6,87.0,33,Umerkot,2026-07-23 16:34:56.886994+00:00
2026-06-18 12:00:00,33.2,16,1015.0,6.1,30,0.0,1.2,6.2,98.0,0.0,0.5,84.0,35,Umerkot,2026-07-23 16:34:56.886994+00:00
2026-06-18 13:00:00,34.6,15,1014.4,7.2,12,0.0,1.6,7.9,98.0,0.0,0.5,83.0,36,Umerkot,2026-07-23 16:34:56.886994+00:00
2026-06-18 14:00:00,35.9,13,1013.6,12.5,6,0.0,2.1,10.5,99.0,0.0,0.4,80.0,38,Umerkot,2026-07-23 16:34:56.886994+00:00
2026-06-18 15:00:00,36.1,13,1013.3,17.1,18,0.0,2.5,12.4,99.0,0.0,0.4,78.0,38,Umerkot,2026-07-23 16:34:56.886994+00:00
2026-06-18 16:00:00,36.5,13,1012.9,20.0,15,0.0,2.7,13.8,99.0,0.0,0.4,75.0,39,Umerkot,2026-07-23 16:34:56.886994+00:00
2026-06-18 17:00:00,36.3,14,1012.5,22.4,13,0.0,3.0,16.8,99.0,0.0,0.5,72.0,38,Umerkot,2026-07-23 16:34:56.886994+00:00
2026-06-18 18:00:00,35.9,14,1012.1,22.5,11,0.0,3.4,18.3,99.0,0.0,0.5,69.0,38,Umerkot,2026-07-23 16:34:56.886994+00:00
2026-06-18 19:00:00,35.1,15,1011.9,22.5,12,0.0,3.7,17.8,98.0,0.0,0.5,65.0,36,Umerkot,2026-07-23 16:34:56.886994+00:00
2026-06-18 20:00:00,34.2,16,1012.0,20.8,22,0.0,4.5,19.7,97.0,0.0,0.5,60.0,35,Umerkot,2026-07-23 16:34:56.886994+00:00
2026-06-18 21:00:00,33.4,17,1012.0,15.5,33,0.0,6.3,25.2,96.0,0.0,0.5,56.0,34,Umerkot,2026-07-23 16:34:56.886994+00:00
2026-06-18 22:00:00,32.1,19,1012.3,10.0,51,0.0,7.8,28.3,96.0,0.0,0.5,54.0,32,Umerkot,2026-07-23 16:34:56.886994+00:00
2026-06-18 23:00:00,30.7,23,1012.4,4.6,48,0.0,7.3,23.3,96.0,0.0,0.4,54.0,31,Umerkot,2026-07-23 16:34:56.886994+00:00
2026-06-19 00:00:00,30.3,21,1012.6,13.4,353,0.0,5.3,12.4,96.0,0.0,0.4,54.0,29,Umerkot,2026-07-23 16:34:56.886994+00:00
2026-06-19 01:00:00,29.0,22,1012.4,12.4,22,0.0,5.1,11.9,96.0,0.0,0.4,53.0,28,Umerkot,2026-07-23 16:34:56.886994+00:00
2026-06-19 02:00:00,27.5,25,1012.1,9.5,33,0.0,5.2,12.5,96.0,0.0,0.4,51.0,27,Umerkot,2026-07-23 16:34:56.886994+00:00
2026-06-19 03:00:00,26.6,27,1011.8,7.5,57,0.0,5.3,13.6,96.0,0.0,0.4,50.0,26,Umerkot,2026-07-23 16:34:56.886994+00:00
2026-06-19 04:00:00,25.9,29,1012.0,6.3,37,0.0,5.5,15.2,96.0,0.0,0.4,51.0,26,Umerkot,2026-07-23 16:34:56.886994+00:00
2026-06-19 05:00:00,24.8,31,1012.2,9.0,16,0.0,5.5,15.9,97.0,0.0,0.5,54.0,27,Umerkot,2026-07-23 16:34:56.886994+00:00
2026-06-19 06:00:00,23.9,34,1012.3,7.9,35,0.0,6.0,21.7,97.0,0.0,0.5,58.0,27,Umerkot,2026-07-23 16:34:56.886994+00:00
2026-06-19 07:00:00,23.6,35,1012.4,7.3,62,0.0,6.2,28.3,98.0,0.0,0.6,63.0,27,Umerkot,2026-07-23 16:34:56.886994+00:00
2026-06-19 08:00:00,25.7,30,1012.9,6.0,95,0.0,6.7,34.3,98.0,0.0,0.6,70.0,27,Umerkot,2026-07-23 16:34:56.886994+00:00
2026-06-19 09:00:00,28.3,26,1013.1,5.2,88,0.0,6.7,34.8,99.0,0.0,0.7,74.0,27,Umerkot,2026-07-23 16:34:56.886994+00:00
2026-06-19 10:00:00,30.6,22,1013.3,9.7,65,0.0,6.8,34.5,99.0,0.0,0.7,75.0,27,Umerkot,2026-07-23 16:34:56.886994+00:00
2026-06-19 11:00:00,32.2,20,1013.5,12.1,58,0.0,6.9,34.0,99.0,0.0,0.7,74.0,29,Umerkot,2026-07-23 16:34:56.886994+00:00
2026-06-19 12:00:00,33.4,19,1013.6,9.7,50,0.0,3.6,19.4,99.0,0.0,0.8,75.0,30,Umerkot,2026-07-23 16:34:56.886994+00:00
2026-06-19 13:00:00,34.5,17,1013.0,8.8,20,0.0,4.2,23.1,99.0,0.0,0.8,76.0,31,Umerkot,2026-07-23 16:34:56.886994+00:00
2026-06-19 14:00:00,35.4,16,1012.6,10.8,358,0.0,5.1,29.1,98.0,0.0,0.9,76.0,33,Umerkot,2026-07-23 16:34:56.886994+00:00
2026-06-19 15:00:00,35.6,16,1012.3,14.6,1,0.0,6.5,37.1,98.0,0.0,0.9,77.0,34,Umerkot,2026-07-23 16:34:56.886994+00:00
2026-06-19 16:00:00,35.9,16,1012.0,16.8,354,0.0,8.2,46.4,97.0,0.0,1.0,77.0,35,Umerkot,2026-07-23 16:34:56.886994+00:00
2026-06-19 17:00:00,35.7,16,1011.8,17.9,355,0.0,10.2,55.2,97.0,0.0,1.0,78.0,35,Umerkot,2026-07-23 16:34:56.886994+00:00
2026-06-19 18:00:00,35.4,16,1011.5,18.2,359,0.0,11.6,53.6,96.0,0.0,1.1,77.0,35,Umerkot,2026-07-23 16:34:56.886994+00:00
2026-06-19 19:00:00,34.6,17,1011.6,19.3,359,0.0,12.5,46.3,96.0,0.0,1.2,75.0,35,Umerkot,2026-07-23 16:34:56.886994+00:00
2026-06-19 20:00:00,33.8,16,1011.9,18.9,10,0.0,13.2,41.6,96.0,0.0,1.2,71.0,37,Umerkot,2026-07-23 16:34:56.886994+00:00
2026-06-19 21:00:00,32.8,16,1012.3,16.4,21,0.0,13.9,41.1,96.0,0.0,1.2,68.0,39,Umerkot,2026-07-23 16:34:56.886994+00:00
2026-06-19 22:00:00,31.6,17,1012.7,14.9,25,0.0,14.4,42.3,96.0,0.0,1.2,65.0,41,Umerkot,2026-07-23 16:34:56.886994+00:00
2026-06-19 23:00:00,30.4,19,1012.9,13.8,31,0.0,14.7,43.2,96.0,0.0,1.1,61.0,42,Umerkot,2026-07-23 16:34:56.886994+00:00
2026-06-20 00:00:00,29.2,21,1013.0,12.3,34,0.0,14.4,41.6,96.0,0.0,0.9,59.0,44,Umerkot,2026-07-23 16:34:56.886994+00:00
2026-06-20 01:00:00,28.1,24,1013.0,12.9,33,0.0,13.6,38.3,96.0,0.0,0.8,57.0,46,Umerkot,2026-07-23 16:34:56.886994+00:00
2026-06-20 02:00:00,27.0,27,1013.2,13.0,33,0.0,12.5,33.8,96.0,0.0,0.7,55.0,48,Umerkot,2026-07-23 16:34:56.886994+00:00
2026-06-20 03:00:00,26.0,29,1013.0,13.0,26,0.0,11.4,29.9,96.0,0.0,0.6,54.0,50,Umerkot,2026-07-23 16:34:56.886994+00:00
2026-06-20 04:00:00,25.1,32,1013.0,12.9,23,0.0,10.7,27.6,96.0,0.0,0.5,57.0,50,Umerkot,2026-07-23 16:34:56.886994+00:00
2026-06-20 05:00:00,24.0,36,1013.2,12.3,22,0.0,10.1,26.5,96.0,0.1,0.5,61.0,51,Umerkot,2026-07-23 16:34:56.886994+00:00
2026-06-20 06:00:00,23.1,39,1013.5,11.1,23,0.0,10.6,33.5,96.0,0.1,0.5,67.0,51,Umerkot,2026-07-23 16:34:56.886994+00:00
2026-06-20 07:00:00,22.6,40,1014.0,9.9,21,0.0,12.6,47.5,97.0,0.1,0.5,75.0,51,Umerkot,2026-07-23 16:34:56.886994+00:00
2026-06-20 08:00:00,24.4,35,1014.6,6.7,27,0.0,13.0,49.8,97.0,0.0,0.6,85.0,52,Umerkot,2026-07-23 16:34:56.886994+00:00
2026-06-20 09:00:00,26.9,30,1015.1,8.1,35,0.0,12.8,48.5,98.0,0.0,0.6,93.0,52,Umerkot,2026-07-23 16:34:56.886994+00:00
2026-06-20 10:00:00,29.3,25,1015.4,11.8,38,0.0,12.1,45.3,98.0,0.0,0.6,96.0,53,Umerkot,2026-07-23 16:34:56.886994+00:00
2026-06-20 11:00:00,30.9,23,1015.3,12.8,32,0.0,11.7,43.8,98.0,0.0,0.7,97.0,53,Umerkot,2026-07-23 16:34:56.886994+00:00
2026-06-20 12:00:00,32.0,22,1015.2,13.3,23,0.0,2.7,14.3,98.0,0.0,0.8,99.0,54,Umerkot,2026-07-23 16:34:56.886994+00:00
2026-06-20 13:00:00,32.9,20,1014.7,11.8,11,0.0,4.8,25.5,98.0,0.0,0.8,101.0,54,Umerkot,2026-07-23 16:34:56.886994+00:00
2026-06-20 14:00:00,33.9,18,1014.0,12.0,351,0.0,7.0,35.3,98.0,0.1,0.7,103.0,54,Umerkot,2026-07-23 16:34:56.886994+00:00
2026-06-20 15:00:00,34.5,16,1013.7,15.5,348,0.0,9.1,44.0,98.0,0.1,0.7,104.0,54,Umerkot,2026-07-23 16:34:56.886994+00:00
2026-06-20 16:00:00,34.8,15,1013.4,17.3,347,0.0,11.1,51.3,98.0,0.1,0.6,102.0,54,Umerkot,2026-07-23 16:34:56.886994+00:00
2026-06-20 17:00:00,34.7,14,1013.3,19.2,353,0.0,12.8,55.8,99.0,0.1,0.6,99.0,54,Umerkot,2026-07-23 16:34:56.886994+00:00
2026-06-20 18:00:00,34.1,15,1013.2,20.9,358,0.0,13.9,54.6,99.0,0.1,0.5,95.0,55,Umerkot,2026-07-23 16:34:56.886994+00:00
2026-06-20 19:00:00,33.1,16,1013.4,21.1,360,0.0,14.3,48.5,99.0,0.1,0.5,89.0,55,Umerkot,2026-07-23 16:34:56.886994+00:00
2026-06-20 20:00:00,32.1,19,1013.7,19.5,5,0.0,14.6,45.5,99.0,0.1,0.5,82.0,55,Umerkot,2026-07-23 16:34:56.886994+00:00
2026-06-20 21:00:00,31.2,21,1014.0,17.7,12,0.0,15.0,45.1,99.0,0.1,0.5,76.0,55,Umerkot,2026-07-23 16:34:56.886994+00:00
2026-06-20 22:00:00,30.3,23,1014.8,15.5,18,0.0,15.4,45.1,98.0,0.1,0.5,71.0,55,Umerkot,2026-07-23 16:34:56.886994+00:00
2026-06-20 23:00:00,29.2,24,1015.5,12.2,28,0.0,15.8,44.4,98.0,0.1,0.5,66.0,55,Umerkot,2026-07-23 16:34:56.886994+00:00
2026-06-21 00:00:00,28.1,27,1015.6,11.4,19,0.0,15.4,38.0,97.0,0.1,0.5,64.0,55,Umerkot,2026-07-23 16:34:56.886994+00:00
2026-06-21 01:00:00,27.0,30,1015.8,14.8,5,0.0,14.7,34.1,97.0,0.1,0.5,62.0,55,Umerkot,2026-07-23 16:34:56.886994+00:00
2026-06-21 02:00:00,25.9,31,1015.6,14.3,12,0.0,13.9,30.3,96.0,0.0,0.5,60.0,55,Umerkot,2026-07-23 16:34:56.886994+00:00
2026-06-21 03:00:00,25.1,31,1015.3,13.8,13,0.0,13.0,26.4,96.0,0.0,0.5,59.0,55,Umerkot,2026-07-23 16:34:56.886994+00:00
2026-06-21 04:00:00,24.1,31,1015.3,12.7,11,0.0,12.1,23.4,96.0,0.0,0.5,59.0,56,Umerkot,2026-07-23 16:34:56.886994+00:00
2026-06-21 05:00:00,23.0,33,1015.5,11.4,5,0.0,11.3,20.7,96.0,0.1,0.5,61.0,56,Umerkot,2026-07-23 16:34:56.886994+00:00
2026-06-21 06:00:00,22.0,35,1015.5,10.4,359,0.0,11.2,21.7,96.0,0.1,0.5,65.0,56,Umerkot,2026-07-23 16:34:56.886994+00:00
2026-06-21 07:00:00,21.5,36,1015.9,10.0,354,0.0,11.5,23.4,97.0,0.1,0.5,73.0,56,Umerkot,2026-07-23 16:34:56.886994+00:00
2026-06-21 08:00:00,23.1,34,1016.7,7.4,356,0.0,12.7,32.7,97.0,0.0,0.6,83.0,56,Umerkot,2026-07-23 16:34:56.886994+00:00
2026-06-21 09:00:00,25.6,30,1016.9,9.7,2,0.0,13.0,37.8,98.0,0.0,0.6,90.0,56,Umerkot,2026-07-23 16:34:56.886994+00:00
2026-06-21 10:00:00,28.2,26,1016.9,12.7,8,0.0,12.3,34.8,98.0,0.0,0.6,92.0,56,Umerkot,2026-07-23 16:34:56.886994+00:00
2026-06-21 11:00:00,30.0,24,1016.6,16.0,12,0.0,11.4,31.1,98.0,0.0,0.5,92.0,56,Umerkot,2026-07-23 16:34:56.886994+00:00
2026-06-21 12:00:00,31.1,21,1016.3,13.9,6,0.0,3.5,14.1,98.0,0.0,0.5,92.0,56,Umerkot,2026-07-23 16:34:56.886994+00:00
2026-06-21 13:00:00,32.1,19,1015.7,12.8,355,0.0,3.7,16.4,98.0,0.0,0.5,93.0,56,Umerkot,2026-07-23 16:34:56.886994+00:00
2026-06-21 14:00:00,33.0,17,1014.9,13.5,348,0.0,4.4,19.8,98.0,0.1,0.4,93.0,56,Umerkot,2026-07-23 16:34:56.886994+00:00
2026-06-21 15:00:00,33.5,15,1014.8,15.3,347,0.0,5.5,24.1,98.0,0.1,0.4,93.0,56,Umerkot,2026-07-23 16:34:56.886994+00:00
2026-06-21 16:00:00,34.0,14,1014.3,16.5,344,0.0,7.0,28.9,98.0,0.1,0.4,92.0,55,Umerkot,2026-07-23 16:34:56.886994+00:00
2026-06-21 17:00:00,34.0,14,1013.9,17.1,346,0.0,8.6,32.9,99.0,0.1,0.4,89.0,55,Umerkot,2026-07-23 16:34:56.886994+00:00
2026-06-21 18:00:00,33.6,15,1013.5,17.9,351,0.0,9.9,33.1,99.0,0.1,0.4,86.0,55,Umerkot,2026-07-23 16:34:56.886994+00:00
2026-06-21 19:00:00,32.9,16,1013.6,18.6,356,0.0,11.1,32.1,99.0,0.1,0.4,82.0,54,Umerkot,2026-07-23 16:34:56.886994+00:00
2026-06-21 20:00:00,31.8,17,1013.9,18.9,3,0.0,12.4,33.3,98.0,0.1,0.5,76.0,54,Umerkot,2026-07-23 16:34:56.886994+00:00
2026-06-21 21:00:00,30.9,18,1014.4,16.6,15,0.0,13.8,36.8,98.0,0.1,0.5,72.0,54,Umerkot,2026-07-23 16:34:56.886994+00:00
2026-06-21 22:00:00,29.8,19,1014.9,14.9,20,0.0,15.1,41.3,98.0,0.1,0.5,69.0,54,Umerkot,2026-07-23 16:34:56.886994+00:00
2026-06-21 23:00:00,28.8,22,1015.2,12.4,17,0.0,16.1,45.2,98.0,0.0,0.6,66.0,54,Umerkot,2026-07-23 16:34:56.886994+00:00
2026-06-22 00:00:00,27.7,26,1015.0,13.0,20,0.0,16.4,45.4,98.0,0.0,0.6,65.0,54,Umerkot,2026-07-23 16:34:56.886994+00:00
2026-06-22 01:00:00,26.7,30,1015.0,14.6,30,0.0,15.5,41.8,98.0,0.0,0.6,63.0,54,Umerkot,2026-07-23 16:34:56.886994+00:00
2026-06-22 02:00:00,25.6,34,1014.8,15.0,18,0.0,14.2,36.8,97.0,0.0,0.6,60.0,54,Umerkot,2026-07-23 16:34:56.886994+00:00
2026-06-22 03:00:00,25.1,40,1014.5,17.8,20,0.0,12.9,32.7,97.0,0.0,0.6,59.0,54,Umerkot,2026-07-23 16:34:56.886994+00:00
2026-06-22 04:00:00,24.2,42,1014.6,16.1,24,0.0,11.7,30.3,97.0,0.0,0.6,61.0,54,Umerkot,2026-07-23 16:34:56.886994+00:00
2026-06-22 05:00:00,23.2,43,1014.6,13.2,22,0.0,10.5,27.0,97.0,0.0,0.5,65.0,54,Umerkot,2026-07-23 16:34:56.886994+00:00
2026-06-22 06:00:00,22.1,43,1014.6,10.9,12,0.0,9.7,31.1,97.0,0.0,0.5,70.0,54,Umerkot,2026-07-23 16:34:56.886994+00:00
2026-06-22 07:00:00,21.6,44,1014.9,9.2,360,0.0,11.1,46.8,98.0,0.0,0.5,77.0,54,Umerkot,2026-07-23 16:34:56.886994+00:00
2026-06-22 08:00:00,23.2,39,1015.2,6.3,355,0.0,14.4,67.8,98.0,0.0,0.6,84.0,54,Umerkot,2026-07-23 16:34:56.886994+00:00
2026-06-22 09:00:00,25.6,32,1015.3,9.4,4,0.0,16.5,73.8,99.0,0.0,0.6,90.0,54,Umerkot,2026-07-23 16:34:56.886994+00:00
2026-06-22 10:00:00,27.5,27,1015.3,15.3,12,0.0,17.6,76.6,99.0,0.0,0.6,92.0,54,Umerkot,2026-07-23 16:34:56.886994+00:00
2026-06-22 11:00:00,29.1,25,1015.1,13.6,8,0.0,17.9,77.5,98.0,0.0,0.5,93.0,54,Umerkot,2026-07-23 16:34:56.886994+00:00
2026-06-22 12:00:00,30.3,24,1014.8,12.8,349,0.0,17.1,81.5,98.0,0.0,0.5,93.0,55,Umerkot,2026-07-23 16:34:56.886994+00:00
2026-06-22 13:00:00,31.5,22,1014.2,15.5,333,0.0,17.5,84.5,98.0,0.0,0.5,94.0,56,Umerkot,2026-07-23 16:34:56.886994+00:00
2026-06-22 14:00:00,32.5,19,1013.5,18.4,329,0.0,18.2,88.2,99.0,0.1,0.4,95.0,57,Umerkot,2026-07-23 16:34:56.886994+00:00
2026-06-22 15:00:00,32.8,18,1013.1,20.8,342,0.0,19.0,91.7,99.0,0.1,0.4,96.0,58,Umerkot,2026-07-23 16:34:56.886994+00:00
2026-06-22 16:00:00,32.8,17,1012.7,22.0,350,0.0,19.8,93.1,99.0,0.1,0.4,95.0,59,Umerkot,2026-07-23 16:34:56.886994+00:00
2026-06-22 17:00:00,32.7,17,1012.3,21.9,354,0.0,20.2,91.3,99.0,0.1,0.5,94.0,60,Umerkot,2026-07-23 16:34:56.886994+00:00
2026-06-22 18:00:00,32.2,18,1012.0,22.2,358,0.0,19.8,80.3,99.0,0.1,0.5,91.0,61,Umerkot,2026-07-23 16:34:56.886994+00:00
2026-06-22 19:00:00,31.5,19,1012.2,21.8,358,0.0,18.9,66.4,98.0,0.1,0.5,86.0,62,Umerkot,2026-07-23 16:34:56.886994+00:00
2026-06-22 20:00:00,30.4,22,1012.5,20.7,357,0.0,18.1,57.5,98.0,0.1,0.6,80.0,63,Umerkot,2026-07-23 16:34:56.886994+00:00
2026-06-22 21:00:00,29.7,24,1013.2,17.7,3,0.0,17.6,52.9,97.0,0.1,0.6,74.0,63,Umerkot,2026-07-23 16:34:56.886994+00:00
2026-06-22 22:00:00,28.8,25,1013.8,14.8,1,0.0,17.2,49.7,97.0,0.1,0.6,70.0,63,Umerkot,2026-07-23 16:34:56.886994+00:00
2026-06-22 23:00:00,27.8,26,1014.3,12.8,2,0.0,16.8,46.6,96.0,0.1,0.6,66.0,64,Umerkot,2026-07-23 16:34:56.886994+00:00
2026-06-23 00:00:00,26.6,28,1014.4,11.5,9,0.0,15.8,40.3,96.0,0.1,0.6,64.0,64,Umerkot,2026-07-23 16:34:56.886994+00:00
2026-06-23 01:00:00,25.4,31,1014.3,10.2,17,0.0,15.3,36.8,95.0,0.1,0.6,63.0,64,Umerkot,2026-07-23 16:34:56.886994+00:00
2026-06-23 02:00:00,24.2,35,1014.0,9.0,20,0.0,14.8,33.6,94.0,0.1,0.6,62.0,64,Umerkot,2026-07-23 16:34:56.886994+00:00
2026-06-23 03:00:00,23.4,37,1013.2,10.0,30,0.0,14.5,31.4,94.0,0.1,0.6,63.0,64,Umerkot,2026-07-23 16:34:56.886994+00:00
2026-06-23 04:00:00,22.6,38,1013.3,9.8,36,0.0,14.2,29.7,94.0,0.1,0.6,66.0,64,Umerkot,2026-07-23 16:34:56.886994+00:00
2026-06-23 05:00:00,21.5,41,1013.3,8.7,38,0.0,13.5,26.2,94.0,0.1,0.7,70.0,64,Umerkot,2026-07-23 16:34:56.886994+00:00
2026-06-23 06:00:00,20.9,44,1013.2,6.0,41,0.0,12.7,22.8,95.0,0.1,0.7,75.0,64,Umerkot,2026-07-23 16:34:56.886994+00:00
2026-06-23 07:00:00,20.8,46,1013.8,2.9,47,0.0,10.9,19.5,96.0,0.1,0.7,83.0,64,Umerkot,2026-07-23 16:34:56.886994+00:00
2026-06-23 08:00:00,22.6,40,1014.4,1.9,229,0.0,9.8,17.5,98.0,0.1,0.7,92.0,64,Umerkot,2026-07-23 16:34:56.886994+00:00
2026-06-23 09:00:00,25.3,35,1014.9,2.9,300,0.0,8.8,15.0,99.0,0.1,0.7,99.0,64,Umerkot,2026-07-23 16:34:56.886994+00:00
2026-06-23 10:00:00,27.9,31,1014.9,4.3,355,0.0,7.7,12.8,99.0,0.1,0.7,101.0,63,Umerkot,2026-07-23 16:34:56.886994+00:00
2026-06-23 11:00:00,29.4,26,1015.0,5.8,360,0.0,6.8,10.9,98.0,0.1,0.6,101.0,63,Umerkot,2026-07-23 16:34:56.886994+00:00
2026-06-23 12:00:00,30.6,23,1015.1,5.2,354,0.0,0.1,0.7,98.0,0.1,0.6,100.0,62,Umerkot,2026-07-23 16:34:56.886994+00:00
2026-06-23 13:00:00,31.7,21,1014.4,7.0,342,0.0,0.3,2.3,98.0,0.1,0.6,100.0,60,Umerkot,2026-07-23 16:34:56.886994+00:00
2026-06-23 14:00:00,32.6,19,1013.5,10.1,333,0.0,0.6,3.7,98.0,0.1,0.5,100.0,59,Umerkot,2026-07-23 16:34:56.886994+00:00
2026-06-23 15:00:00,33.2,16,1013.1,12.7,335,0.0,1.0,5.1,98.0,0.1,0.5,100.0,58,Umerkot,2026-07-23 16:34:56.886994+00:00
2026-06-23 16:00:00,33.6,16,1012.6,13.4,338,0.0,1.4,6.0,98.0,0.1,0.5,99.0,56,Umerkot,2026-07-23 16:34:56.886994+00:00
2026-06-23 17:00:00,33.8,16,1012.1,13.1,344,0.0,1.8,6.1,98.0,0.1,0.5,97.0,55,Umerkot,2026-07-23 16:34:56.886994+00:00
2026-06-23 18:00:00,33.6,16,1011.8,13.8,349,0.0,1.6,4.6,98.0,0.1,0.5,94.0,53,Umerkot,2026-07-23 16:34:56.886994+00:00
2026-06-23 19:00:00,33.0,16,1011.8,14.1,2,0.0,1.1,2.5,98.0,0.1,0.5,88.0,52,Umerkot,2026-07-23 16:34:56.886994+00:00
2026-06-23 20:00:00,32.0,16,1012.1,16.0,21,0.0,1.6,2.8,98.0,0.1,0.4,80.0,51,Umerkot,2026-07-23 16:34:56.886994+00:00
2026-06-23 21:00:00,31.0,17,1012.4,17.5,29,0.0,2.3,4.0,98.0,0.1,0.4,73.0,48,Umerkot,2026-07-23 16:34:56.886994+00:00
2026-06-23 22:00:00,30.0,18,1013.1,14.0,46,0.0,3.0,6.0,98.0,0.1,0.4,69.0,44,Umerkot,2026-07-23 16:34:56.886994+00:00
2026-06-23 23:00:00,28.9,20,1013.6,12.2,61,0.0,4.0,8.9,97.0,0.1,0.4,67.0,41,Umerkot,2026-07-23 16:34:56.886994+00:00
2026-06-24 00:00:00,28.3,22,1013.5,11.7,69,0.0,5.0,11.3,96.0,0.1,0.4,65.0,39,Umerkot,2026-07-23 16:34:56.886994+00:00
2026-06-24 01:00:00,27.4,25,1013.2,11.4,63,0.0,5.8,14.3,95.0,0.1,0.4,62.0,37,Umerkot,2026-07-23 16:34:56.886994+00:00
2026-06-24 02:00:00,26.2,27,1013.0,10.4,80,0.0,6.4,16.6,94.0,0.1,0.4,59.0,35,Umerkot,2026-07-23 16:34:56.886994+00:00
2026-06-24 03:00:00,25.0,31,1012.6,7.3,110,0.0,7.0,18.2,93.0,0.1,0.4,56.0,33,Umerkot,2026-07-23 16:34:56.886994+00:00
2026-06-24 04:00:00,24.0,32,1012.8,9.2,132,0.0,7.3,19.2,93.0,0.1,0.4,55.0,31,Umerkot,2026-07-23 16:34:56.886994+00:00
2026-06-24 05:00:00,23.3,33,1012.9,10.0,157,0.0,7.1,17.7,94.0,0.1,0.4,55.0,29,Umerkot,2026-07-23 16:34:56.886994+00:00
2026-06-24 06:00:00,22.5,35,1013.1,8.0,207,0.0,7.7,20.0,95.0,0.1,0.4,58.0,28,Umerkot,2026-07-23 16:34:56.886994+00:00
2026-06-24 07:00:00,22.0,36,1013.8,9.1,256,0.0,8.1,21.4,96.0,0.1,0.4,67.0,28,Umerkot,2026-07-23 16:34:56.886994+00:00
2026-06-24 08:00:00,24.4,31,1014.4,5.7,252,0.0,8.1,23.3,98.0,0.0,0.4,79.0,28,Umerkot,2026-07-23 16:34:56.886994+00:00
2026-06-24 09:00:00,27.6,25,1014.6,5.4,272,0.0,9.2,30.9,99.0,0.0,0.4,88.0,28,Umerkot,2026-07-23 16:34:56.886994+00:00
2026-06-24 10:00:00,30.2,21,1014.9,6.0,295,0.0,10.0,35.2,100.0,0.0,0.4,91.0,30,Umerkot,2026-07-23 16:34:56.886994+00:00
2026-06-24 11:00:00,31.9,17,1014.9,5.1,312,0.0,10.8,38.4,100.0,0.0,0.4,90.0,32,Umerkot,2026-07-23 16:34:56.886994+00:00
2026-06-24 12:00:00,32.9,16,1014.7,7.3,310,0.0,11.4,40.6,100.0,0.0,0.4,90.0,34,Umerkot,2026-07-23 16:34:56.886994+00:00
2026-06-24 13:00:00,34.0,14,1014.2,9.8,306,0.0,11.8,42.7,99.0,0.0,0.4,91.0,36,Umerkot,2026-07-23 16:34:56.886994+00:00
2026-06-24 14:00:00,34.8,14,1013.5,12.5,310,0.0,12.1,45.5,99.0,0.0,0.3,92.0,38,Umerkot,2026-07-23 16:34:56.886994+00:00
2026-06-24 15:00:00,35.4,13,1013.1,14.9,318,0.0,12.7,51.3,98.0,0.0,0.3,92.0,40,Umerkot,2026-07-23 16:34:56.886994+00:00
2026-06-24 16:00:00,35.8,13,1012.7,16.7,326,0.0,13.9,60.5,98.0,0.0,0.3,91.0,41,Umerkot,2026-07-23 16:34:56.886994+00:00
2026-06-24 17:00:00,35.8,13,1012.4,17.1,332,0.0,15.3,70.1,99.0,0.0,0.3,88.0,42,Umerkot,2026-07-23 16:34:56.886994+00:00
2026-06-24 18:00:00,35.5,13,1011.7,17.5,338,0.0,15.2,63.1,99.0,0.0,0.3,85.0,42,Umerkot,2026-07-23 16:34:56.886994+00:00
2026-06-24 19:00:00,34.9,13,1011.9,16.8,347,0.0,14.0,52.3,99.0,0.0,0.3,79.0,46,Umerkot,2026-07-23 16:34:56.886994+00:00
2026-06-24 20:00:00,34.1,14,1012.1,15.6,11,0.0,11.5,35.0,98.0,0.0,0.3,72.0,49,Umerkot,2026-07-23 16:34:56.886994+00:00
2026-06-24 21:00:00,32.6,16,1012.5,17.2,42,0.0,9.0,21.2,97.0,0.0,0.3,67.0,50,Umerkot,2026-07-23 16:34:56.886994+00:00
2026-06-24 22:00:00,31.3,17,1013.4,15.1,41,0.0,7.4,14.2,97.0,0.0,0.3,65.0,51,Umerkot,2026-07-23 16:34:56.886994+00:00
2026-06-24 23:00:00,30.1,17,1013.9,11.2,40,0.0,6.6,11.9,96.0,0.0,0.2,64.0,51,Umerkot,2026-07-23 16:34:56.886994+00:00
2026-06-25 00:00:00,28.5,20,1014.0,8.2,40,0.0,6.3,11.6,96.0,0.0,0.2,63.0,51,Umerkot,2026-07-23 16:34:56.886994+00:00
2026-06-25 01:00:00,27.2,22,1013.9,7.3,7,0.0,6.2,11.7,96.0,0.0,0.2,61.0,51,Umerkot,2026-07-23 16:34:56.886994+00:00
2026-06-25 02:00:00,25.9,23,1013.8,7.8,13,0.0,6.1,11.7,95.0,0.0,0.2,60.0,52,Umerkot,2026-07-23 16:34:56.886994+00:00
2026-06-25 03:00:00,25.1,24,1013.2,9.9,19,0.0,6.1,11.9,95.0,0.0,0.2,59.0,51,Umerkot,2026-07-23 16:34:56.886994+00:00
2026-06-25 04:00:00,24.4,24,1013.2,10.2,39,0.0,6.2,12.4,95.0,0.0,0.2,59.0,51,Umerkot,2026-07-23 16:34:56.886994+00:00
2026-06-25 05:00:00,23.5,26,1013.2,8.2,54,0.0,6.2,12.8,95.0,0.0,0.3,60.0,51,Umerkot,2026-07-23 16:34:56.886994+00:00
2026-06-25 06:00:00,23.0,27,1013.4,6.2,68,0.0,6.1,13.2,95.0,0.0,0.3,63.0,51,Umerkot,2026-07-23 16:34:56.886994+00:00
2026-06-25 07:00:00,22.7,28,1014.3,5.8,358,0.0,6.8,19.4,97.0,0.0,0.3,71.0,51,Umerkot,2026-07-23 16:34:56.886994+00:00
2026-06-25 08:00:00,24.0,26,1014.8,6.3,323,0.0,7.3,23.5,99.0,0.0,0.4,82.0,51,Umerkot,2026-07-23 16:34:56.886994+00:00
2026-06-25 09:00:00,26.9,22,1015.2,5.2,340,0.0,6.8,20.4,100.0,0.0,0.4,90.0,51,Umerkot,2026-07-23 16:34:56.886994+00:00
2026-06-25 10:00:00,29.6,22,1015.4,7.9,3,0.0,6.7,20.0,100.0,0.0,0.4,92.0,51,Umerkot,2026-07-23 16:34:56.886994+00:00
2026-06-25 11:00:00,32.0,21,1015.3,11.2,22,0.0,6.5,19.2,99.0,0.0,0.4,91.0,51,Umerkot,2026-07-23 16:34:56.886994+00:00
2026-06-25 12:00:00,33.4,17,1015.1,9.8,18,0.0,7.8,28.3,99.0,0.0,0.4,89.0,50,Umerkot,2026-07-23 16:34:56.886994+00:00
2026-06-25 13:00:00,34.3,16,1014.9,8.9,347,0.0,7.5,27.8,99.0,0.0,0.4,89.0,50,Umerkot,2026-07-23 16:34:56.886994+00:00
2026-06-25 14:00:00,35.1,14,1014.1,11.4,334,0.0,7.4,29.2,99.0,0.0,0.3,89.0,49,Umerkot,2026-07-23 16:34:56.886994+00:00
2026-06-25 15:00:00,35.5,13,1013.4,13.8,331,0.0,7.7,32.9,99.0,0.0,0.3,88.0,48,Umerkot,2026-07-23 16:34:56.886994+00:00
2026-06-25 16:00:00,35.9,13,1012.8,15.7,335,0.0,8.4,38.9,99.0,0.0,0.3,87.0,46,Umerkot,2026-07-23 16:34:56.886994+00:00
2026-06-25 17:00:00,35.9,13,1012.4,18.0,333,0.0,9.1,45.4,100.0,0.0,0.3,85.0,45,Umerkot,2026-07-23 16:34:56.886994+00:00
2026-06-25 18:00:00,35.4,13,1012.0,18.2,337,0.0,9.2,42.8,100.0,0.0,0.3,82.0,44,Umerkot,2026-07-23 16:34:56.886994+00:00
2026-06-25 19:00:00,34.9,13,1012.2,16.7,346,0.0,8.5,34.8,100.0,0.0,0.3,78.0,42,Umerkot,2026-07-23 16:34:56.886994+00:00
2026-06-25 20:00:00,34.1,12,1012.3,19.1,342,0.0,7.7,27.2,99.0,0.0,0.3,72.0,41,Umerkot,2026-07-23 16:34:56.886994+00:00
2026-06-25 21:00:00,32.9,11,1012.8,19.1,351,0.0,7.5,24.2,98.0,0.0,0.3,68.0,40,Umerkot,2026-07-23 16:34:56.886994+00:00
2026-06-25 22:00:00,31.4,12,1013.6,16.9,360,0.0,8.2,25.7,98.0,0.0,0.3,66.0,40,Umerkot,2026-07-23 16:34:56.886994+00:00
2026-06-25 23:00:00,30.1,13,1014.1,15.1,12,0.0,9.4,30.4,97.0,0.0,0.3,64.0,40,Umerkot,2026-07-23 16:34:56.886994+00:00
2026-06-26 00:00:00,28.8,16,1014.2,14.6,22,0.0,10.8,34.8,97.0,0.0,0.3,61.0,41,Umerkot,2026-07-23 16:34:56.886994+00:00
2026-06-26 01:00:00,27.7,19,1014.1,13.8,24,0.0,11.8,37.8,96.0,0.0,0.3,61.0,42,Umerkot,2026-07-23 16:34:56.886994+00:00
2026-06-26 02:00:00,26.9,21,1013.5,13.4,26,0.0,12.5,39.6,96.0,0.0,0.3,61.0,43,Umerkot,2026-07-23 16:34:56.886994+00:00
2026-06-26 03:00:00,26.3,22,1013.1,15.0,27,0.0,13.0,39.7,95.0,0.0,0.3,61.0,44,Umerkot,2026-07-23 16:34:56.886994+00:00
2026-06-26 04:00:00,25.4,23,1013.3,14.7,28,0.0,13.2,39.7,95.0,0.0,0.3,60.0,46,Umerkot,2026-07-23 16:34:56.886994+00:00
2026-06-26 05:00:00,24.0,25,1013.5,11.8,36,0.0,13.2,39.2,95.0,0.0,0.4,60.0,48,Umerkot,2026-07-23 16:34:56.886994+00:00
2026-06-26 06:00:00,22.9,26,1013.5,10.3,40,0.0,13.4,40.9,95.0,0.0,0.4,62.0,49,Umerkot,2026-07-23 16:34:56.886994+00:00
2026-06-26 07:00:00,22.3,27,1013.8,7.7,51,0.0,14.6,54.7,96.0,0.0,0.4,71.0,50,Umerkot,2026-07-23 16:34:56.886994+00:00
2026-06-26 08:00:00,24.6,23,1014.3,3.5,99,0.0,15.3,58.0,96.0,0.0,0.4,82.0,51,Umerkot,2026-07-23 16:34:56.886994+00:00
2026-06-26 09:00:00,27.5,19,1014.7,1.2,153,0.0,14.8,49.4,97.0,0.0,0.4,91.0,52,Umerkot,2026-07-23 16:34:56.886994+00:00
2026-06-26 10:00:00,30.2,17,1014.8,1.8,6,0.0,14.3,43.9,97.0,0.0,0.4,94.0,52,Umerkot,2026-07-23 16:34:56.886994+00:00
2026-06-26 11:00:00,32.3,15,1014.6,5.6,40,0.0,13.7,38.9,97.0,0.0,0.3,93.0,53,Umerkot,2026-07-23 16:34:56.886994+00:00
2026-06-26 12:00:00,33.3,14,1014.4,6.8,360,0.0,5.2,12.1,97.0,0.0,0.3,93.0,53,Umerkot,2026-07-23 16:34:56.886994+00:00
2026-06-26 13:00:00,34.2,13,1013.9,9.3,338,0.0,5.0,11.1,97.0,0.0,0.3,93.0,53,Umerkot,2026-07-23 16:34:56.886994+00:00
2026-06-26 14:00:00,34.9,12,1013.3,10.2,328,0.0,4.5,9.8,98.0,0.1,0.2,94.0,53,Umerkot,2026-07-23 16:34:56.886994+00:00
2026-06-26 15:00:00,35.1,11,1012.9,9.8,343,0.0,4.2,9.3,98.0,0.1,0.2,94.0,53,Umerkot,2026-07-23 16:34:56.886994+00:00
2026-06-26 16:00:00,35.6,10,1012.3,12.2,347,0.0,4.0,9.1,98.0,0.1,0.2,93.0,52,Umerkot,2026-07-23 16:34:56.886994+00:00
2026-06-26 17:00:00,35.8,10,1011.7,16.5,344,0.0,3.8,8.6,97.0,0.1,0.2,92.0,52,Umerkot,2026-07-23 16:34:56.886994+00:00
2026-06-26 18:00:00,35.3,10,1011.3,19.2,347,0.0,3.3,6.0,97.0,0.1,0.2,89.0,52,Umerkot,2026-07-23 16:34:56.886994+00:00
2026-06-26 19:00:00,34.4,10,1011.6,19.4,7,0.0,3.2,3.8,97.0,0.1,0.2,84.0,51,Umerkot,2026-07-23 16:34:56.886994+00:00
2026-06-26 20:00:00,33.3,10,1012.0,20.0,14,0.0,3.2,3.7,97.0,0.1,0.2,78.0,51,Umerkot,2026-07-23 16:34:56.886994+00:00
2026-06-26 21:00:00,32.2,11,1012.4,16.4,15,0.0,3.2,3.9,97.0,0.1,0.2,73.0,50,Umerkot,2026-07-23 16:34:56.886994+00:00
2026-06-26 22:00:00,30.9,12,1012.8,14.6,9,0.0,3.2,4.5,97.0,0.1,0.2,71.0,50,Umerkot,2026-07-23 16:34:56.886994+00:00
2026-06-26 23:00:00,29.7,14,1013.3,12.3,14,0.0,3.4,5.3,97.0,0.1,0.1,70.0,49,Umerkot,2026-07-23 16:34:56.886994+00:00
2026-06-27 00:00:00,28.3,17,1013.2,9.4,23,0.0,4.2,8.2,97.0,0.0,0.2,68.0,48,Umerkot,2026-07-23 16:34:56.886994+00:00
2026-06-27 01:00:00,27.2,19,1012.8,7.6,62,0.0,4.6,10.1,96.0,0.0,0.2,66.0,46,Umerkot,2026-07-23 16:34:56.886994+00:00
2026-06-27 02:00:00,26.4,20,1012.6,9.9,89,0.0,5.3,12.3,96.0,0.0,0.1,63.0,45,Umerkot,2026-07-23 16:34:56.886994+00:00
2026-06-27 03:00:00,25.9,22,1012.1,10.7,97,0.0,5.7,13.9,95.0,0.0,0.1,61.0,43,Umerkot,2026-07-23 16:34:56.886994+00:00
2026-06-27 04:00:00,25.4,24,1012.0,7.8,124,0.0,6.1,15.1,95.0,0.0,0.1,59.0,41,Umerkot,2026-07-23 16:34:56.886994+00:00
2026-06-27 05:00:00,25.4,25,1012.2,1.9,221,0.0,6.3,15.5,95.0,0.0,0.2,59.0,40,Umerkot,2026-07-23 16:34:56.886994+00:00
2026-06-27 06:00:00,23.7,26,1012.5,9.5,292,0.0,6.9,16.8,95.0,0.0,0.2,61.0,38,Umerkot,2026-07-23 16:34:56.886994+00:00
2026-06-27 07:00:00,23.4,28,1013.0,4.1,326,0.0,8.8,25.2,96.0,0.0,0.2,70.0,37,Umerkot,2026-07-23 16:34:56.886994+00:00
2026-06-27 08:00:00,25.4,24,1013.4,5.1,117,0.0,10.0,32.2,98.0,0.0,0.3,82.0,35,Umerkot,2026-07-23 16:34:56.886994+00:00
2026-06-27 09:00:00,28.5,21,1013.4,1.7,148,0.0,10.4,35.6,99.0,0.0,0.3,91.0,34,Umerkot,2026-07-23 16:34:56.886994+00:00
2026-06-27 10:00:00,31.3,17,1013.5,3.7,157,0.0,10.0,33.6,99.0,0.0,0.3,94.0,33,Umerkot,2026-07-23 16:34:56.886994+00:00
2026-06-27 11:00:00,33.1,15,1013.4,8.1,155,0.0,9.4,30.7,98.0,0.0,0.3,93.0,33,Umerkot,2026-07-23 16:34:56.886994+00:00
2026-06-27 12:00:00,34.1,15,1013.3,3.8,183,0.0,1.0,3.8,98.0,0.0,0.3,92.0,35,Umerkot,2026-07-23 16:34:56.886994+00:00
2026-06-27 13:00:00,34.9,14,1012.7,3.5,258,0.0,1.0,3.8,98.0,0.0,0.3,93.0,37,Umerkot,2026-07-23 16:34:56.886994+00:00
2026-06-27 14:00:00,35.7,12,1012.2,5.2,295,0.0,1.0,3.9,98.0,0.1,0.2,93.0,39,Umerkot,2026-07-23 16:34:56.886994+00:00
2026-06-27 15:00:00,35.9,12,1011.9,6.1,320,0.0,1.1,4.5,98.0,0.1,0.2,93.0,41,Umerkot,2026-07-23 16:34:56.886994+00:00
2026-06-27 16:00:00,36.5,11,1011.1,7.3,340,0.0,1.5,5.8,98.0,0.1,0.2,92.0,42,Umerkot,2026-07-23 16:34:56.886994+00:00
2026-06-27 17:00:00,36.7,11,1010.6,10.0,354,0.0,2.1,8.3,98.0,0.1,0.3,89.0,43,Umerkot,2026-07-23 16:34:56.886994+00:00
2026-06-27 18:00:00,36.4,11,1010.1,12.3,350,0.0,3.1,10.7,98.0,0.1,0.3,86.0,43,Umerkot,2026-07-23 16:34:56.886994+00:00
2026-06-27 19:00:00,36.0,11,1009.9,13.2,340,0.0,4.6,15.0,97.0,0.1,0.3,81.0,42,Umerkot,2026-07-23 16:34:56.886994+00:00
2026-06-27 20:00:00,35.1,12,1010.3,13.7,339,0.0,6.2,19.9,97.0,0.1,0.3,76.0,42,Umerkot,2026-07-23 16:34:56.886994+00:00
2026-06-27 21:00:00,33.8,15,1010.4,14.4,31,0.0,7.3,23.3,96.0,0.1,0.3,71.0,41,Umerkot,2026-07-23 16:34:56.886994+00:00
2026-06-27 22:00:00,32.5,16,1011.1,17.5,40,0.0,7.9,25.1,96.0,0.1,0.3,67.0,39,Umerkot,2026-07-23 16:34:56.886994+00:00
2026-06-27 23:00:00,31.5,16,1011.7,18.5,28,0.0,8.3,27.0,96.0,0.0,0.3,65.0,38,Umerkot,2026-07-23 16:34:56.886994+00:00
2026-06-28 00:00:00,30.4,18,1011.9,16.0,25,0.0,9.1,29.7,96.0,0.0,0.3,61.0,36,Umerkot,2026-07-23 16:34:56.886994+00:00
2026-06-28 01:00:00,29.2,21,1011.8,11.8,43,0.0,9.3,31.4,95.0,0.0,0.3,60.0,35,Umerkot,2026-07-23 16:34:56.886994+00:00
2026-06-28 02:00:00,27.8,24,1011.7,8.9,63,0.0,9.4,32.6,93.0,0.0,0.3,58.0,33,Umerkot,2026-07-23 16:34:56.886994+00:00
2026-06-28 03:00:00,26.8,27,1011.4,8.8,67,0.0,9.5,33.3,92.0,0.0,0.3,57.0,34,Umerkot,2026-07-23 16:34:56.886994+00:00
2026-06-28 04:00:00,26.0,29,1011.5,7.0,55,0.0,9.5,33.2,93.0,0.0,0.3,56.0,35,Umerkot,2026-07-23 16:34:56.886994+00:00
2026-06-28 05:00:00,24.7,31,1011.9,7.9,1,0.0,9.4,32.2,94.0,0.0,0.3,56.0,36,Umerkot,2026-07-23 16:34:56.886994+00:00
2026-06-28 06:00:00,23.8,34,1011.9,5.4,14,0.0,9.7,33.4,96.0,0.0,0.3,58.0,36,Umerkot,2026-07-23 16:34:56.886994+00:00
2026-06-28 07:00:00,23.6,35,1012.1,4.4,27,0.0,10.6,40.3,97.0,0.0,0.3,65.0,37,Umerkot,2026-07-23 16:34:56.886994+00:00
2026-06-28 08:00:00,25.3,31,1012.5,3.3,36,0.0,11.6,46.8,98.0,0.0,0.3,75.0,37,Umerkot,2026-07-23 16:34:56.886994+00:00
2026-06-28 09:00:00,27.9,28,1012.9,5.4,70,0.0,11.4,47.7,99.0,0.0,0.3,83.0,38,Umerkot,2026-07-23 16:34:56.886994+00:00
2026-06-28 10:00:00,30.4,26,1013.0,10.6,71,0.0,10.6,44.7,99.0,0.0,0.3,87.0,38,Umerkot,2026-07-23 16:34:56.886994+00:00
2026-06-28 11:00:00,32.3,23,1013.0,11.8,79,0.0,9.9,41.0,98.0,0.1,0.3,89.0,38,Umerkot,2026-07-23 16:34:56.886994+00:00
2026-06-28 12:00:00,33.7,20,1012.9,9.2,86,0.0,9.5,37.7,98.0,0.1,0.3,91.0,38,Umerkot,2026-07-23 16:34:56.886994+00:00
2026-06-28 13:00:00,34.7,18,1012.4,4.5,50,0.0,9.3,35.5,98.0,0.1,0.3,92.0,40,Umerkot,2026-07-23 16:34:56.886994+00:00
2026-06-28 14:00:00,35.5,17,1011.5,6.1,2,0.0,9.3,34.5,98.0,0.1,0.3,93.0,42,Umerkot,2026-07-23 16:34:56.886994+00:00
2026-06-28 15:00:00,36.2,15,1010.8,8.8,355,0.0,9.3,33.6,98.0,0.1,0.4,93.0,44,Umerkot,2026-07-23 16:34:56.886994+00:00
2026-06-28 16:00:00,36.6,15,1010.0,12.1,4,0.0,9.3,32.7,98.0,0.1,0.5,93.0,46,Umerkot,2026-07-23 16:34:56.886994+00:00
2026-06-28 17:00:00,36.7,15,1009.4,16.2,4,0.0,9.2,30.7,98.0,0.1,0.6,92.0,48,Umerkot,2026-07-23 16:34:56.886994+00:00
2026-06-28 18:00:00,36.2,15,1009.4,18.0,3,0.0,8.8,26.3,98.0,0.1,0.7,89.0,49,Umerkot,2026-07-23 16:34:56.886994+00:00
2026-06-28 19:00:00,35.5,16,1009.4,16.5,16,0.0,7.9,20.3,98.0,0.1,0.8,84.0,50,Umerkot,2026-07-23 16:34:56.886994+00:00
2026-06-28 20:00:00,34.7,17,1009.7,17.4,32,0.0,7.0,16.2,98.0,0.1,0.9,77.0,50,Umerkot,2026-07-23 16:34:56.886994+00:00
2026-06-28 21:00:00,33.8,17,1010.9,20.8,35,0.0,6.6,14.7,98.0,0.1,0.9,72.0,51,Umerkot,2026-07-23 16:34:56.886994+00:00
2026-06-28 22:00:00,32.8,17,1011.6,16.4,29,0.0,6.6,15.1,97.0,0.1,0.9,68.0,51,Umerkot,2026-07-23 16:34:56.886994+00:00
2026-06-28 23:00:00,31.6,19,1012.1,10.8,47,0.0,6.8,16.2,96.0,0.1,0.9,66.0,50,Umerkot,2026-07-23 16:34:56.886994+00:00
2026-06-29 00:00:00,30.4,21,1012.1,10.5,39,0.0,2.7,3.8,95.0,0.1,1.0,60.0,50,Umerkot,2026-07-23 16:34:56.886994+00:00
2026-06-29 01:00:00,28.9,24,1012.1,8.8,31,0.0,2.8,4.3,94.0,0.1,1.0,59.0,49,Umerkot,2026-07-23 16:34:56.886994+00:00
2026-06-29 02:00:00,27.6,27,1011.8,5.4,26,0.0,3.0,5.1,93.0,0.1,0.9,57.0,48,Umerkot,2026-07-23 16:34:56.886994+00:00
2026-06-29 03:00:00,27.2,29,1011.4,3.7,43,0.0,3.2,6.2,93.0,0.1,0.9,56.0,46,Umerkot,2026-07-23 16:34:56.886994+00:00
2026-06-29 04:00:00,26.5,30,1011.3,2.7,86,0.0,3.5,7.6,93.0,0.1,0.9,56.0,45,Umerkot,2026-07-23 16:34:56.886994+00:00
2026-06-29 05:00:00,25.5,32,1011.4,4.3,138,0.0,3.7,8.3,94.0,0.1,0.9,58.0,44,Umerkot,2026-07-23 16:34:56.886994+00:00
2026-06-29 06:00:00,24.5,33,1011.2,5.6,151,0.0,4.6,11.7,95.0,0.1,0.9,62.0,42,Umerkot,2026-07-23 16:34:56.886994+00:00
2026-06-29 07:00:00,23.9,34,1011.4,7.8,171,0.0,5.0,14.0,96.0,0.1,1.0,72.0,41,Umerkot,2026-07-23 16:34:56.886994+00:00
2026-06-29 08:00:00,26.2,29,1011.8,8.4,160,0.0,5.3,16.8,97.0,0.1,1.1,86.0,40,Umerkot,2026-07-23 16:34:56.886994+00:00
2026-06-29 09:00:00,29.8,23,1012.1,9.6,154,0.0,5.7,19.7,98.0,0.1,1.1,95.0,38,Umerkot,2026-07-23 16:34:56.886994+00:00
2026-06-29 10:00:00,32.8,19,1012.2,11.5,155,0.0,6.1,22.6,98.0,0.1,1.1,96.0,37,Umerkot,2026-07-23 16:34:56.886994+00:00
2026-06-29 11:00:00,34.1,17,1012.4,6.5,148,0.0,6.3,24.5,97.0,0.0,1.0,92.0,36,Umerkot,2026-07-23 16:34:56.886994+00:00
2026-06-29 12:00:00,35.2,16,1012.5,2.8,140,0.0,0.3,1.3,97.0,0.0,0.9,89.0,36,Umerkot,2026-07-23 16:34:56.886994+00:00
2026-06-29 13:00:00,36.1,14,1012.1,1.6,333,0.0,0.4,3.0,97.0,0.0,0.8,87.0,38,Umerkot,2026-07-23 16:34:56.886994+00:00
2026-06-29 14:00:00,37.1,14,1011.7,5.7,336,0.0,0.7,5.0,97.0,0.0,0.8,85.0,39,Umerkot,2026-07-23 16:34:56.886994+00:00
2026-06-29 15:00:00,37.7,13,1011.1,9.8,346,0.0,1.1,7.6,97.0,0.0,0.7,83.0,41,Umerkot,2026-07-23 16:34:56.886994+00:00
2026-06-29 16:00:00,38.3,13,1010.4,12.3,349,0.0,1.5,9.9,97.0,0.0,0.7,81.0,41,Umerkot,2026-07-23 16:34:56.886994+00:00
2026-06-29 17:00:00,38.4,13,1010.0,13.5,351,0.0,1.9,11.6,97.0,0.0,0.6,79.0,41,Umerkot,2026-07-23 16:34:56.886994+00:00
2026-06-29 18:00:00,38.0,13,1009.6,15.4,355,0.0,2.0,10.7,97.0,0.0,0.6,77.0,40,Umerkot,2026-07-23 16:34:56.886994+00:00
2026-06-29 19:00:00,37.4,14,1009.7,16.9,14,0.0,1.7,7.4,97.0,0.0,0.6,73.0,39,Umerkot,2026-07-23 16:34:56.886994+00:00
2026-06-29 20:00:00,36.3,15,1009.8,23.2,36,0.0,1.5,5.7,97.0,0.0,0.5,69.0,38,Umerkot,2026-07-23 16:34:56.886994+00:00
2026-06-29 21:00:00,35.2,16,1010.4,24.2,30,0.0,1.6,5.1,97.0,0.0,0.5,65.0,37,Umerkot,2026-07-23 16:34:56.886994+00:00
2026-06-29 22:00:00,34.0,18,1011.1,18.4,37,0.0,1.7,5.4,96.0,0.0,0.5,62.0,35,Umerkot,2026-07-23 16:34:56.886994+00:00
2026-06-29 23:00:00,32.7,20,1011.6,14.0,43,0.0,1.9,6.3,96.0,0.0,0.5,59.0,34,Umerkot,2026-07-23 16:34:56.886994+00:00
2026-06-30 00:00:00,31.7,22,1011.5,12.9,55,0.0,3.0,9.0,95.0,0.0,0.6,58.0,33,Umerkot,2026-07-23 16:34:56.886994+00:00
2026-06-30 01:00:00,30.5,24,1011.5,11.8,64,0.0,3.7,10.6,95.0,0.0,0.6,56.0,31,Umerkot,2026-07-23 16:34:56.886994+00:00
2026-06-30 02:00:00,29.3,26,1011.1,9.7,72,0.0,4.2,11.5,94.0,0.0,0.5,53.0,30,Umerkot,2026-07-23 16:34:56.886994+00:00
2026-06-30 03:00:00,28.3,28,1010.6,9.2,74,0.0,4.6,12.3,94.0,0.0,0.5,52.0,29,Umerkot,2026-07-23 16:34:56.886994+00:00
2026-06-30 04:00:00,27.4,29,1010.9,9.5,76,0.0,4.8,13.0,94.0,0.0,0.5,52.0,27,Umerkot,2026-07-23 16:34:56.886994+00:00
2026-06-30 05:00:00,26.4,31,1011.2,9.6,78,0.0,5.0,14.2,94.0,0.0,0.5,54.0,26,Umerkot,2026-07-23 16:34:56.886994+00:00
2026-06-30 06:00:00,25.5,33,1011.6,10.1,96,0.0,6.6,24.4,95.0,0.0,0.5,58.0,26,Umerkot,2026-07-23 16:34:56.886994+00:00
2026-06-30 07:00:00,25.0,34,1012.0,10.2,121,0.0,10.4,46.4,96.0,0.0,0.5,66.0,26,Umerkot,2026-07-23 16:34:56.886994+00:00
2026-06-30 08:00:00,27.1,30,1012.5,7.8,132,0.0,10.3,43.8,97.0,0.0,0.6,76.0,26,Umerkot,2026-07-23 16:34:56.886994+00:00
2026-06-30 09:00:00,30.4,24,1012.8,8.8,129,0.0,9.0,36.4,98.0,0.0,0.6,83.0,27,Umerkot,2026-07-23 16:34:56.886994+00:00
2026-06-30 10:00:00,32.9,22,1012.7,11.4,119,0.0,8.3,32.9,98.0,0.0,0.6,83.0,29,Umerkot,2026-07-23 16:34:56.886994+00:00
2026-06-30 11:00:00,34.7,20,1012.7,9.5,111,0.0,8.0,32.2,98.0,0.0,0.5,80.0,30,Umerkot,2026-07-23 16:34:56.886994+00:00
2026-06-30 12:00:00,35.9,18,1012.7,5.2,68,0.0,2.6,11.9,98.0,0.0,0.5,79.0,32,Umerkot,2026-07-23 16:34:56.886994+00:00
2026-06-30 13:00:00,37.1,16,1012.4,8.0,20,0.0,2.9,13.3,98.0,0.0,0.5,79.0,34,Umerkot,2026-07-23 16:34:56.886994+00:00
2026-06-30 14:00:00,38.1,15,1011.9,13.3,8,0.0,3.0,14.4,99.0,0.0,0.5,79.0,35,Umerkot,2026-07-23 16:34:56.886994+00:00
2026-06-30 15:00:00,38.3,15,1011.6,18.3,11,0.0,3.2,15.3,99.0,0.0,0.5,79.0,36,Umerkot,2026-07-23 16:34:56.886994+00:00
2026-06-30 16:00:00,38.5,15,1011.2,20.0,9,0.0,3.3,15.9,99.0,0.0,0.5,79.0,37,Umerkot,2026-07-23 16:34:56.886994+00:00
2026-06-30 17:00:00,38.2,15,1010.7,20.1,6,0.0,3.4,16.4,98.0,0.0,0.5,79.0,37,Umerkot,2026-07-23 16:34:56.886994+00:00
2026-06-30 18:00:00,37.7,15,1010.3,19.7,9,0.0,3.5,15.7,98.0,0.0,0.5,78.0,37,Umerkot,2026-07-23 16:34:56.886994+00:00
2026-06-30 19:00:00,36.9,16,1010.3,20.3,14,0.0,3.6,14.3,98.0,0.0,0.5,76.0,37,Umerkot,2026-07-23 16:34:56.886994+00:00
2026-06-30 20:00:00,35.7,18,1010.6,24.2,13,0.0,3.8,14.0,98.0,0.0,0.4,73.0,36,Umerkot,2026-07-23 16:34:56.886994+00:00
2026-06-30 21:00:00,34.7,19,1011.0,20.6,34,0.0,4.1,14.1,98.0,0.0,0.4,70.0,36,Umerkot,2026-07-23 16:34:56.886994+00:00
2026-06-30 22:00:00,33.7,20,1011.6,18.2,48,0.0,4.3,13.6,97.0,0.0,0.4,68.0,36,Umerkot,2026-07-23 16:34:56.886994+00:00
2026-06-30 23:00:00,32.8,20,1012.0,17.2,46,0.0,4.3,12.2,97.0,0.0,0.4,66.0,35,Umerkot,2026-07-23 16:34:56.886994+00:00
2026-07-01 00:00:00,31.6,21,1012.2,18.5,47,0.0,4.0,10.0,96.0,0.0,0.4,67.0,34,Umerkot,2026-07-23 16:34:56.886994+00:00
2026-07-01 01:00:00,30.5,23,1012.0,16.8,53,0.0,4.0,10.7,96.0,0.0,0.4,66.0,33,Umerkot,2026-07-23 16:34:56.886994+00:00
2026-07-01 02:00:00,29.6,24,1011.9,16.1,57,0.0,4.4,14.2,95.0,0.0,0.3,64.0,33,Umerkot,2026-07-23 16:34:56.886994+00:00
2026-07-01 03:00:00,28.5,24,1011.8,16.3,67,0.0,5.2,20.7,95.0,0.0,0.3,64.0,32,Umerkot,2026-07-23 16:34:56.886994+00:00
2026-07-01 04:00:00,27.4,26,1011.9,14.4,80,0.0,6.1,27.3,95.0,0.0,0.3,65.0,31,Umerkot,2026-07-23 16:34:56.886994+00:00
2026-07-01 05:00:00,26.3,27,1011.9,13.0,92,0.0,7.3,34.0,95.0,0.1,0.3,66.0,31,Umerkot,2026-07-23 16:34:56.886994+00:00
2026-07-01 06:00:00,25.4,28,1012.2,12.1,108,0.0,8.9,43.3,95.0,0.1,0.3,70.0,30,Umerkot,2026-07-23 16:34:56.886994+00:00
2026-07-01 07:00:00,24.9,29,1012.5,11.5,122,0.0,9.1,41.4,96.0,0.1,0.3,78.0,31,Umerkot,2026-07-23 16:34:56.886994+00:00
2026-07-01 08:00:00,27.0,26,1012.7,11.1,126,0.0,7.2,28.2,96.0,0.1,0.4,88.0,31,Umerkot,2026-07-23 16:34:56.886994+00:00
2026-07-01 09:00:00,30.0,21,1013.1,10.2,127,0.0,6.9,25.4,97.0,0.1,0.4,95.0,33,Umerkot,2026-07-23 16:34:56.886994+00:00
2026-07-01 10:00:00,32.3,19,1013.2,13.6,110,0.0,7.3,27.4,97.0,0.1,0.4,95.0,34,Umerkot,2026-07-23 16:34:56.886994+00:00
2026-07-01 11:00:00,33.7,18,1013.3,17.8,98,0.0,7.5,28.4,97.0,0.0,0.4,92.0,36,Umerkot,2026-07-23 16:34:56.886994+00:00
2026-07-01 12:00:00,35.0,16,1013.3,15.2,85,0.0,5.2,19.7,97.0,0.0,0.4,89.0,38,Umerkot,2026-07-23 16:34:56.886994+00:00
2026-07-01 13:00:00,36.1,15,1012.8,12.5,60,0.0,5.2,20.0,97.0,0.0,0.4,90.0,39,Umerkot,2026-07-23 16:34:56.886994+00:00
2026-07-01 14:00:00,37.0,14,1012.2,12.4,17,0.0,5.3,20.8,97.0,0.1,0.3,91.0,40,Umerkot,2026-07-23 16:34:56.886994+00:00
2026-07-01 15:00:00,37.4,14,1011.7,15.9,4,0.0,5.5,21.9,97.0,0.1,0.3,91.0,42,Umerkot,2026-07-23 16:34:56.886994+00:00
2026-07-01 16:00:00,37.6,14,1011.3,16.6,2,0.0,5.7,22.9,97.0,0.1,0.3,90.0,42,Umerkot,2026-07-23 16:34:56.886994+00:00
2026-07-01 17:00:00,37.5,14,1010.9,18.2,1,0.0,5.9,23.0,96.0,0.1,0.3,88.0,42,Umerkot,2026-07-23 16:34:56.886994+00:00
2026-07-01 18:00:00,37.1,14,1010.4,19.1,2,0.0,5.8,19.3,96.0,0.1,0.3,85.0,42,Umerkot,2026-07-23 16:34:56.886994+00:00
2026-07-01 19:00:00,36.5,14,1010.4,18.0,9,0.0,6.2,17.7,96.0,0.1,0.3,81.0,42,Umerkot,2026-07-23 16:34:56.886994+00:00
2026-07-01 20:00:00,35.6,15,1010.5,18.2,21,0.0,7.4,20.3,95.0,0.1,0.4,76.0,41,Umerkot,2026-07-23 16:34:56.886994+00:00
2026-07-01 21:00:00,34.4,16,1010.6,19.0,37,0.0,8.9,25.0,95.0,0.1,0.4,72.0,40,Umerkot,2026-07-23 16:34:56.886994+00:00
2026-07-01 22:00:00,33.1,17,1011.1,17.7,51,0.0,10.0,27.9,95.0,0.1,0.4,69.0,39,Umerkot,2026-07-23 16:34:56.886994+00:00
2026-07-01 23:00:00,32.0,18,1011.8,15.5,55,0.0,10.5,29.2,94.0,0.0,0.4,67.0,38,Umerkot,2026-07-23 16:34:56.886994+00:00
2026-07-02 00:00:00,30.7,20,1011.8,13.3,63,0.0,10.5,28.9,94.0,0.0,0.4,66.0,37,Umerkot,2026-07-23 16:34:56.886994+00:00
2026-07-02 01:00:00,29.7,21,1011.8,12.4,71,0.0,10.6,29.3,93.0,0.0,0.4,65.0,38,Umerkot,2026-07-23 16:34:56.886994+00:00
2026-07-02 02:00:00,28.3,22,1011.6,10.8,90,0.0,10.7,30.3,93.0,0.0,0.4,64.0,40,Umerkot,2026-07-23 16:34:56.886994+00:00
2026-07-02 03:00:00,27.4,24,1011.4,7.3,107,0.0,10.7,31.1,92.0,0.0,0.4,63.0,41,Umerkot,2026-07-23 16:34:56.886994+00:00
2026-07-02 04:00:00,26.7,26,1011.4,4.2,175,0.0,10.4,30.0,92.0,0.0,0.4,61.0,43,Umerkot,2026-07-23 16:34:56.886994+00:00
2026-07-02 05:00:00,25.9,28,1011.3,3.0,253,0.0,10.1,27.8,92.0,0.0,0.4,60.0,44,Umerkot,2026-07-23 16:34:56.886994+00:00
2026-07-02 06:00:00,25.3,29,1011.4,1.5,330,0.0,10.2,28.1,92.0,0.0,0.4,62.0,44,Umerkot,2026-07-23 16:34:56.886994+00:00
2026-07-02 07:00:00,24.8,30,1011.5,2.1,250,0.0,11.8,42.7,94.0,0.0,0.4,70.0,45,Umerkot,2026-07-23 16:34:56.886994+00:00
2026-07-02 08:00:00,26.4,26,1011.9,3.7,247,0.0,12.4,48.5,96.0,0.0,0.4,82.0,45,Umerkot,2026-07-23 16:34:56.886994+00:00
2026-07-02 09:00:00,29.2,21,1012.1,0.8,207,0.0,11.5,42.4,97.0,0.0,0.4,90.0,46,Umerkot,2026-07-23 16:34:56.886994+00:00
2026-07-02 10:00:00,31.8,18,1012.3,4.1,135,0.0,10.7,37.7,97.0,0.0,0.4,92.0,48,Umerkot,2026-07-23 16:34:56.886994+00:00
2026-07-02 11:00:00,34.1,17,1012.4,8.6,129,0.0,10.0,34.3,96.0,0.0,0.4,90.0,48,Umerkot,2026-07-23 16:34:56.886994+00:00
2026-07-02 12:00:00,35.3,15,1012.2,3.2,109,0.0,4.8,17.8,96.0,0.0,0.4,90.0,49,Umerkot,2026-07-23 16:34:56.886994+00:00
2026-07-02 13:00:00,36.2,14,1012.0,3.1,350,0.0,4.2,15.5,96.0,0.0,0.4,90.0,49,Umerkot,2026-07-23 16:34:56.886994+00:00
2026-07-02 14:00:00,37.1,13,1011.3,5.6,331,0.0,3.8,13.9,96.0,0.0,0.3,90.0,49,Umerkot,2026-07-23 16:34:56.886994+00:00
2026-07-02 15:00:00,37.5,12,1010.9,9.9,345,0.0,3.4,12.5,96.0,0.0,0.3,89.0,48,Umerkot,2026-07-23 16:34:56.886994+00:00
2026-07-02 16:00:00,38.1,12,1010.4,11.8,354,0.0,3.1,10.9,96.0,0.0,0.3,87.0,48,Umerkot,2026-07-23 16:34:56.886994+00:00
2026-07-02 17:00:00,38.1,11,1009.8,13.5,2,0.0,2.8,9.2,96.0,0.0,0.3,85.0,47,Umerkot,2026-07-23 16:34:56.886994+00:00
2026-07-02 18:00:00,37.6,12,1009.3,14.7,19,0.0,2.9,8.8,96.0,0.0,0.3,82.0,46,Umerkot,2026-07-23 16:34:56.886994+00:00
2026-07-02 19:00:00,36.8,13,1009.3,17.3,38,0.0,3.8,12.2,96.0,0.0,0.3,78.0,46,Umerkot,2026-07-23 16:34:56.886994+00:00
2026-07-02 20:00:00,35.6,14,1009.7,20.0,45,0.0,5.9,20.1,95.0,0.0,0.3,73.0,45,Umerkot,2026-07-23 16:34:56.886994+00:00
2026-07-02 21:00:00,34.5,14,1010.0,19.5,41,0.0,8.3,28.7,95.0,0.0,0.3,68.0,45,Umerkot,2026-07-23 16:34:56.886994+00:00
2026-07-02 22:00:00,33.5,15,1010.5,17.2,37,0.0,9.9,33.6,95.0,0.0,0.3,64.0,45,Umerkot,2026-07-23 16:34:56.886994+00:00
2026-07-02 23:00:00,32.3,17,1011.2,17.6,44,0.0,10.3,33.1,95.0,0.0,0.4,62.0,45,Umerkot,2026-07-23 16:34:56.886994+00:00
2026-07-03 00:00:00,30.8,20,1011.7,13.4,40,0.0,9.0,25.3,95.0,0.0,0.4,60.0,45,Umerkot,2026-07-23 16:34:56.886994+00:00
2026-07-03 01:00:00,29.7,22,1011.7,13.7,50,0.0,7.6,19.0,95.0,0.0,0.4,58.0,44,Umerkot,2026-07-23 16:34:56.886994+00:00
2026-07-03 02:00:00,28.8,24,1011.7,14.6,55,0.0,6.7,15.8,95.0,0.0,0.4,56.0,44,Umerkot,2026-07-23 16:34:56.886994+00:00
2026-07-03 03:00:00,28.1,26,1011.4,15.9,53,0.0,6.3,15.5,95.0,0.0,0.4,55.0,43,Umerkot,2026-07-23 16:34:56.886994+00:00
2026-07-03 04:00:00,27.0,29,1011.4,14.1,46,0.0,6.1,15.9,95.0,0.0,0.4,55.0,42,Umerkot,2026-07-23 16:34:56.886994+00:00
2026-07-03 05:00:00,25.9,32,1011.7,11.5,32,0.0,5.8,16.0,95.0,0.1,0.4,56.0,41,Umerkot,2026-07-23 16:34:56.886994+00:00
2026-07-03 06:00:00,24.6,35,1011.9,8.2,15,0.0,7.3,28.8,95.0,0.1,0.4,59.0,40,Umerkot,2026-07-23 16:34:56.886994+00:00
2026-07-03 07:00:00,24.3,37,1012.6,6.5,5,0.0,15.1,79.2,95.0,0.1,0.4,66.0,39,Umerkot,2026-07-23 16:34:56.886994+00:00
2026-07-03 08:00:00,26.2,32,1013.5,7.9,13,0.0,22.9,123.9,96.0,0.1,0.4,75.0,40,Umerkot,2026-07-23 16:34:56.886994+00:00
2026-07-03 09:00:00,28.4,28,1013.9,12.2,26,0.0,21.8,115.0,96.0,0.1,0.4,82.0,42,Umerkot,2026-07-23 16:34:56.886994+00:00
2026-07-03 10:00:00,30.2,25,1014.0,12.1,40,0.0,21.3,109.2,96.0,0.1,0.4,85.0,45,Umerkot,2026-07-23 16:34:56.886994+00:00
2026-07-03 11:00:00,32.4,23,1014.1,15.3,47,0.0,22.2,112.7,96.0,0.0,0.4,86.0,47,Umerkot,2026-07-23 16:34:56.886994+00:00
2026-07-03 12:00:00,34.0,20,1014.2,18.3,45,0.0,19.8,102.7,96.0,0.0,0.4,87.0,50,Umerkot,2026-07-23 16:34:56.886994+00:00
2026-07-03 13:00:00,35.0,19,1013.7,17.5,32,0.0,19.5,99.0,97.0,0.0,0.4,88.0,51,Umerkot,2026-07-23 16:34:56.886994+00:00
2026-07-03 14:00:00,35.8,18,1013.1,17.6,23,0.0,18.5,91.0,97.0,0.1,0.4,90.0,52,Umerkot,2026-07-23 16:34:56.886994+00:00
2026-07-03 15:00:00,36.1,18,1012.6,19.9,20,0.0,16.8,79.2,98.0,0.1,0.4,91.0,53,Umerkot,2026-07-23 16:34:56.886994+00:00
2026-07-03 16:00:00,36.3,17,1012.3,20.2,19,0.0,14.7,64.7,98.0,0.1,0.4,91.0,55,Umerkot,2026-07-23 16:34:56.886994+00:00
2026-07-03 17:00:00,36.2,17,1011.8,19.9,20,0.0,12.4,49.6,98.0,0.1,0.4,91.0,55,Umerkot,2026-07-23 16:34:56.886994+00:00
2026-07-03 18:00:00,35.8,18,1011.5,19.6,24,0.0,10.3,34.3,98.0,0.1,0.4,89.0,56,Umerkot,2026-07-23 16:34:56.886994+00:00
2026-07-03 19:00:00,35.1,18,1011.7,20.4,22,0.0,8.8,23.4,98.0,0.1,0.4,84.0,57,Umerkot,2026-07-23 16:34:56.886994+00:00
2026-07-03 20:00:00,34.1,18,1012.1,22.1,12,0.0,8.2,17.6,97.0,0.1,0.3,78.0,57,Umerkot,2026-07-23 16:34:56.886994+00:00
2026-07-03 21:00:00,33.1,21,1012.5,18.4,18,0.0,8.1,15.8,97.0,0.1,0.3,73.0,57,Umerkot,2026-07-23 16:34:56.886994+00:00
2026-07-03 22:00:00,32.2,23,1013.1,15.4,30,0.0,8.4,16.2,97.0,0.1,0.3,69.0,57,Umerkot,2026-07-23 16:34:56.886994+00:00
2026-07-03 23:00:00,31.3,24,1013.7,15.1,39,0.0,8.8,16.9,97.0,0.1,0.3,66.0,57,Umerkot,2026-07-23 16:34:56.886994+00:00
2026-07-04 00:00:00,30.2,27,1013.7,12.0,39,0.0,8.7,16.2,97.0,0.1,0.3,64.0,57,Umerkot,2026-07-23 16:34:56.886994+00:00
2026-07-04 01:00:00,29.0,29,1013.6,10.8,21,0.0,8.4,15.4,97.0,0.1,0.3,63.0,57,Umerkot,2026-07-23 16:34:56.886994+00:00
2026-07-04 02:00:00,28.1,32,1013.3,11.2,22,0.0,8.0,14.9,96.0,0.0,0.4,62.0,57,Umerkot,2026-07-23 16:34:56.886994+00:00
2026-07-04 03:00:00,27.4,34,1013.2,12.8,22,0.0,7.9,15.3,96.0,0.0,0.4,62.0,57,Umerkot,2026-07-23 16:34:56.886994+00:00
2026-07-04 04:00:00,26.5,36,1013.1,10.9,31,0.0,7.9,16.5,97.0,0.0,0.5,63.0,57,Umerkot,2026-07-23 16:34:56.886994+00:00
2026-07-04 05:00:00,25.5,38,1012.9,9.6,40,0.0,7.9,17.8,97.0,0.1,0.5,66.0,58,Umerkot,2026-07-23 16:34:56.886994+00:00
2026-07-04 06:00:00,24.8,40,1013.1,7.9,35,0.0,8.2,20.3,98.0,0.1,0.6,70.0,58,Umerkot,2026-07-23 16:34:56.886994+00:00
2026-07-04 07:00:00,24.8,40,1013.4,4.1,23,0.0,8.7,26.8,98.0,0.1,0.6,78.0,58,Umerkot,2026-07-23 16:34:56.886994+00:00
2026-07-04 08:00:00,26.8,34,1013.5,5.8,290,0.0,11.4,48.5,98.0,0.1,0.7,89.0,57,Umerkot,2026-07-23 16:34:56.886994+00:00
2026-07-04 09:00:00,29.4,29,1013.8,6.9,279,0.0,11.2,50.2,98.0,0.1,0.7,96.0,56,Umerkot,2026-07-23 16:34:56.886994+00:00
2026-07-04 10:00:00,32.0,24,1013.9,10.6,350,0.0,11.6,54.9,97.0,0.1,0.7,98.0,56,Umerkot,2026-07-23 16:34:56.886994+00:00
2026-07-04 11:00:00,33.2,22,1013.8,15.8,19,0.0,12.0,60.1,97.0,0.0,0.7,96.0,55,Umerkot,2026-07-23 16:34:56.886994+00:00
2026-07-04 12:00:00,34.3,20,1013.6,13.0,14,0.0,10.2,55.1,96.0,0.0,0.7,93.0,54,Umerkot,2026-07-23 16:34:56.886994+00:00
2026-07-04 13:00:00,35.3,19,1013.1,13.5,8,0.0,10.4,57.4,96.0,0.0,0.7,91.0,53,Umerkot,2026-07-23 16:34:56.886994+00:00
2026-07-04 14:00:00,36.2,17,1012.4,16.0,9,0.0,10.5,58.0,96.0,0.1,0.7,89.0,52,Umerkot,2026-07-23 16:34:56.886994+00:00
2026-07-04 15:00:00,36.5,17,1011.7,19.9,12,0.0,11.1,60.1,96.0,0.1,0.7,87.0,52,Umerkot,2026-07-23 16:34:56.886994+00:00
2026-07-04 16:00:00,37.0,16,1011.2,20.7,8,0.0,12.4,63.8,96.0,0.1,0.7,85.0,51,Umerkot,2026-07-23 16:34:56.886994+00:00
2026-07-04 17:00:00,36.8,15,1010.8,23.0,6,0.0,14.1,66.6,95.0,0.1,0.8,83.0,51,Umerkot,2026-07-23 16:34:56.886994+00:00
2026-07-04 18:00:00,36.4,15,1010.4,22.2,6,0.0,15.3,60.8,95.0,0.1,0.8,80.0,51,Umerkot,2026-07-23 16:34:56.886994+00:00
2026-07-04 19:00:00,35.8,17,1010.3,20.5,8,0.0,15.8,54.7,95.0,0.1,0.8,76.0,52,Umerkot,2026-07-23 16:34:56.886994+00:00
2026-07-04 20:00:00,35.2,17,1010.0,18.6,12,0.0,15.4,47.3,95.0,0.0,0.8,72.0,52,Umerkot,2026-07-23 16:34:56.886994+00:00
2026-07-04 21:00:00,34.3,16,1010.0,23.8,12,0.0,14.3,39.2,95.0,0.0,0.7,68.0,53,Umerkot,2026-07-23 16:34:56.886994+00:00
2026-07-04 22:00:00,33.1,19,1010.6,23.1,11,0.0,12.3,29.9,95.0,0.0,0.6,66.0,53,Umerkot,2026-07-23 16:34:56.886994+00:00
2026-07-04 23:00:00,32.0,21,1011.2,18.6,14,0.0,9.6,19.8,94.0,0.0,0.5,65.0,54,Umerkot,2026-07-23 16:34:56.886994+00:00
2026-07-05 00:00:00,30.6,23,1011.3,15.2,17,0.0,5.5,7.7,94.0,0.0,0.3,66.0,54,Umerkot,2026-07-23 16:34:56.886994+00:00
2026-07-05 01:00:00,29.5,24,1011.1,15.7,11,0.0,4.6,7.1,93.0,0.0,0.3,64.0,53,Umerkot,2026-07-23 16:34:56.886994+00:00
2026-07-05 02:00:00,28.6,26,1011.1,17.4,14,0.0,4.3,7.1,93.0,0.0,0.2,62.0,53,Umerkot,2026-07-23 16:34:56.886994+00:00
2026-07-05 03:00:00,27.7,28,1010.8,15.6,24,0.0,4.4,8.0,92.0,0.0,0.2,61.0,53,Umerkot,2026-07-23 16:34:56.886994+00:00
2026-07-05 04:00:00,26.7,30,1010.8,12.2,45,0.0,4.6,9.6,92.0,0.0,0.2,61.0,53,Umerkot,2026-07-23 16:34:56.886994+00:00
2026-07-05 05:00:00,25.5,34,1010.9,9.9,69,0.0,4.9,11.4,92.0,0.0,0.2,62.0,52,Umerkot,2026-07-23 16:34:56.886994+00:00
2026-07-05 06:00:00,24.6,37,1011.1,7.7,74,0.0,5.9,18.3,92.0,0.0,0.2,65.0,52,Umerkot,2026-07-23 16:34:56.886994+00:00
2026-07-05 07:00:00,24.3,38,1011.3,5.2,65,0.0,10.0,41.1,93.0,0.0,0.3,72.0,52,Umerkot,2026-07-23 16:34:56.886994+00:00
2026-07-05 08:00:00,26.1,34,1011.5,2.3,72,0.0,19.8,98.3,94.0,0.0,0.3,82.0,52,Umerkot,2026-07-23 16:34:56.886994+00:00
2026-07-05 09:00:00,29.3,28,1011.8,4.3,105,0.0,20.7,101.3,95.0,0.0,0.4,89.0,53,Umerkot,2026-07-23 16:34:56.886994+00:00
2026-07-05 10:00:00,31.8,25,1011.7,10.1,102,0.0,17.7,83.1,95.0,0.0,0.4,90.0,53,Umerkot,2026-07-23 16:34:56.886994+00:00
2026-07-05 11:00:00,33.5,22,1011.5,15.9,100,0.0,15.2,68.9,95.0,0.0,0.3,89.0,54,Umerkot,2026-07-23 16:34:56.886994+00:00
2026-07-05 12:00:00,34.8,20,1011.4,16.5,98,0.0,6.7,34.9,95.0,0.0,0.3,86.0,54,Umerkot,2026-07-23 16:34:56.886994+00:00
2026-07-05 13:00:00,35.9,18,1011.0,14.2,88,0.0,5.7,30.2,95.0,0.0,0.3,84.0,54,Umerkot,2026-07-23 16:34:56.886994+00:00
2026-07-05 14:00:00,36.8,17,1010.3,12.0,69,0.0,5.2,27.1,96.0,0.0,0.4,82.0,54,Umerkot,2026-07-23 16:34:56.886994+00:00
2026-07-05 15:00:00,37.1,16,1009.9,12.6,43,0.0,5.0,25.9,96.0,0.0,0.4,79.0,53,Umerkot,2026-07-23 16:34:56.886994+00:00
2026-07-05 16:00:00,37.5,16,1009.4,12.9,33,0.0,5.0,25.7,96.0,0.0,0.4,77.0,53,Umerkot,2026-07-23 16:34:56.886994+00:00
2026-07-05 17:00:00,37.6,16,1008.9,15.7,24,0.0,5.1,25.5,96.0,0.1,0.4,75.0,52,Umerkot,2026-07-23 16:34:56.886994+00:00
2026-07-05 18:00:00,37.1,17,1008.5,17.8,18,0.0,5.2,24.0,96.0,0.1,0.4,72.0,51,Umerkot,2026-07-23 16:34:56.886994+00:00
2026-07-05 19:00:00,36.7,17,1008.7,14.5,5,0.0,5.2,21.6,96.0,0.1,0.4,68.0,51,Umerkot,2026-07-23 16:34:56.886994+00:00
2026-07-05 20:00:00,35.8,18,1008.7,14.3,23,0.0,5.5,21.4,96.0,0.0,0.4,63.0,49,Umerkot,2026-07-23 16:34:56.886994+00:00
2026-07-05 21:00:00,35.3,19,1008.8,12.8,59,0.0,5.9,22.9,95.0,0.0,0.4,59.0,47,Umerkot,2026-07-23 16:34:56.886994+00:00
2026-07-05 22:00:00,34.2,20,1009.1,12.0,81,0.0,6.2,24.2,94.0,0.0,0.4,56.0,45,Umerkot,2026-07-23 16:34:56.886994+00:00
2026-07-05 23:00:00,33.0,23,1009.2,6.2,102,0.0,6.5,26.0,92.0,0.0,0.4,54.0,43,Umerkot,2026-07-23 16:34:56.886994+00:00
2026-07-06 00:00:00,32.1,26,1009.6,3.9,56,0.0,7.1,25.8,92.0,0.1,0.3,47.0,43,Umerkot,2026-07-23 16:34:56.886994+00:00
2026-07-06 01:00:00,31.6,26,1010.1,7.3,10,0.0,10.4,33.5,93.0,0.1,0.3,49.0,43,Umerkot,2026-07-23 16:34:56.886994+00:00
2026-07-06 02:00:00,31.1,26,1010.1,10.6,339,0.0,13.2,39.5,95.0,0.0,0.3,52.0,44,Umerkot,2026-07-23 16:34:56.886994+00:00
2026-07-06 03:00:00,31.1,31,1010.2,20.0,349,0.0,12.9,35.3,97.0,0.0,0.3,56.0,47,Umerkot,2026-07-23 16:34:56.886994+00:00
2026-07-06 04:00:00,29.8,35,1010.2,16.1,347,0.0,11.6,30.0,98.0,0.0,0.3,62.0,49,Umerkot,2026-07-23 16:34:56.886994+00:00
2026-07-06 05:00:00,28.7,37,1010.4,14.1,345,0.0,10.5,28.8,98.0,0.0,0.4,68.0,50,Umerkot,2026-07-23 16:34:56.886994+00:00
2026-07-06 06:00:00,27.9,40,1010.6,14.3,345,0.0,10.7,48.2,98.0,0.0,0.4,74.0,50,Umerkot,2026-07-23 16:34:56.886994+00:00
2026-07-06 07:00:00,27.3,42,1011.2,11.6,344,0.0,11.8,67.3,98.0,0.0,0.4,78.0,51,Umerkot,2026-07-23 16:34:56.886994+00:00
2026-07-06 08:00:00,28.6,38,1012.0,7.2,342,0.0,12.0,67.5,99.0,0.0,0.4,81.0,51,Umerkot,2026-07-23 16:34:56.886994+00:00
2026-07-06 09:00:00,30.5,32,1012.1,13.2,346,0.0,12.3,66.8,99.0,0.0,0.4,83.0,50,Umerkot,2026-07-23 16:34:56.886994+00:00
2026-07-06 10:00:00,32.3,28,1012.2,15.1,359,0.0,13.0,69.6,99.0,0.0,0.4,82.0,49,Umerkot,2026-07-23 16:34:56.886994+00:00
2026-07-06 11:00:00,33.5,27,1012.1,13.9,358,0.0,13.7,73.6,99.0,0.0,0.4,79.0,48,Umerkot,2026-07-23 16:34:56.886994+00:00
2026-07-06 12:00:00,34.7,25,1012.2,12.4,347,0.0,13.2,75.9,99.0,0.0,0.4,78.0,48,Umerkot,2026-07-23 16:34:56.886994+00:00
2026-07-06 13:00:00,35.7,23,1011.8,11.4,335,0.0,13.7,81.3,99.0,0.0,0.4,81.0,49,Umerkot,2026-07-23 16:34:56.886994+00:00
2026-07-06 14:00:00,37.0,21,1011.3,11.8,314,0.0,15.1,93.4,100.0,0.0,0.3,85.0,50,Umerkot,2026-07-23 16:34:56.886994+00:00
2026-07-06 15:00:00,37.1,21,1010.7,13.9,321,0.0,16.9,107.3,100.0,0.0,0.3,88.0,51,Umerkot,2026-07-23 16:34:56.886994+00:00
2026-07-06 16:00:00,37.8,20,1010.2,15.9,314,0.0,18.2,115.7,100.0,0.0,0.3,90.0,52,Umerkot,2026-07-23 16:34:56.886994+00:00
2026-07-06 17:00:00,38.0,20,1009.7,19.1,305,0.0,18.6,114.1,100.0,0.1,0.3,90.0,53,Umerkot,2026-07-23 16:34:56.886994+00:00
2026-07-06 18:00:00,37.8,19,1009.2,19.2,315,0.0,17.6,97.1,100.0,0.1,0.3,90.0,54,Umerkot,2026-07-23 16:34:56.886994+00:00
2026-07-06 19:00:00,36.5,21,1009.5,24.8,344,0.0,15.4,68.2,100.0,0.1,0.3,88.0,55,Umerkot,2026-07-23 16:34:56.886994+00:00
2026-07-06 20:00:00,35.1,22,1010.2,25.2,348,0.0,13.0,41.1,100.0,0.1,0.3,84.0,56,Umerkot,2026-07-23 16:34:56.886994+00:00
2026-07-06 21:00:00,34.2,24,1010.4,22.3,360,0.0,11.4,25.0,100.0,0.1,0.3,81.0,57,Umerkot,2026-07-23 16:34:56.886994+00:00
2026-07-06 22:00:00,33.3,27,1011.1,19.2,7,0.0,10.7,19.3,100.0,0.1,0.3,78.0,57,Umerkot,2026-07-23 16:34:56.886994+00:00
2026-07-06 23:00:00,32.3,30,1011.8,19.0,10,0.0,10.8,17.7,100.0,0.1,0.2,75.0,57,Umerkot,2026-07-23 16:34:56.886994+00:00
2026-07-07 00:00:00,31.2,31,1012.2,18.3,10,0.0,10.9,16.8,100.0,0.0,0.2,72.0,58,Umerkot,2026-07-23 16:34:56.886994+00:00
2026-07-07 01:00:00,30.2,31,1012.4,18.0,14,0.0,10.8,15.4,100.0,0.0,0.2,69.0,58,Umerkot,2026-07-23 16:34:56.886994+00:00
2026-07-07 02:00:00,29.2,32,1012.2,16.7,16,0.0,10.7,15.1,101.0,0.0,0.2,66.0,58,Umerkot,2026-07-23 16:34:56.886994+00:00
2026-07-07 03:00:00,28.3,32,1012.1,14.7,17,0.0,10.7,15.7,101.0,0.0,0.2,64.0,58,Umerkot,2026-07-23 16:34:56.886994+00:00
2026-07-07 04:00:00,27.4,33,1012.2,13.8,14,0.0,10.9,16.7,101.0,0.0,0.2,64.0,58,Umerkot,2026-07-23 16:34:56.886994+00:00
2026-07-07 05:00:00,26.4,36,1012.4,11.4,13,0.0,11.1,17.6,102.0,0.1,0.3,65.0,58,Umerkot,2026-07-23 16:34:56.886994+00:00
2026-07-07 06:00:00,25.3,40,1012.8,9.1,8,0.0,11.9,20.4,102.0,0.1,0.3,68.0,58,Umerkot,2026-07-23 16:34:56.886994+00:00
2026-07-07 07:00:00,24.6,42,1013.3,7.4,13,0.0,13.8,31.9,102.0,0.1,0.3,75.0,58,Umerkot,2026-07-23 16:34:56.886994+00:00
2026-07-07 08:00:00,26.4,38,1014.2,5.4,20,0.0,17.2,55.6,103.0,0.1,0.3,85.0,58,Umerkot,2026-07-23 16:34:56.886994+00:00
2026-07-07 09:00:00,28.9,33,1014.5,6.3,15,0.0,17.5,57.3,103.0,0.1,0.3,92.0,58,Umerkot,2026-07-23 16:34:56.886994+00:00
2026-07-07 10:00:00,31.3,29,1014.7,15.3,12,0.0,17.3,56.6,103.0,0.1,0.3,94.0,59,Umerkot,2026-07-23 16:34:56.886994+00:00
2026-07-07 11:00:00,32.8,26,1014.8,17.9,15,0.0,17.1,55.3,102.0,0.1,0.3,93.0,59,Umerkot,2026-07-23 16:34:56.886994+00:00
2026-07-07 12:00:00,33.9,23,1014.7,16.3,13,0.0,11.3,39.3,102.0,0.1,0.3,93.0,59,Umerkot,2026-07-23 16:34:56.886994+00:00
2026-07-07 13:00:00,34.7,22,1014.3,15.6,11,0.0,11.5,42.3,102.0,0.1,0.3,93.0,59,Umerkot,2026-07-23 16:34:56.886994+00:00
2026-07-07 14:00:00,35.4,20,1013.8,15.0,11,0.0,12.1,46.0,101.0,0.1,0.3,92.0,59,Umerkot,2026-07-23 16:34:56.886994+00:00
2026-07-07 15:00:00,35.6,20,1013.1,15.2,10,0.0,13.2,50.8,101.0,0.1,0.3,91.0,59,Umerkot,2026-07-23 16:34:56.886994+00:00
2026-07-07 16:00:00,36.0,19,1012.8,15.7,11,0.0,14.4,56.2,101.0,0.1,0.3,90.0,58,Umerkot,2026-07-23 16:34:56.886994+00:00
2026-07-07 17:00:00,35.9,19,1012.6,16.0,14,0.0,15.8,61.5,100.0,0.1,0.4,89.0,58,Umerkot,2026-07-23 16:34:56.886994+00:00
2026-07-07 18:00:00,35.5,20,1012.2,15.9,20,0.0,17.1,64.0,100.0,0.1,0.4,87.0,58,Umerkot,2026-07-23 16:34:56.886994+00:00
2026-07-07 19:00:00,34.7,20,1012.3,16.6,31,0.0,17.8,61.9,100.0,0.1,0.4,84.0,58,Umerkot,2026-07-23 16:34:56.886994+00:00
2026-07-07 20:00:00,33.8,21,1012.4,17.5,37,0.0,18.0,57.2,99.0,0.0,0.4,80.0,58,Umerkot,2026-07-23 16:34:56.886994+00:00
2026-07-07 21:00:00,33.4,22,1012.6,18.3,38,0.0,17.8,52.4,99.0,0.0,0.5,76.0,58,Umerkot,2026-07-23 16:34:56.886994+00:00
2026-07-07 22:00:00,32.4,23,1013.3,18.3,16,0.0,17.2,45.9,98.0,0.0,0.7,74.0,59,Umerkot,2026-07-23 16:34:56.886994+00:00
2026-07-07 23:00:00,31.1,25,1013.9,18.2,20,0.0,16.2,38.1,98.0,0.0,1.0,72.0,60,Umerkot,2026-07-23 16:34:56.886994+00:00
2026-07-08 00:00:00,30.1,27,1014.1,15.3,36,0.0,14.6,28.4,97.0,0.0,1.4,72.0,60,Umerkot,2026-07-23 16:34:56.886994+00:00
2026-07-08 01:00:00,29.1,27,1014.0,15.2,41,0.0,14.1,25.0,97.0,0.0,1.4,70.0,60,Umerkot,2026-07-23 16:34:56.886994+00:00
2026-07-08 02:00:00,28.1,28,1013.6,16.3,31,0.0,13.9,23.9,96.0,0.0,1.4,68.0,60,Umerkot,2026-07-23 16:34:56.886994+00:00
2026-07-08 03:00:00,27.2,29,1013.4,17.7,33,0.0,13.9,23.5,96.0,0.0,1.3,67.0,61,Umerkot,2026-07-23 16:34:56.886994+00:00
2026-07-08 04:00:00,26.3,30,1013.5,15.8,32,0.0,14.0,24.4,96.0,0.0,1.1,67.0,61,Umerkot,2026-07-23 16:34:56.886994+00:00
2026-07-08 05:00:00,25.3,31,1013.6,13.1,32,0.0,13.7,24.6,97.0,0.1,0.9,68.0,61,Umerkot,2026-07-23 16:34:56.886994+00:00
2026-07-08 06:00:00,24.3,32,1013.5,10.5,31,0.0,14.2,29.8,97.0,0.1,0.8,71.0,61,Umerkot,2026-07-23 16:34:56.886994+00:00
2026-07-08 07:00:00,23.6,33,1013.9,8.5,29,0.0,18.3,55.3,96.0,0.1,1.0,78.0,62,Umerkot,2026-07-23 16:34:56.886994+00:00
2026-07-08 08:00:00,25.8,28,1014.3,6.8,27,0.0,20.2,69.6,95.0,0.1,1.3,86.0,62,Umerkot,2026-07-23 16:34:56.886994+00:00
2026-07-08 09:00:00,28.1,23,1014.8,12.1,21,0.0,21.2,81.5,94.0,0.1,1.9,93.0,62,Umerkot,2026-07-23 16:34:56.886994+00:00
2026-07-08 10:00:00,29.8,22,1014.9,14.0,30,0.0,22.6,92.9,94.0,0.1,2.8,95.0,62,Umerkot,2026-07-23 16:34:56.886994+00:00
2026-07-08 11:00:00,31.5,20,1014.9,15.3,32,0.0,22.8,93.6,94.0,0.0,3.9,95.0,63,Umerkot,2026-07-23 16:34:56.886994+00:00
2026-07-08 12:00:00,32.7,19,1014.6,14.9,21,0.0,17.8,77.3,94.0,0.0,4.6,94.0,63,Umerkot,2026-07-23 16:34:56.886994+00:00
2026-07-08 13:00:00,33.7,18,1013.9,14.4,3,0.0,17.9,76.1,93.0,0.0,5.3,95.0,64,Umerkot,2026-07-23 16:34:56.886994+00:00
2026-07-08 14:00:00,34.5,16,1013.2,16.1,344,0.0,18.2,76.1,93.0,0.1,6.2,95.0,64,Umerkot,2026-07-23 16:34:56.886994+00:00
2026-07-08 15:00:00,34.7,16,1012.6,17.8,344,0.0,18.5,77.1,92.0,0.1,6.5,95.0,65,Umerkot,2026-07-23 16:34:56.886994+00:00
2026-07-08 16:00:00,35.0,16,1012.3,18.3,347,0.0,19.0,78.7,92.0,0.1,5.8,93.0,65,Umerkot,2026-07-23 16:34:56.886994+00:00
2026-07-08 17:00:00,34.8,15,1011.9,18.4,352,0.0,19.3,78.7,92.0,0.1,4.5,91.0,66,Umerkot,2026-07-23 16:34:56.886994+00:00
2026-07-08 18:00:00,34.4,15,1011.6,18.6,354,0.0,18.7,67.5,92.0,0.1,3.4,87.0,66,Umerkot,2026-07-23 16:34:56.886994+00:00
2026-07-08 19:00:00,33.5,16,1011.6,18.8,357,0.0,18.0,58.9,92.0,0.1,2.6,82.0,66,Umerkot,2026-07-23 16:34:56.886994+00:00
2026-07-08 20:00:00,32.4,18,1011.9,18.2,1,0.0,17.4,52.9,92.0,0.1,2.0,75.0,66,Umerkot,2026-07-23 16:34:56.886994+00:00
2026-07-08 21:00:00,31.6,19,1012.0,15.2,10,0.0,17.1,49.6,92.0,0.1,1.5,70.0,66,Umerkot,2026-07-23 16:34:56.886994+00:00
2026-07-08 22:00:00,30.8,20,1012.5,10.4,37,0.0,16.9,47.7,92.0,0.1,1.3,67.0,66,Umerkot,2026-07-23 16:34:56.886994+00:00
2026-07-08 23:00:00,29.7,22,1012.6,10.4,58,0.0,16.9,48.2,91.0,0.1,1.4,64.0,66,Umerkot,2026-07-23 16:34:56.886994+00:00
2026-07-09 00:00:00,28.6,24,1012.5,10.1,63,0.0,16.8,46.9,91.0,0.1,1.5,61.0,66,Umerkot,2026-07-23 16:34:56.886994+00:00
2026-07-09 01:00:00,27.3,27,1012.2,8.1,59,0.0,16.6,46.1,91.0,0.1,1.5,59.0,66,Umerkot,2026-07-23 16:34:56.886994+00:00
2026-07-09 02:00:00,26.2,29,1011.9,7.5,50,0.0,16.3,44.2,90.0,0.1,1.5,56.0,66,Umerkot,2026-07-23 16:34:56.886994+00:00
2026-07-09 03:00:00,25.4,30,1011.4,7.1,71,0.0,16.1,42.4,90.0,0.1,1.6,54.0,67,Umerkot,2026-07-23 16:34:56.886994+00:00
2026-07-09 04:00:00,24.9,31,1011.0,4.7,86,0.0,15.9,41.0,91.0,0.1,1.7,54.0,67,Umerkot,2026-07-23 16:34:56.886994+00:00
2026-07-09 05:00:00,24.0,32,1011.2,5.2,358,0.0,15.7,39.1,92.0,0.1,1.9,56.0,67,Umerkot,2026-07-23 16:34:56.886994+00:00
2026-07-09 06:00:00,23.2,34,1011.4,5.8,26,0.0,15.3,34.1,93.0,0.1,2.1,60.0,67,Umerkot,2026-07-23 16:34:56.886994+00:00
2026-07-09 07:00:00,23.0,34,1011.5,8.3,88,0.0,15.6,35.4,94.0,0.1,2.4,69.0,67,Umerkot,2026-07-23 16:34:56.886994+00:00
2026-07-09 08:00:00,25.1,29,1012.0,7.9,110,0.0,16.8,41.7,96.0,0.0,2.9,81.0,67,Umerkot,2026-07-23 16:34:56.886994+00:00
2026-07-09 09:00:00,27.8,26,1012.3,7.3,110,0.0,17.5,51.0,97.0,0.0,3.3,90.0,67,Umerkot,2026-07-23 16:34:56.886994+00:00
2026-07-09 10:00:00,30.3,23,1012.4,10.9,102,0.0,18.2,55.5,97.0,0.0,3.8,93.0,66,Umerkot,2026-07-23 16:34:56.886994+00:00
2026-07-09 11:00:00,31.9,21,1012.3,10.7,97,0.0,18.7,54.9,96.0,0.0,4.3,92.0,66,Umerkot,2026-07-23 16:34:56.886994+00:00
2026-07-09 12:00:00,32.8,19,1012.3,3.1,83,0.0,10.0,28.5,96.0,0.0,4.6,91.0,66,Umerkot,2026-07-23 16:34:56.886994+00:00
2026-07-09 13:00:00,33.7,18,1011.9,3.1,320,0.0,10.5,28.9,96.0,0.0,4.5,91.0,65,Umerkot,2026-07-23 16:34:56.886994+00:00
2026-07-09 14:00:00,34.6,17,1011.3,6.4,313,0.0,10.9,29.3,96.0,0.1,4.4,92.0,64,Umerkot,2026-07-23 16:34:56.886994+00:00
2026-07-09 15:00:00,35.1,16,1010.5,8.7,315,0.0,11.1,29.6,96.0,0.1,4.3,92.0,64,Umerkot,2026-07-23 16:34:56.886994+00:00
2026-07-09 16:00:00,35.7,15,1010.0,11.5,318,0.0,11.2,30.9,96.0,0.1,4.1,91.0,63,Umerkot,2026-07-23 16:34:56.886994+00:00
2026-07-09 17:00:00,35.8,15,1009.6,13.4,314,0.0,11.7,34.5,96.0,0.1,3.9,90.0,63,Umerkot,2026-07-23 16:34:56.886994+00:00
2026-07-09 18:00:00,35.4,15,1009.3,13.8,310,0.0,12.5,40.5,96.0,0.1,3.6,87.0,62,Umerkot,2026-07-23 16:34:56.886994+00:00
2026-07-09 19:00:00,34.9,16,1009.4,7.7,319,0.0,13.7,48.5,95.0,0.1,3.2,82.0,62,Umerkot,2026-07-23 16:34:56.886994+00:00
2026-07-09 20:00:00,34.5,16,1009.4,7.6,8,0.0,15.5,58.7,94.0,0.1,2.7,75.0,61,Umerkot,2026-07-23 16:34:56.886994+00:00
2026-07-09 21:00:00,33.6,17,1009.5,15.1,15,0.0,16.9,65.7,93.0,0.1,2.3,69.0,61,Umerkot,2026-07-23 16:34:56.886994+00:00
2026-07-09 22:00:00,32.6,17,1010.3,16.8,10,0.0,16.4,60.8,92.0,0.1,2.0,64.0,61,Umerkot,2026-07-23 16:34:56.886994+00:00
2026-07-09 23:00:00,31.3,18,1011.3,16.1,5,0.0,15.5,54.8,91.0,0.1,1.7,61.0,61,Umerkot,2026-07-23 16:34:56.886994+00:00
2026-07-10 00:00:00,29.9,19,1011.5,13.7,10,0.0,12.4,40.5,90.0,0.1,1.6,55.0,61,Umerkot,2026-07-23 16:34:56.886994+00:00
2026-07-10 01:00:00,28.7,21,1011.3,13.2,17,0.0,12.3,42.4,89.0,0.1,1.5,54.0,61,Umerkot,2026-07-23 16:34:56.886994+00:00
2026-07-10 02:00:00,27.5,22,1011.4,11.1,31,0.0,12.4,44.2,88.0,0.1,1.3,53.0,60,Umerkot,2026-07-23 16:34:56.886994+00:00
2026-07-10 03:00:00,26.3,25,1011.1,6.7,31,0.0,12.4,45.4,88.0,0.1,1.2,52.0,60,Umerkot,2026-07-23 16:34:56.886994+00:00
2026-07-10 04:00:00,25.5,27,1011.1,5.1,17,0.0,12.3,46.0,88.0,0.1,1.1,51.0,60,Umerkot,2026-07-23 16:34:56.886994+00:00
2026-07-10 05:00:00,24.5,28,1011.0,7.0,348,0.0,12.1,45.8,87.0,0.1,1.1,50.0,59,Umerkot,2026-07-23 16:34:56.886994+00:00
2026-07-10 06:00:00,23.6,30,1011.2,5.7,332,0.0,11.4,41.4,88.0,0.1,1.1,53.0,59,Umerkot,2026-07-23 16:34:56.886994+00:00
2026-07-10 07:00:00,23.2,32,1011.7,3.9,304,0.0,10.5,37.4,90.0,0.1,1.2,63.0,59,Umerkot,2026-07-23 16:34:56.886994+00:00
2026-07-10 08:00:00,24.6,28,1012.6,3.7,284,0.0,9.7,29.8,92.0,0.0,1.3,77.0,58,Umerkot,2026-07-23 16:34:56.886994+00:00
2026-07-10 09:00:00,26.9,25,1013.2,2.7,302,0.0,11.4,48.2,94.0,0.0,1.4,87.0,58,Umerkot,2026-07-23 16:34:56.886994+00:00
2026-07-10 10:00:00,29.7,21,1013.4,2.5,352,0.0,13.2,61.7,94.0,0.0,1.6,90.0,57,Umerkot,2026-07-23 16:34:56.886994+00:00
2026-07-10 11:00:00,31.9,17,1013.2,2.8,55,0.0,13.9,64.5,93.0,0.0,1.8,90.0,57,Umerkot,2026-07-23 16:34:56.886994+00:00
2026-07-10 12:00:00,33.3,15,1013.2,2.2,99,0.0,9.9,50.2,93.0,0.0,1.9,89.0,57,Umerkot,2026-07-23 16:34:56.886994+00:00
2026-07-10 13:00:00,34.3,14,1012.7,2.2,270,0.0,9.7,48.4,93.0,0.0,1.9,90.0,57,Umerkot,2026-07-23 16:34:56.886994+00:00
2026-07-10 14:00:00,35.2,14,1012.2,5.4,290,0.0,9.5,46.8,94.0,0.0,1.9,91.0,57,Umerkot,2026-07-23 16:34:56.886994+00:00
2026-07-10 15:00:00,35.3,13,1011.8,4.1,285,0.0,9.4,45.2,94.0,0.0,1.9,91.0,56,Umerkot,2026-07-23 16:34:56.886994+00:00
2026-07-10 16:00:00,36.0,13,1011.3,5.3,336,0.0,9.5,44.1,94.0,0.0,1.9,90.0,56,Umerkot,2026-07-23 16:34:56.886994+00:00
2026-07-10 17:00:00,36.4,13,1011.2,10.3,355,0.0,9.7,43.0,93.0,0.1,1.9,89.0,56,Umerkot,2026-07-23 16:34:56.886994+00:00
2026-07-10 18:00:00,36.3,12,1010.6,15.5,351,0.0,9.8,39.1,93.0,0.1,1.9,87.0,56,Umerkot,2026-07-23 16:34:56.886994+00:00
2026-07-10 19:00:00,35.8,13,1010.8,18.2,343,0.0,10.1,34.2,92.0,0.1,1.8,83.0,56,Umerkot,2026-07-23 16:34:56.886994+00:00
2026-07-10 20:00:00,34.9,13,1011.2,17.4,343,0.0,10.5,33.2,92.0,0.0,1.7,77.0,55,Umerkot,2026-07-23 16:34:56.886994+00:00
2026-07-10 21:00:00,33.8,15,1011.7,19.9,21,0.0,10.9,32.9,91.0,0.0,1.6,73.0,55,Umerkot,2026-07-23 16:34:56.886994+00:00
2026-07-10 22:00:00,32.5,16,1012.3,20.5,29,0.0,10.8,31.8,91.0,0.0,1.5,70.0,55,Umerkot,2026-07-23 16:34:56.886994+00:00
2026-07-10 23:00:00,31.6,16,1012.9,18.8,32,0.0,10.5,29.8,90.0,0.0,1.5,69.0,54,Umerkot,2026-07-23 16:34:56.886994+00:00
2026-07-11 00:00:00,30.4,15,1012.9,17.3,27,0.0,10.2,27.9,90.0,0.0,1.4,68.0,54,Umerkot,2026-07-23 16:34:56.886994+00:00
2026-07-11 01:00:00,29.3,15,1013.0,15.1,40,0.0,10.0,28.3,90.0,0.0,1.3,66.0,54,Umerkot,2026-07-23 16:34:56.886994+00:00
2026-07-11 02:00:00,28.1,17,1012.7,13.6,47,0.0,10.0,28.8,89.0,0.0,1.3,64.0,53,Umerkot,2026-07-23 16:34:56.886994+00:00
2026-07-11 03:00:00,27.1,19,1012.6,12.3,38,0.0,10.0,29.1,89.0,0.0,1.2,63.0,53,Umerkot,2026-07-23 16:34:56.886994+00:00
2026-07-11 04:00:00,26.2,19,1012.6,11.7,49,0.0,10.1,29.9,89.0,0.0,1.2,62.0,53,Umerkot,2026-07-23 16:34:56.886994+00:00
2026-07-11 05:00:00,25.4,19,1012.7,12.2,46,0.0,10.2,30.0,89.0,0.0,1.1,62.0,53,Umerkot,2026-07-23 16:34:56.886994+00:00
2026-07-11 06:00:00,24.4,21,1013.1,11.1,59,0.0,10.6,32.6,90.0,0.0,1.1,64.0,53,Umerkot,2026-07-23 16:34:56.886994+00:00
2026-07-11 07:00:00,23.6,23,1013.7,9.9,75,0.0,12.1,42.4,91.0,0.0,1.1,71.0,53,Umerkot,2026-07-23 16:34:56.886994+00:00
2026-07-11 08:00:00,25.6,21,1014.3,7.4,91,0.0,13.5,51.5,92.0,0.0,1.2,80.0,53,Umerkot,2026-07-23 16:34:56.886994+00:00
2026-07-11 09:00:00,28.1,19,1014.8,7.8,83,0.0,13.1,49.6,93.0,0.0,1.2,87.0,53,Umerkot,2026-07-23 16:34:56.886994+00:00
2026-07-11 10:00:00,30.5,20,1014.7,13.0,84,0.0,12.3,45.5,93.0,0.0,1.2,89.0,53,Umerkot,2026-07-23 16:34:56.886994+00:00
2026-07-11 11:00:00,32.9,18,1014.4,15.3,90,0.0,11.6,42.5,93.0,0.0,1.2,89.0,53,Umerkot,2026-07-23 16:34:56.886994+00:00
2026-07-11 12:00:00,34.7,15,1014.3,15.7,87,0.0,5.9,20.7,93.0,0.0,1.2,89.0,53,Umerkot,2026-07-23 16:34:56.886994+00:00
2026-07-11 13:00:00,35.7,13,1013.7,11.3,76,0.0,5.7,19.8,93.0,0.0,1.1,89.0,53,Umerkot,2026-07-23 16:34:56.886994+00:00
2026-07-11 14:00:00,36.3,12,1013.0,7.3,50,0.0,5.7,19.4,93.0,0.1,1.1,90.0,52,Umerkot,2026-07-23 16:34:56.886994+00:00
2026-07-11 15:00:00,36.5,12,1012.7,8.3,24,0.0,5.7,19.3,93.0,0.1,1.0,90.0,52,Umerkot,2026-07-23 16:34:56.886994+00:00
2026-07-11 16:00:00,36.9,11,1012.4,9.1,8,0.0,5.9,19.6,92.0,0.1,0.9,89.0,52,Umerkot,2026-07-23 16:34:56.886994+00:00
2026-07-11 17:00:00,36.9,11,1012.2,10.1,4,0.0,6.1,19.8,92.0,0.1,0.9,87.0,51,Umerkot,2026-07-23 16:34:56.886994+00:00
2026-07-11 18:00:00,36.6,11,1011.9,11.3,10,0.0,6.1,18.2,91.0,0.1,0.8,85.0,51,Umerkot,2026-07-23 16:34:56.886994+00:00
2026-07-11 19:00:00,36.0,11,1011.9,13.9,23,0.0,6.4,18.1,91.0,0.1,0.7,82.0,51,Umerkot,2026-07-23 16:34:56.886994+00:00
2026-07-11 20:00:00,35.1,12,1012.2,16.7,30,0.0,6.7,19.2,91.0,0.1,0.7,78.0,51,Umerkot,2026-07-23 16:34:56.886994+00:00
2026-07-11 21:00:00,34.1,13,1012.7,16.4,39,0.0,7.0,19.4,91.0,0.1,0.6,74.0,50,Umerkot,2026-07-23 16:34:56.886994+00:00
2026-07-11 22:00:00,32.9,14,1013.1,18.2,30,0.0,7.3,19.0,91.0,0.1,0.6,70.0,50,Umerkot,2026-07-23 16:34:56.886994+00:00
2026-07-11 23:00:00,31.7,16,1013.4,18.6,32,0.0,7.7,19.0,91.0,0.0,0.6,66.0,49,Umerkot,2026-07-23 16:34:56.886994+00:00
2026-07-12 00:00:00,30.4,18,1013.5,15.7,32,0.0,8.8,19.8,91.0,0.0,0.6,64.0,49,Umerkot,2026-07-23 16:34:56.886994+00:00
2026-07-12 01:00:00,29.1,19,1013.2,13.0,33,0.0,9.2,20.1,91.0,0.0,0.6,62.0,48,Umerkot,2026-07-23 16:34:56.886994+00:00
2026-07-12 02:00:00,27.7,22,1012.8,11.1,44,0.0,9.5,21.0,91.0,0.0,0.6,58.0,48,Umerkot,2026-07-23 16:34:56.886994+00:00
2026-07-12 03:00:00,27.5,24,1012.1,16.1,40,0.0,10.1,24.9,91.0,0.0,0.6,56.0,48,Umerkot,2026-07-23 16:34:56.886994+00:00
2026-07-12 04:00:00,26.8,26,1012.4,15.4,63,0.0,11.0,32.2,91.0,0.0,0.6,55.0,48,Umerkot,2026-07-23 16:34:56.886994+00:00
2026-07-12 05:00:00,25.5,28,1012.4,12.6,85,0.0,12.4,43.5,91.0,0.1,0.7,54.0,48,Umerkot,2026-07-23 16:34:56.886994+00:00
2026-07-12 06:00:00,24.7,29,1012.7,12.6,92,0.0,15.6,68.5,91.0,0.1,0.7,57.0,49,Umerkot,2026-07-23 16:34:56.886994+00:00
2026-07-12 07:00:00,24.2,30,1013.1,12.4,103,0.0,22.0,113.2,92.0,0.1,0.7,65.0,50,Umerkot,2026-07-23 16:34:56.886994+00:00
2026-07-12 08:00:00,26.0,28,1013.3,11.6,120,0.0,20.0,94.1,93.0,0.0,0.8,76.0,51,Umerkot,2026-07-23 16:34:56.886994+00:00
2026-07-12 09:00:00,29.0,24,1013.6,10.0,129,0.0,16.2,68.2,94.0,0.0,0.8,85.0,51,Umerkot,2026-07-23 16:34:56.886994+00:00
2026-07-12 10:00:00,31.9,21,1013.5,13.8,121,0.0,14.1,56.9,94.0,0.0,0.8,88.0,51,Umerkot,2026-07-23 16:34:56.886994+00:00
2026-07-12 11:00:00,33.8,18,1013.4,15.9,105,0.0,12.4,47.7,93.0,0.0,0.7,89.0,52,Umerkot,2026-07-23 16:34:56.886994+00:00
2026-07-12 12:00:00,35.0,16,1013.3,10.8,86,0.0,4.8,17.0,93.0,0.0,0.7,89.0,52,Umerkot,2026-07-23 16:34:56.886994+00:00
2026-07-12 13:00:00,35.9,15,1012.8,8.8,44,0.0,4.0,14.5,93.0,0.0,0.7,90.0,52,Umerkot,2026-07-23 16:34:56.886994+00:00
2026-07-12 14:00:00,36.7,14,1012.2,11.0,14,0.0,3.6,13.1,93.0,0.1,0.6,92.0,51,Umerkot,2026-07-23 16:34:56.886994+00:00
2026-07-12 15:00:00,36.9,13,1011.8,13.2,10,0.0,3.5,12.9,93.0,0.1,0.6,92.0,51,Umerkot,2026-07-23 16:34:56.886994+00:00
2026-07-12 16:00:00,37.3,12,1011.2,14.3,10,0.0,3.8,13.4,93.0,0.1,0.6,90.0,51,Umerkot,2026-07-23 16:34:56.886994+00:00
2026-07-12 17:00:00,37.2,12,1010.7,16.3,16,0.0,4.3,14.5,93.0,0.1,0.6,87.0,51,Umerkot,2026-07-23 16:34:56.886994+00:00
2026-07-12 18:00:00,36.8,12,1010.3,18.7,18,0.0,4.9,14.4,93.0,0.1,0.6,83.0,51,Umerkot,2026-07-23 16:34:56.886994+00:00
2026-07-12 19:00:00,36.1,12,1010.6,19.3,14,0.0,5.6,14.6,93.0,0.1,0.6,77.0,51,Umerkot,2026-07-23 16:34:56.886994+00:00
2026-07-12 20:00:00,35.0,13,1011.0,20.1,13,0.0,6.5,16.2,92.0,0.1,0.5,71.0,51,Umerkot,2026-07-23 16:34:56.886994+00:00
2026-07-12 21:00:00,33.8,14,1011.3,20.0,27,0.0,7.3,18.6,92.0,0.1,0.5,65.0,51,Umerkot,2026-07-23 16:34:56.886994+00:00
2026-07-12 22:00:00,32.7,16,1011.9,17.3,42,0.0,8.1,21.7,92.0,0.1,0.5,61.0,51,Umerkot,2026-07-23 16:34:56.886994+00:00
2026-07-12 23:00:00,31.7,18,1012.0,15.4,52,0.0,9.0,25.7,92.0,0.0,0.5,58.0,51,Umerkot,2026-07-23 16:34:56.886994+00:00
2026-07-13 00:00:00,30.7,20,1012.0,14.9,54,0.0,10.6,31.8,92.0,0.0,0.5,55.0,51,Umerkot,2026-07-23 16:34:56.886994+00:00
2026-07-13 01:00:00,29.8,21,1011.8,14.6,56,0.0,11.4,34.6,92.0,0.0,0.5,53.0,51,Umerkot,2026-07-23 16:34:56.886994+00:00
2026-07-13 02:00:00,28.7,25,1011.3,15.5,48,0.0,11.8,35.9,91.0,0.0,0.4,50.0,51,Umerkot,2026-07-23 16:34:56.886994+00:00
2026-07-13 03:00:00,27.5,28,1011.2,15.5,35,0.0,11.8,36.8,91.0,0.0,0.4,48.0,51,Umerkot,2026-07-23 16:34:56.886994+00:00
2026-07-13 04:00:00,26.7,31,1011.3,15.9,39,0.0,11.7,39.0,91.0,0.0,0.4,48.0,51,Umerkot,2026-07-23 16:34:56.886994+00:00
2026-07-13 05:00:00,25.8,35,1011.4,13.6,51,0.0,11.5,40.4,92.0,0.0,0.4,49.0,52,Umerkot,2026-07-23 16:34:56.886994+00:00
2026-07-13 06:00:00,24.6,38,1011.7,9.7,68,0.0,12.0,50.1,93.0,0.0,0.4,52.0,51,Umerkot,2026-07-23 16:34:56.886994+00:00
2026-07-13 07:00:00,23.8,41,1012.2,7.3,83,0.0,13.0,66.1,94.0,0.0,0.4,60.0,51,Umerkot,2026-07-23 16:34:56.886994+00:00
2026-07-13 08:00:00,25.7,37,1012.4,3.9,103,0.0,13.4,66.1,95.0,0.0,0.4,70.0,50,Umerkot,2026-07-23 16:34:56.886994+00:00
2026-07-13 09:00:00,28.5,31,1012.8,3.1,97,0.0,14.3,66.6,96.0,0.0,0.4,78.0,50,Umerkot,2026-07-23 16:34:56.886994+00:00
2026-07-13 10:00:00,31.1,27,1012.7,4.3,88,0.0,14.2,64.5,97.0,0.0,0.4,82.0,49,Umerkot,2026-07-23 16:34:56.886994+00:00
2026-07-13 11:00:00,33.1,22,1012.7,7.4,34,0.0,12.5,53.8,97.0,0.0,0.3,84.0,49,Umerkot,2026-07-23 16:34:56.886994+00:00
2026-07-13 12:00:00,34.7,19,1012.5,10.8,357,0.0,4.3,19.2,97.0,0.0,0.3,85.0,49,Umerkot,2026-07-23 16:34:56.886994+00:00
2026-07-13 13:00:00,35.9,17,1012.0,14.8,339,0.0,3.3,15.7,97.0,0.0,0.3,87.0,49,Umerkot,2026-07-23 16:34:56.886994+00:00
2026-07-13 14:00:00,36.7,15,1011.2,17.5,334,0.0,3.0,15.7,96.0,0.1,0.2,89.0,49,Umerkot,2026-07-23 16:34:56.886994+00:00
2026-07-13 15:00:00,37.1,15,1010.6,20.5,342,0.0,3.4,20.0,96.0,0.1,0.2,90.0,49,Umerkot,2026-07-23 16:34:56.886994+00:00
2026-07-13 16:00:00,37.2,14,1010.1,23.0,343,0.0,4.5,27.2,97.0,0.1,0.2,90.0,49,Umerkot,2026-07-23 16:34:56.886994+00:00
2026-07-13 17:00:00,37.0,14,1009.9,21.4,348,0.0,6.1,35.4,97.0,0.1,0.2,88.0,49,Umerkot,2026-07-23 16:34:56.886994+00:00
2026-07-13 18:00:00,36.6,15,1009.6,20.7,353,0.0,7.8,37.3,98.0,0.1,0.2,86.0,50,Umerkot,2026-07-23 16:34:56.886994+00:00
2026-07-13 19:00:00,35.8,16,1009.8,21.7,355,0.0,9.3,35.4,98.0,0.1,0.2,82.0,50,Umerkot,2026-07-23 16:34:56.886994+00:00
2026-07-13 20:00:00,34.8,17,1010.1,21.7,4,0.0,10.9,35.2,98.0,0.0,0.3,77.0,50,Umerkot,2026-07-23 16:34:56.886994+00:00
2026-07-13 21:00:00,33.8,19,1010.3,19.9,13,0.0,12.3,35.6,98.0,0.0,0.3,73.0,51,Umerkot,2026-07-23 16:34:56.886994+00:00
2026-07-13 22:00:00,32.7,21,1011.0,18.6,12,0.0,13.0,33.6,97.0,0.0,0.3,70.0,51,Umerkot,2026-07-23 16:34:56.886994+00:00
2026-07-13 23:00:00,31.5,23,1011.4,18.1,11,0.0,13.0,29.6,96.0,0.0,0.3,68.0,52,Umerkot,2026-07-23 16:34:56.886994+00:00
2026-07-14 00:00:00,30.4,24,1011.5,18.6,10,0.0,12.0,22.2,95.0,0.0,0.3,70.0,52,Umerkot,2026-07-23 16:34:56.886994+00:00
2026-07-14 01:00:00,29.2,23,1011.5,17.6,13,0.0,11.3,20.1,95.0,0.0,0.3,70.0,52,Umerkot,2026-07-23 16:34:56.886994+00:00
2026-07-14 02:00:00,27.9,22,1011.4,14.6,9,0.0,11.2,20.7,95.0,0.0,0.4,69.0,52,Umerkot,2026-07-23 16:34:56.886994+00:00
2026-07-14 03:00:00,26.9,22,1011.5,13.5,8,0.0,11.7,23.9,95.0,0.0,0.4,70.0,52,Umerkot,2026-07-23 16:34:56.886994+00:00
2026-07-14 04:00:00,25.8,26,1011.2,11.6,4,0.0,12.7,30.5,95.0,0.0,0.4,72.0,52,Umerkot,2026-07-23 16:34:56.886994+00:00
2026-07-14 05:00:00,24.6,31,1011.1,9.5,358,0.0,13.8,38.2,95.0,0.1,0.5,75.0,52,Umerkot,2026-07-23 16:34:56.886994+00:00
2026-07-14 06:00:00,23.8,35,1011.2,6.9,351,0.0,15.5,53.1,95.0,0.1,0.5,79.0,52,Umerkot,2026-07-23 16:34:56.886994+00:00
2026-07-14 07:00:00,23.6,36,1011.6,4.2,329,0.0,23.3,109.7,95.0,0.1,0.5,86.0,52,Umerkot,2026-07-23 16:34:56.886994+00:00
2026-07-14 08:00:00,25.6,32,1012.0,4.2,306,0.0,28.3,138.3,96.0,0.1,0.5,94.0,53,Umerkot,2026-07-23 16:34:56.886994+00:00
2026-07-14 09:00:00,28.6,29,1012.2,10.1,333,0.0,26.6,128.5,96.0,0.1,0.5,100.0,54,Umerkot,2026-07-23 16:34:56.886994+00:00
2026-07-14 10:00:00,31.1,26,1012.3,14.0,344,0.0,25.3,122.5,96.0,0.1,0.5,102.0,55,Umerkot,2026-07-23 16:34:56.886994+00:00
2026-07-14 11:00:00,32.8,22,1012.4,18.6,3,0.0,23.9,115.5,95.0,0.1,0.4,101.0,56,Umerkot,2026-07-23 16:34:56.886994+00:00
2026-07-14 12:00:00,34.0,19,1012.5,19.3,9,0.0,20.6,94.1,95.0,0.1,0.4,101.0,57,Umerkot,2026-07-23 16:34:56.886994+00:00
2026-07-14 13:00:00,34.9,18,1012.3,20.4,9,0.0,19.2,79.4,95.0,0.1,0.4,102.0,58,Umerkot,2026-07-23 16:34:56.886994+00:00
2026-07-14 14:00:00,35.7,16,1011.7,22.0,8,0.0,18.2,64.0,94.0,0.1,0.3,104.0,60,Umerkot,2026-07-23 16:34:56.886994+00:00
2026-07-14 15:00:00,36.0,16,1011.3,23.8,10,0.0,17.6,51.2,94.0,0.1,0.3,105.0,61,Umerkot,2026-07-23 16:34:56.886994+00:00
2026-07-14 16:00:00,36.4,14,1010.9,24.3,10,0.0,17.5,42.0,94.0,0.1,0.3,104.0,62,Umerkot,2026-07-23 16:34:56.886994+00:00
2026-07-14 17:00:00,36.3,12,1010.6,25.3,13,0.0,17.0,35.2,95.0,0.1,0.3,102.0,63,Umerkot,2026-07-23 16:34:56.886994+00:00
2026-07-14 18:00:00,35.6,12,1010.2,25.4,15,0.0,17.3,30.2,95.0,0.1,0.3,99.0,64,Umerkot,2026-07-23 16:34:56.886994+00:00
2026-07-14 19:00:00,34.8,13,1010.5,24.4,17,0.0,17.2,26.1,95.0,0.1,0.3,93.0,65,Umerkot,2026-07-23 16:34:56.886994+00:00
2026-07-14 20:00:00,33.7,15,1010.9,22.8,16,0.0,16.6,23.9,95.0,0.1,0.3,85.0,65,Umerkot,2026-07-23 16:34:56.886994+00:00
2026-07-14 21:00:00,32.6,17,1011.3,19.0,22,0.0,16.0,23.1,95.0,0.1,0.3,78.0,66,Umerkot,2026-07-23 16:34:56.886994+00:00
2026-07-14 22:00:00,31.4,20,1012.1,14.4,26,0.0,15.4,22.7,94.0,0.1,0.3,74.0,66,Umerkot,2026-07-23 16:34:56.886994+00:00
2026-07-14 23:00:00,30.2,22,1012.8,11.0,30,0.0,14.8,22.8,94.0,0.1,0.4,71.0,66,Umerkot,2026-07-23 16:34:56.886994+00:00
2026-07-15 00:00:00,29.0,25,1012.8,10.2,31,0.0,13.8,22.2,93.0,0.1,0.4,70.0,66,Umerkot,2026-07-23 16:34:56.886994+00:00
2026-07-15 01:00:00,28.0,27,1012.8,9.9,29,0.0,13.4,22.9,92.0,0.1,0.4,71.0,66,Umerkot,2026-07-23 16:34:56.886994+00:00
2026-07-15 02:00:00,27.2,29,1012.5,9.9,29,0.0,13.2,23.6,92.0,0.0,0.4,72.0,67,Umerkot,2026-07-23 16:34:56.886994+00:00
2026-07-15 03:00:00,26.6,32,1012.1,9.0,30,0.0,13.2,23.6,92.0,0.0,0.4,72.0,67,Umerkot,2026-07-23 16:34:56.886994+00:00
2026-07-15 04:00:00,25.8,35,1011.7,7.3,16,0.0,12.9,21.8,92.0,0.0,0.4,70.0,67,Umerkot,2026-07-23 16:34:56.886994+00:00
2026-07-15 05:00:00,25.3,36,1011.7,5.4,6,0.0,12.5,21.2,93.0,0.1,0.4,66.0,67,Umerkot,2026-07-23 16:34:56.886994+00:00
2026-07-15 06:00:00,24.6,37,1011.8,6.6,9,0.0,14.9,41.3,94.0,0.1,0.4,67.0,67,Umerkot,2026-07-23 16:34:56.886994+00:00
2026-07-15 07:00:00,23.9,39,1012.3,9.9,12,0.0,32.5,165.3,95.0,0.1,0.4,75.0,67,Umerkot,2026-07-23 16:34:56.886994+00:00
2026-07-15 08:00:00,25.8,36,1012.7,6.7,5,0.0,47.6,282.2,96.0,0.1,0.5,87.0,67,Umerkot,2026-07-23 16:34:56.886994+00:00
2026-07-15 09:00:00,28.4,31,1013.3,3.7,29,0.0,42.8,247.7,96.0,0.1,0.5,96.0,69,Umerkot,2026-07-23 16:34:56.886994+00:00
2026-07-15 10:00:00,30.8,27,1013.5,5.3,62,0.0,37.6,207.7,96.0,0.1,0.6,99.0,70,Umerkot,2026-07-23 16:34:56.886994+00:00
2026-07-15 11:00:00,32.7,24,1013.7,6.5,60,0.0,34.5,182.1,95.0,0.1,0.6,99.0,71,Umerkot,2026-07-23 16:34:56.886994+00:00
2026-07-15 12:00:00,34.1,22,1013.5,7.2,32,0.0,22.8,128.1,95.0,0.1,0.7,98.0,72,Umerkot,2026-07-23 16:34:56.886994+00:00
2026-07-15 13:00:00,35.1,20,1013.2,10.1,1,0.0,21.8,119.7,95.0,0.1,0.7,98.0,72,Umerkot,2026-07-23 16:34:56.886994+00:00
2026-07-15 14:00:00,36.0,18,1012.7,13.3,359,0.0,21.6,114.6,95.0,0.1,0.7,98.0,72,Umerkot,2026-07-23 16:34:56.886994+00:00
2026-07-15 15:00:00,36.1,18,1012.1,16.4,8,0.0,22.1,114.1,95.0,0.1,0.7,97.0,73,Umerkot,2026-07-23 16:34:56.886994+00:00
2026-07-15 16:00:00,36.4,17,1011.8,16.3,10,0.0,22.8,113.4,95.0,0.1,0.7,96.0,73,Umerkot,2026-07-23 16:34:56.886994+00:00
2026-07-15 17:00:00,36.4,16,1011.5,15.6,11,0.0,23.2,110.4,95.0,0.1,0.6,94.0,73,Umerkot,2026-07-23 16:34:56.886994+00:00
2026-07-15 18:00:00,35.9,17,1011.0,15.3,13,0.0,22.4,97.8,95.0,0.1,0.6,92.0,74,Umerkot,2026-07-23 16:34:56.886994+00:00
2026-07-15 19:00:00,35.3,17,1011.0,15.0,17,0.0,20.4,77.1,95.0,0.1,0.6,88.0,74,Umerkot,2026-07-23 16:34:56.886994+00:00
2026-07-15 20:00:00,34.5,18,1011.3,15.2,24,0.0,17.7,58.6,95.0,0.1,0.5,83.0,75,Umerkot,2026-07-23 16:34:56.886994+00:00
2026-07-15 21:00:00,33.8,19,1011.7,15.5,36,0.0,15.0,44.2,95.0,0.1,0.5,78.0,75,Umerkot,2026-07-23 16:34:56.886994+00:00
2026-07-15 22:00:00,32.7,20,1012.4,16.5,32,0.0,12.7,32.8,95.0,0.1,0.5,73.0,75,Umerkot,2026-07-23 16:34:56.886994+00:00
2026-07-15 23:00:00,31.6,23,1012.7,13.9,30,0.0,10.9,25.4,96.0,0.0,0.4,69.0,74,Umerkot,2026-07-23 16:34:56.886994+00:00
2026-07-16 00:00:00,30.8,24,1012.7,14.1,30,0.0,9.1,16.9,96.0,0.0,0.4,66.0,74,Umerkot,2026-07-23 16:34:56.886994+00:00
2026-07-16 01:00:00,29.7,26,1012.9,16.1,36,0.0,8.3,14.8,96.0,0.0,0.4,64.0,74,Umerkot,2026-07-23 16:34:56.886994+00:00
2026-07-16 02:00:00,28.6,28,1012.7,14.4,37,0.0,7.9,13.9,95.0,0.0,0.4,62.0,73,Umerkot,2026-07-23 16:34:56.886994+00:00
2026-07-16 03:00:00,27.8,30,1012.4,14.5,28,0.0,7.7,13.8,95.0,0.0,0.4,61.0,73,Umerkot,2026-07-23 16:34:56.886994+00:00
2026-07-16 04:00:00,26.7,32,1012.5,10.8,30,0.0,7.7,14.2,95.0,0.0,0.4,63.0,72,Umerkot,2026-07-23 16:34:56.886994+00:00
2026-07-16 05:00:00,25.3,36,1012.4,6.7,46,0.0,7.6,14.0,95.0,0.1,0.4,66.0,72,Umerkot,2026-07-23 16:34:56.886994+00:00
2026-07-16 06:00:00,24.7,38,1012.5,3.5,99,0.0,7.8,15.1,95.0,0.1,0.4,71.0,72,Umerkot,2026-07-23 16:34:56.886994+00:00
2026-07-16 07:00:00,24.3,39,1012.5,3.8,172,0.0,9.9,24.0,96.0,0.1,0.4,80.0,71,Umerkot,2026-07-23 16:34:56.886994+00:00
2026-07-16 08:00:00,26.1,34,1012.8,4.9,186,0.0,12.9,39.7,98.0,0.1,0.5,92.0,69,Umerkot,2026-07-23 16:34:56.886994+00:00
2026-07-16 09:00:00,29.0,28,1012.8,4.2,185,0.0,15.0,51.6,99.0,0.1,0.5,100.0,67,Umerkot,2026-07-23 16:34:56.886994+00:00
2026-07-16 10:00:00,31.1,25,1013.0,2.2,114,0.0,15.8,56.2,99.0,0.1,0.5,102.0,64,Umerkot,2026-07-23 16:34:56.886994+00:00
2026-07-16 11:00:00,32.4,24,1013.1,3.4,6,0.0,15.8,54.8,99.0,0.0,0.5,101.0,63,Umerkot,2026-07-23 16:34:56.886994+00:00
2026-07-16 12:00:00,33.6,22,1012.9,7.0,316,0.0,10.4,41.1,98.0,0.0,0.5,99.0,61,Umerkot,2026-07-23 16:34:56.886994+00:00
2026-07-16 13:00:00,35.0,20,1012.5,12.3,305,0.0,10.9,46.6,98.0,0.0,0.5,99.0,60,Umerkot,2026-07-23 16:34:56.886994+00:00
2026-07-16 14:00:00,35.9,19,1011.6,16.8,303,0.0,12.7,61.5,97.0,0.1,0.4,99.0,59,Umerkot,2026-07-23 16:34:56.886994+00:00
2026-07-16 15:00:00,36.5,18,1011.0,18.1,302,0.0,16.4,89.9,97.0,0.1,0.4,98.0,59,Umerkot,2026-07-23 16:34:56.886994+00:00
2026-07-16 16:00:00,37.1,17,1010.3,20.9,299,0.0,21.9,131.8,98.0,0.1,0.4,98.0,58,Umerkot,2026-07-23 16:34:56.886994+00:00
2026-07-16 17:00:00,37.0,17,1009.9,24.2,294,0.0,28.0,175.6,99.0,0.1,0.4,97.0,58,Umerkot,2026-07-23 16:34:56.886994+00:00
2026-07-16 18:00:00,36.5,18,1009.6,22.1,288,0.0,31.7,191.4,99.0,0.1,0.4,95.0,59,Umerkot,2026-07-23 16:34:56.886994+00:00
2026-07-16 19:00:00,36.0,18,1009.4,20.7,301,0.0,31.5,179.3,98.0,0.1,0.4,91.0,59,Umerkot,2026-07-23 16:34:56.886994+00:00
2026-07-16 20:00:00,34.8,20,1009.6,24.9,319,0.0,27.2,142.5,97.0,0.1,0.4,86.0,60,Umerkot,2026-07-23 16:34:56.886994+00:00
2026-07-16 21:00:00,33.8,22,1009.7,22.1,339,0.0,20.0,92.4,96.0,0.1,0.4,81.0,61,Umerkot,2026-07-23 16:34:56.886994+00:00
2026-07-16 22:00:00,32.6,23,1010.3,23.4,344,0.0,13.0,48.9,96.0,0.1,0.4,76.0,61,Umerkot,2026-07-23 16:34:56.886994+00:00
2026-07-16 23:00:00,31.3,23,1010.9,23.2,344,0.0,8.2,21.8,95.0,0.0,0.3,72.0,61,Umerkot,2026-07-23 16:34:56.886994+00:00
2026-07-17 00:00:00,29.9,25,1011.3,21.1,349,0.0,5.8,12.2,95.0,0.0,0.3,67.0,61,Umerkot,2026-07-23 16:34:56.886994+00:00
2026-07-17 01:00:00,28.7,27,1011.6,17.0,350,0.0,5.2,8.8,94.0,0.0,0.3,65.0,61,Umerkot,2026-07-23 16:34:56.886994+00:00
2026-07-17 02:00:00,27.6,28,1011.4,14.7,354,0.0,5.1,8.0,93.0,0.0,0.3,63.0,61,Umerkot,2026-07-23 16:34:56.886994+00:00
2026-07-17 03:00:00,26.4,29,1011.1,12.8,354,0.0,5.2,8.1,92.0,0.0,0.3,63.0,60,Umerkot,2026-07-23 16:34:56.886994+00:00
2026-07-17 04:00:00,25.1,31,1010.9,9.9,351,0.0,5.3,8.1,92.0,0.0,0.3,65.0,60,Umerkot,2026-07-23 16:34:56.886994+00:00
2026-07-17 05:00:00,23.9,34,1010.7,6.6,331,0.0,5.3,8.1,92.0,0.1,0.3,68.0,60,Umerkot,2026-07-23 16:34:56.886994+00:00
2026-07-17 06:00:00,23.3,35,1010.3,5.2,284,0.0,5.5,8.3,93.0,0.1,0.3,73.0,60,Umerkot,2026-07-23 16:34:56.886994+00:00
2026-07-17 07:00:00,22.7,36,1010.5,7.6,245,0.0,8.5,22.5,95.0,0.1,0.3,82.0,60,Umerkot,2026-07-23 16:34:56.886994+00:00
2026-07-17 08:00:00,24.8,31,1010.6,7.1,234,0.0,11.3,48.5,96.0,0.0,0.4,92.0,60,Umerkot,2026-07-23 16:34:56.886994+00:00
2026-07-17 09:00:00,28.2,26,1010.9,8.3,265,0.0,12.0,64.0,98.0,0.0,0.4,99.0,59,Umerkot,2026-07-23 16:34:56.886994+00:00
2026-07-17 10:00:00,30.7,25,1010.8,12.1,295,0.0,11.7,67.1,99.0,0.0,0.4,100.0,59,Umerkot,2026-07-23 16:34:56.886994+00:00
2026-07-17 11:00:00,32.2,24,1010.6,12.5,310,0.0,11.6,69.4,99.0,0.0,0.4,97.0,59,Umerkot,2026-07-23 16:34:56.886994+00:00
2026-07-17 12:00:00,33.5,23,1010.3,13.6,309,0.0,14.6,88.5,99.0,0.0,0.4,94.0,59,Umerkot,2026-07-23 16:34:56.886994+00:00
2026-07-17 13:00:00,34.9,21,1009.6,16.8,302,0.0,16.1,100.1,98.0,0.0,0.4,94.0,59,Umerkot,2026-07-23 16:34:56.886994+00:00
2026-07-17 14:00:00,36.0,19,1008.7,20.1,301,0.0,18.2,116.2,98.0,0.1,0.4,94.0,59,Umerkot,2026-07-23 16:34:56.886994+00:00
2026-07-17 15:00:00,36.7,18,1008.0,22.1,302,0.0,20.6,133.6,97.0,0.1,0.4,94.0,60,Umerkot,2026-07-23 16:34:56.886994+00:00
2026-07-17 16:00:00,37.1,16,1007.5,23.4,307,0.0,22.2,143.9,97.0,0.1,0.4,94.0,60,Umerkot,2026-07-23 16:34:56.886994+00:00
2026-07-17 17:00:00,36.9,16,1007.2,25.3,315,0.0,22.1,138.8,97.0,0.1,0.4,94.0,60,Umerkot,2026-07-23 16:34:56.886994+00:00
2026-07-17 18:00:00,36.2,16,1006.9,24.6,324,0.0,19.3,109.9,97.0,0.1,0.4,93.0,60,Umerkot,2026-07-23 16:34:56.886994+00:00
2026-07-17 19:00:00,35.2,19,1007.2,23.4,335,0.0,15.1,71.0,97.0,0.1,0.4,89.0,59,Umerkot,2026-07-23 16:34:56.886994+00:00
2026-07-17 20:00:00,33.9,21,1007.5,22.6,349,0.0,10.7,38.0,96.0,0.1,0.4,84.0,57,Umerkot,2026-07-23 16:34:56.886994+00:00
2026-07-17 21:00:00,32.9,22,1008.1,21.1,359,0.0,7.0,15.0,96.0,0.1,0.4,79.0,56,Umerkot,2026-07-23 16:34:56.886994+00:00
2026-07-17 22:00:00,32.0,22,1008.8,18.9,357,0.0,5.1,6.4,95.0,0.1,0.4,74.0,55,Umerkot,2026-07-23 16:34:56.886994+00:00
2026-07-17 23:00:00,30.8,22,1009.4,17.9,354,0.0,4.8,6.0,95.0,0.0,0.4,68.0,54,Umerkot,2026-07-23 16:34:56.886994+00:00
2026-07-18 00:00:00,29.6,23,1009.4,14.1,355,0.0,5.6,6.6,94.0,0.0,0.4,66.0,54,Umerkot,2026-07-23 16:34:56.886994+00:00
2026-07-18 01:00:00,28.5,25,1009.5,12.2,352,0.0,5.9,7.0,93.0,0.0,0.4,67.0,54,Umerkot,2026-07-23 16:34:56.886994+00:00
2026-07-18 02:00:00,27.4,28,1009.3,11.0,350,0.0,6.3,7.5,92.0,0.0,0.4,69.0,54,Umerkot,2026-07-23 16:34:56.886994+00:00
2026-07-18 03:00:00,26.0,32,1009.1,7.4,334,0.0,6.5,7.7,92.0,0.0,0.4,70.0,54,Umerkot,2026-07-23 16:34:56.886994+00:00
2026-07-18 04:00:00,25.3,34,1009.0,5.2,301,0.0,6.7,7.9,92.0,0.0,0.4,70.0,54,Umerkot,2026-07-23 16:34:56.886994+00:00
2026-07-18 05:00:00,24.8,36,1008.7,7.0,230,0.0,6.7,7.9,93.0,0.1,0.4,70.0,54,Umerkot,2026-07-23 16:34:56.886994+00:00
2026-07-18 06:00:00,24.2,37,1008.6,9.1,214,0.0,7.2,8.9,94.0,0.1,0.4,73.0,55,Umerkot,2026-07-23 16:34:56.886994+00:00
2026-07-18 07:00:00,23.7,38,1008.8,9.5,226,0.0,12.6,28.7,95.0,0.1,0.4,81.0,55,Umerkot,2026-07-23 16:34:56.886994+00:00
2026-07-18 08:00:00,25.9,33,1009.2,6.8,233,0.0,20.2,81.3,97.0,0.0,0.5,91.0,55,Umerkot,2026-07-23 16:34:56.886994+00:00
2026-07-18 09:00:00,29.7,26,1009.5,5.8,250,0.0,21.5,93.6,98.0,0.0,0.5,99.0,56,Umerkot,2026-07-23 16:34:56.886994+00:00
2026-07-18 10:00:00,32.0,25,1009.6,7.9,287,0.0,21.2,93.8,98.0,0.0,0.5,101.0,56,Umerkot,2026-07-23 16:34:56.886994+00:00
2026-07-18 11:00:00,33.2,25,1009.7,10.5,308,0.0,20.4,89.2,98.0,0.1,0.5,99.0,57,Umerkot,2026-07-23 16:34:56.886994+00:00
2026-07-18 12:00:00,34.5,23,1009.8,12.3,310,0.0,16.8,80.6,98.0,0.1,0.5,96.0,58,Umerkot,2026-07-23 16:34:56.886994+00:00
2026-07-18 13:00:00,35.6,22,1009.2,12.8,309,0.0,16.1,78.0,98.0,0.1,0.5,98.0,58,Umerkot,2026-07-23 16:34:56.886994+00:00
2026-07-18 14:00:00,36.4,20,1008.8,12.9,307,0.0,16.1,80.6,97.0,0.1,0.4,100.0,58,Umerkot,2026-07-23 16:34:56.886994+00:00
2026-07-18 15:00:00,37.3,19,1008.1,14.1,304,0.0,17.3,89.4,97.0,0.1,0.4,101.0,58,Umerkot,2026-07-23 16:34:56.886994+00:00
2026-07-18 16:00:00,37.9,18,1007.7,13.5,295,0.0,19.1,101.7,97.0,0.1,0.4,101.0,58,Umerkot,2026-07-23 16:34:56.886994+00:00
2026-07-18 17:00:00,38.0,16,1007.1,13.5,286,0.0,20.9,114.3,98.0,0.1,0.4,100.0,57,Umerkot,2026-07-23 16:34:56.886994+00:00
2026-07-18 18:00:00,37.8,16,1006.5,12.2,294,0.0,23.0,127.1,98.0,0.1,0.4,98.0,57,Umerkot,2026-07-23 16:34:56.886994+00:00
2026-07-18 19:00:00,37.4,15,1006.4,9.1,309,0.0,24.4,129.9,98.0,0.1,0.4,94.0,58,Umerkot,2026-07-23 16:34:56.886994+00:00
2026-07-18 20:00:00,36.2,19,1006.8,26.7,337,0.0,24.7,122.9,97.0,0.1,0.5,89.0,58,Umerkot,2026-07-23 16:34:56.886994+00:00
2026-07-18 21:00:00,35.6,20,1007.5,20.6,330,0.0,22.2,100.6,97.0,0.1,0.5,83.0,59,Umerkot,2026-07-23 16:34:56.886994+00:00
2026-07-18 22:00:00,35.2,21,1008.1,17.9,347,0.0,16.8,55.9,97.0,0.1,0.5,77.0,61,Umerkot,2026-07-23 16:34:56.886994+00:00
2026-07-18 23:00:00,34.0,23,1008.8,16.4,355,0.0,14.3,38.0,96.0,0.0,0.6,71.0,62,Umerkot,2026-07-23 16:34:56.886994+00:00
2026-07-19 00:00:00,32.9,25,1009.1,17.7,358,0.0,14.6,40.6,96.0,0.0,0.6,69.0,62,Umerkot,2026-07-23 16:34:56.886994+00:00
2026-07-19 01:00:00,31.7,26,1009.3,18.0,352,0.0,14.8,40.5,95.0,0.0,0.6,66.0,63,Umerkot,2026-07-23 16:34:56.886994+00:00
2026-07-19 02:00:00,30.5,26,1009.3,16.8,351,0.0,15.1,41.7,94.0,0.0,0.6,62.0,64,Umerkot,2026-07-23 16:34:56.886994+00:00
2026-07-19 03:00:00,29.2,29,1008.8,10.8,360,0.0,15.5,44.0,93.0,0.0,0.6,60.0,64,Umerkot,2026-07-23 16:34:56.886994+00:00
2026-07-19 04:00:00,28.0,31,1008.9,7.4,359,0.0,15.9,46.8,93.0,0.0,0.6,60.0,65,Umerkot,2026-07-23 16:34:56.886994+00:00
2026-07-19 05:00:00,27.0,34,1009.0,6.6,349,0.0,15.9,46.4,93.0,0.0,0.6,62.0,66,Umerkot,2026-07-23 16:34:56.886994+00:00
2026-07-19 06:00:00,26.2,35,1009.5,6.5,328,0.0,16.7,54.4,94.0,0.0,0.6,66.0,67,Umerkot,2026-07-23 16:34:56.886994+00:00
2026-07-19 07:00:00,25.7,37,1010.1,6.0,303,0.0,17.1,60.5,95.0,0.0,0.6,73.0,67,Umerkot,2026-07-23 16:34:56.886994+00:00
2026-07-19 08:00:00,27.4,33,1010.4,2.7,293,0.0,18.1,78.5,97.0,0.0,0.5,81.0,68,Umerkot,2026-07-23 16:34:56.886994+00:00
2026-07-19 09:00:00,30.0,28,1010.8,0.2,180,0.0,19.6,96.2,98.0,0.0,0.5,88.0,67,Umerkot,2026-07-23 16:34:56.886994+00:00
2026-07-19 10:00:00,32.6,23,1010.9,3.3,103,0.0,20.8,109.2,98.0,0.0,0.5,90.0,67,Umerkot,2026-07-23 16:34:56.886994+00:00
2026-07-19 11:00:00,34.6,22,1010.7,2.6,146,0.0,20.9,112.5,98.0,0.1,0.4,91.0,67,Umerkot,2026-07-23 16:34:56.886994+00:00
2026-07-19 12:00:00,35.9,21,1010.8,4.0,219,0.0,19.9,108.3,97.0,0.1,0.4,91.0,67,Umerkot,2026-07-23 16:34:56.886994+00:00
2026-07-19 13:00:00,37.4,19,1010.0,6.1,223,0.0,20.0,108.3,97.0,0.1,0.4,92.0,68,Umerkot,2026-07-23 16:34:56.886994+00:00
2026-07-19 14:00:00,38.4,17,1009.5,6.4,225,0.0,20.5,110.6,96.0,0.1,0.3,93.0,68,Umerkot,2026-07-23 16:34:56.886994+00:00
2026-07-19 15:00:00,38.1,15,1009.1,6.2,188,0.0,21.6,115.5,96.0,0.1,0.3,94.0,68,Umerkot,2026-07-23 16:34:56.886994+00:00
2026-07-19 16:00:00,38.5,15,1008.7,9.4,222,0.0,21.4,113.4,96.0,0.1,0.3,94.0,69,Umerkot,2026-07-23 16:34:56.886994+00:00
2026-07-19 17:00:00,38.3,15,1008.8,13.8,244,0.0,20.3,106.2,96.0,0.1,0.3,94.0,69,Umerkot,2026-07-23 16:34:56.886994+00:00
2026-07-19 18:00:00,38.1,15,1008.5,11.0,256,0.0,18.1,89.6,96.0,0.1,0.3,92.0,69,Umerkot,2026-07-23 16:34:56.886994+00:00
2026-07-19 19:00:00,37.5,15,1008.6,5.0,268,0.0,14.5,61.7,96.0,0.1,0.3,88.0,68,Umerkot,2026-07-23 16:34:56.886994+00:00
2026-07-19 20:00:00,36.9,16,1008.6,2.7,274,0.0,11.6,42.7,95.0,0.1,0.3,82.0,68,Umerkot,2026-07-23 16:34:56.886994+00:00
2026-07-19 21:00:00,36.1,18,1008.6,5.3,308,0.0,9.5,30.7,95.0,0.1,0.3,76.0,67,Umerkot,2026-07-23 16:34:56.886994+00:00
2026-07-19 22:00:00,35.4,17,1009.2,15.8,348,0.0,8.4,24.4,95.0,0.1,0.3,71.0,66,Umerkot,2026-07-23 16:34:56.886994+00:00
2026-07-19 23:00:00,33.8,20,1010.0,16.6,19,0.0,8.5,23.7,94.0,0.0,0.4,67.0,65,Umerkot,2026-07-23 16:34:56.886994+00:00
2026-07-20 00:00:00,32.7,21,1010.2,17.0,22,0.0,10.2,29.2,94.0,0.0,0.4,64.0,64,Umerkot,2026-07-23 16:34:56.886994+00:00
2026-07-20 01:00:00,31.4,22,1010.4,13.0,25,0.0,9.9,27.2,94.0,0.0,0.4,63.0,64,Umerkot,2026-07-23 16:34:56.886994+00:00
2026-07-20 02:00:00,30.4,22,1010.2,12.5,32,0.0,9.3,23.5,94.0,0.0,0.5,61.0,64,Umerkot,2026-07-23 16:34:56.886994+00:00
2026-07-20 03:00:00,29.8,23,1009.9,16.9,38,0.0,8.7,20.8,94.0,0.0,0.5,61.0,63,Umerkot,2026-07-23 16:34:56.886994+00:00
2026-07-20 04:00:00,28.9,25,1010.2,15.9,45,0.0,8.4,20.7,94.0,0.0,0.5,62.0,63,Umerkot,2026-07-23 16:34:56.886994+00:00
2026-07-20 05:00:00,27.8,27,1010.7,15.2,47,0.0,8.3,20.4,94.0,0.0,0.5,64.0,62,Umerkot,2026-07-23 16:34:56.886994+00:00
2026-07-20 06:00:00,27.0,30,1011.1,14.7,47,0.0,9.5,29.1,94.0,0.0,0.5,67.0,62,Umerkot,2026-07-23 16:34:56.886994+00:00
2026-07-20 07:00:00,26.5,32,1011.6,16.2,58,0.0,10.8,37.7,95.0,0.0,0.5,73.0,61,Umerkot,2026-07-23 16:34:56.886994+00:00
2026-07-20 08:00:00,27.9,30,1012.0,13.9,66,0.0,11.5,42.6,95.0,0.0,0.5,82.0,60,Umerkot,2026-07-23 16:34:56.886994+00:00
2026-07-20 09:00:00,30.6,26,1012.2,16.3,70,0.0,12.3,49.5,96.0,0.0,0.5,87.0,60,Umerkot,2026-07-23 16:34:56.886994+00:00
2026-07-20 10:00:00,33.0,23,1012.1,19.9,70,0.0,13.6,58.2,96.0,0.0,0.5,87.0,59,Umerkot,2026-07-23 16:34:56.886994+00:00
2026-07-20 11:00:00,35.2,20,1011.8,24.5,70,0.0,14.0,60.5,95.0,0.0,0.4,85.0,59,Umerkot,2026-07-23 16:34:56.886994+00:00
2026-07-20 12:00:00,36.9,17,1011.5,24.0,72,0.0,12.8,54.1,95.0,0.0,0.4,84.0,58,Umerkot,2026-07-23 16:34:56.886994+00:00
2026-07-20 13:00:00,38.1,15,1011.2,21.6,72,0.0,12.4,52.0,95.0,0.0,0.4,85.0,58,Umerkot,2026-07-23 16:34:56.886994+00:00
2026-07-20 14:00:00,38.9,14,1010.6,18.1,69,0.0,12.2,50.8,95.0,0.1,0.3,86.0,57,Umerkot,2026-07-23 16:34:56.886994+00:00
2026-07-20 15:00:00,39.0,14,1010.2,14.8,56,0.0,12.3,50.1,95.0,0.1,0.3,86.0,56,Umerkot,2026-07-23 16:34:56.886994+00:00
2026-07-20 16:00:00,39.6,13,1010.0,10.6,48,0.0,12.2,48.4,95.0,0.1,0.3,84.0,56,Umerkot,2026-07-23 16:34:56.886994+00:00
2026-07-20 17:00:00,39.5,13,1009.6,8.5,46,0.0,12.0,45.9,94.0,0.1,0.4,82.0,55,Umerkot,2026-07-23 16:34:56.886994+00:00
2026-07-20 18:00:00,39.2,13,1009.1,10.4,42,0.0,11.4,40.2,94.0,0.1,0.4,80.0,54,Umerkot,2026-07-23 16:34:56.886994+00:00
2026-07-20 19:00:00,38.5,13,1009.2,14.7,35,0.0,10.2,35.6,94.0,0.1,0.4,79.0,54,Umerkot,2026-07-23 16:34:56.886994+00:00
2026-07-20 20:00:00,37.5,14,1009.4,22.4,28,0.0,8.8,31.4,94.0,0.0,0.4,79.0,53,Umerkot,2026-07-23 16:34:56.886994+00:00
2026-07-20 21:00:00,36.1,16,1009.5,24.8,18,0.0,7.7,27.2,94.0,0.0,0.4,78.0,53,Umerkot,2026-07-23 16:34:56.886994+00:00
2026-07-20 22:00:00,34.8,17,1010.0,24.6,18,0.0,7.0,23.1,94.0,0.0,0.4,76.0,53,Umerkot,2026-07-23 16:34:56.886994+00:00
2026-07-20 23:00:00,33.7,19,1010.6,21.6,22,0.0,6.6,19.3,94.0,0.0,0.3,74.0,53,Umerkot,2026-07-23 16:34:56.886994+00:00
2026-07-21 00:00:00,32.8,20,1010.4,20.1,32,0.0,7.0,16.7,94.0,0.0,0.3,73.0,53,Umerkot,2026-07-23 16:34:56.886994+00:00
2026-07-21 01:00:00,32.0,21,1010.3,18.4,36,0.0,7.3,16.8,93.0,0.0,0.3,70.0,53,Umerkot,2026-07-23 16:34:56.886994+00:00
2026-07-21 02:00:00,31.0,21,1010.1,17.8,38,0.0,7.8,17.4,93.0,0.0,0.3,67.0,52,Umerkot,2026-07-23 16:34:56.886994+00:00
2026-07-21 03:00:00,30.3,20,1009.7,18.7,36,0.0,8.3,19.3,92.0,0.0,0.3,64.0,52,Umerkot,2026-07-23 16:34:56.886994+00:00
2026-07-21 04:00:00,29.1,21,1010.0,14.9,28,0.0,9.1,23.4,92.0,0.0,0.3,63.0,52,Umerkot,2026-07-23 16:34:56.886994+00:00
2026-07-21 05:00:00,27.5,24,1010.4,12.4,3,0.0,10.1,28.5,92.0,0.1,0.3,62.0,52,Umerkot,2026-07-23 16:34:56.886994+00:00
2026-07-21 06:00:00,26.2,27,1010.9,10.3,15,0.0,11.5,35.6,93.0,0.1,0.3,65.0,52,Umerkot,2026-07-23 16:34:56.886994+00:00
2026-07-21 07:00:00,25.5,29,1011.5,9.7,22,0.0,13.4,45.4,94.0,0.1,0.3,73.0,53,Umerkot,2026-07-23 16:34:56.886994+00:00
2026-07-21 08:00:00,27.3,27,1012.0,7.5,42,0.0,13.7,47.0,94.0,0.0,0.4,83.0,53,Umerkot,2026-07-23 16:34:56.886994+00:00
2026-07-21 09:00:00,30.0,24,1012.3,9.3,77,0.0,12.3,41.0,95.0,0.0,0.4,91.0,53,Umerkot,2026-07-23 16:34:56.886994+00:00
2026-07-21 10:00:00,32.6,20,1012.6,11.9,76,0.0,11.4,38.1,95.0,0.0,0.4,92.0,53,Umerkot,2026-07-23 16:34:56.886994+00:00
2026-07-21 11:00:00,34.7,18,1012.2,14.9,72,0.0,11.1,38.5,95.0,0.0,0.3,91.0,53,Umerkot,2026-07-23 16:34:56.886994+00:00
2026-07-21 12:00:00,36.4,16,1012.1,17.2,67,0.0,7.5,27.0,95.0,0.0,0.3,88.0,53,Umerkot,2026-07-23 16:34:56.886994+00:00
2026-07-21 13:00:00,37.6,15,1011.4,14.9,59,0.0,7.3,26.4,95.0,0.0,0.3,88.0,52,Umerkot,2026-07-23 16:34:56.886994+00:00
2026-07-21 14:00:00,38.5,14,1010.9,12.6,46,0.0,7.1,26.0,94.0,0.0,0.3,87.0,52,Umerkot,2026-07-23 16:34:56.886994+00:00
2026-07-21 15:00:00,38.9,14,1010.1,13.9,29,0.0,6.9,25.6,94.0,0.0,0.3,87.0,51,Umerkot,2026-07-23 16:34:56.886994+00:00
2026-07-21 16:00:00,39.3,13,1009.7,14.9,18,0.0,6.8,25.6,94.0,0.0,0.3,86.0,51,Umerkot,2026-07-23 16:34:56.886994+00:00
2026-07-21 17:00:00,39.2,13,1009.6,16.5,11,0.0,6.8,25.6,94.0,0.1,0.4,86.0,50,Umerkot,2026-07-23 16:34:56.886994+00:00
2026-07-21 18:00:00,38.7,13,1009.2,18.2,5,0.0,6.9,24.5,94.0,0.1,0.4,85.0,50,Umerkot,2026-07-23 16:34:56.886994+00:00
2026-07-21 19:00:00,38.0,14,1009.4,18.4,3,0.0,7.5,24.7,94.0,0.1,0.4,84.0,49,Umerkot,2026-07-23 16:34:56.886994+00:00
2026-07-21 20:00:00,37.0,15,1009.8,17.5,9,0.0,8.4,26.0,94.0,0.0,0.5,82.0,49,Umerkot,2026-07-23 16:34:56.886994+00:00
2026-07-21 21:00:00,35.9,16,1010.2,20.3,17,0.0,9.2,26.3,94.0,0.0,0.5,81.0,48,Umerkot,2026-07-23 16:34:56.886994+00:00
2026-07-21 22:00:00,34.4,18,1010.7,23.1,23,0.0,9.3,24.4,94.0,0.0,0.5,80.0,49,Umerkot,2026-07-23 16:34:56.886994+00:00
2026-07-21 23:00:00,33.4,19,1010.9,23.0,27,0.0,8.5,21.4,94.0,0.0,0.5,79.0,49,Umerkot,2026-07-23 16:34:56.886994+00:00
